from,text,originalHref,href,kind,sourceStatus,sourcePath
/,/,/,/,internal,200,/
/,All tours,/all-tours,/all-tours,internal,200,/all-tours
/,https://t.me/mototourvietnam,https://t.me/mototourvietnam,https://t.me/mototourvietnam,external,,
/,https://www.instagram.com/enduro.vietnam,https://www.instagram.com/enduro.vietnam,https://www.instagram.com/enduro.vietnam,external,,
/,https://wa.me/79994564498,https://wa.me/79994564498,https://wa.me/79994564498,external,,
/,/,/,/,internal,200,/
/,"DalatHighlands with a mild climate and pine forests. There is no dense undergrowth, so you can freely leave the trails and make your way through the forest. Long climbs, clean mountain air, and high-speed rides on a ""carpet"" of needles await you. We also recommend hiking Langbiang Mountain and karting.See more details",/dalat,/dalat,internal,200,/dalat
/,See more details,/dalat,/dalat,internal,200,/dalat
/,"Nha TrangRoutes through real jungles to hidden waterfalls. You will walk through rocky areas and mountain riverbeds, see the wild nature of Vietnam from the inside, and climb to observation points with panoramic views of the entire bay and coastal islands. Nha Trang is also ideal for diving, SUP, and beach relaxation.See more details",/nhatrang,/nhatrang,internal,200,/nhatrang
/,See more details,/nhatrang,/nhatrang,internal,200,/nhatrang
/,"Da NangA stunning combination of mountains and ocean. Ride through the legendary Hai Van Pass, explore the caves of the Marble Mountains, and catch the sunrise on Son Tra Peninsula among wild monkeys. Da Nang is a top spot for surfing at My Khe Beach, paragliding, and active cycling along the coast.See more details",/danang,/danang,internal,200,/danang
/,See more details,/danang,/danang,internal,200,/danang
/,"Mui NeDesert landscapes. Huge expanses of white and red dunes, riding along the ocean's edge, and high-speed sections. A unique experience of riding a bike on deep sand surrounded by incredible views like in the game GTA. You can also master kitesurfing, surfing, or driving quad bikes in this city.See more details",/muine,/muine,internal,200,/muine
/,See more details,/muine,/muine,internal,200,/muine
/,Watch more tours,https://enduro-vietnam.com/all-tours/,/all-tours,internal,200,/all-tours
/,/all-tours/dalat-enduro-tour-one-day,https://enduro-vietnam.com/all-tours/dalat-enduro-tour-one-day,/all-tours/dalat-enduro-tour-one-day,internal,200,/all-tours/dalat-enduro-tour-one-day
/,READ MORE,https://enduro-vietnam.com/all-tours/dalat-enduro-tour-one-day,/all-tours/dalat-enduro-tour-one-day,internal,200,/all-tours/dalat-enduro-tour-one-day
/,/all-tours/dalat-enduro-tour-advanced,https://enduro-vietnam.com/all-tours/dalat-enduro-tour-advanced,/all-tours/dalat-enduro-tour-advanced,internal,200,/all-tours/dalat-enduro-tour-advanced
/,READ MORE,https://enduro-vietnam.com/all-tours/dalat-enduro-tour-advanced,/all-tours/dalat-enduro-tour-advanced,internal,200,/all-tours/dalat-enduro-tour-advanced
/,/all-tours/dalat-enduro-tour-two-day,https://enduro-vietnam.com/all-tours/dalat-enduro-tour-two-day,/all-tours/dalat-enduro-tour-two-day,internal,200,/all-tours/dalat-enduro-tour-two-day
/,READ MORE,https://enduro-vietnam.com/all-tours/dalat-enduro-tour-two-day,/all-tours/dalat-enduro-tour-two-day,internal,200,/all-tours/dalat-enduro-tour-two-day
/,/all-tours/three-day-tour-dalat-nhatrang,https://enduro-vietnam.com/all-tours/three-day-tour-dalat-nhatrang,/all-tours/three-day-tour-dalat-nhatrang,internal,200,/all-tours/three-day-tour-dalat-nhatrang
/,READ MORE,https://enduro-vietnam.com/all-tours/three-day-tour-dalat-nhatrang,/all-tours/three-day-tour-dalat-nhatrang,internal,200,/all-tours/three-day-tour-dalat-nhatrang
/,/all-tours/three-day-tour-dalat-muine,https://enduro-vietnam.com/all-tours/three-day-tour-dalat-muine,/all-tours/three-day-tour-dalat-muine,internal,200,/all-tours/three-day-tour-dalat-muine
/,READ MORE,https://enduro-vietnam.com/all-tours/three-day-tour-dalat-muine,/all-tours/three-day-tour-dalat-muine,internal,200,/all-tours/three-day-tour-dalat-muine
/,/all-tours/dalat-easy-rider-enduro-beginners,https://enduro-vietnam.com/all-tours/dalat-easy-rider-enduro-beginners,/all-tours/dalat-easy-rider-enduro-beginners,internal,200,/all-tours/dalat-easy-rider-enduro-beginners
/,READ MORE,https://enduro-vietnam.com/all-tours/dalat-easy-rider-enduro-beginners,/all-tours/dalat-easy-rider-enduro-beginners,internal,200,/all-tours/dalat-easy-rider-enduro-beginners
/,/all-tours/nhatrang-enduro-tour-one-day,https://enduro-vietnam.com/all-tours/nhatrang-enduro-tour-one-day,/all-tours/nhatrang-enduro-tour-one-day,internal,200,/all-tours/nhatrang-enduro-tour-one-day
/,READ MORE,https://enduro-vietnam.com/all-tours/nhatrang-enduro-tour-one-day,/all-tours/nhatrang-enduro-tour-one-day,internal,200,/all-tours/nhatrang-enduro-tour-one-day
/,/all-tours/nhatrang-enduro-tour-advanced,https://enduro-vietnam.com/all-tours/nhatrang-enduro-tour-advanced,/all-tours/nhatrang-enduro-tour-advanced,internal,200,/all-tours/nhatrang-enduro-tour-advanced
/,READ MORE,https://enduro-vietnam.com/all-tours/nhatrang-enduro-tour-advanced,/all-tours/nhatrang-enduro-tour-advanced,internal,200,/all-tours/nhatrang-enduro-tour-advanced
/,/all-tours/motorbike-tour-south-vietnam-4-days,https://enduro-vietnam.com/all-tours/motorbike-tour-south-vietnam-4-days,/all-tours/motorbike-tour-south-vietnam-4-days,internal,200,/all-tours/motorbike-tour-south-vietnam-4-days
/,READ MORE,https://enduro-vietnam.com/all-tours/motorbike-tour-south-vietnam-4-days,/all-tours/motorbike-tour-south-vietnam-4-days,internal,200,/all-tours/motorbike-tour-south-vietnam-4-days
/,Watch more tours,https://enduro-vietnam.com/all-tours/,/all-tours,internal,200,/all-tours
/,TO BOOK,https://t.me/mototourvietnam,https://t.me/mototourvietnam,external,,
/,READ MORE,https://enduro-vietnam.com/all-tours/dalat-enduro-tour-one-day,/all-tours/dalat-enduro-tour-one-day,internal,200,/all-tours/dalat-enduro-tour-one-day
/,TO BOOK,https://t.me/mototourvietnam,https://t.me/mototourvietnam,external,,
/,READ MORE,https://enduro-vietnam.com/all-tours/dalat-enduro-tour-advanced,/all-tours/dalat-enduro-tour-advanced,internal,200,/all-tours/dalat-enduro-tour-advanced
/,TO BOOK,https://t.me/mototourvietnam,https://t.me/mototourvietnam,external,,
/,READ MORE,https://enduro-vietnam.com/all-tours/dalat-enduro-tour-two-day,/all-tours/dalat-enduro-tour-two-day,internal,200,/all-tours/dalat-enduro-tour-two-day
/,TO BOOK,https://t.me/mototourvietnam,https://t.me/mototourvietnam,external,,
/,READ MORE,https://enduro-vietnam.com/all-tours/three-day-tour-dalat-nhatrang,/all-tours/three-day-tour-dalat-nhatrang,internal,200,/all-tours/three-day-tour-dalat-nhatrang
/,TO BOOK,https://t.me/mototourvietnam,https://t.me/mototourvietnam,external,,
/,READ MORE,https://enduro-vietnam.com/all-tours/three-day-tour-dalat-muine,/all-tours/three-day-tour-dalat-muine,internal,200,/all-tours/three-day-tour-dalat-muine
/,TO BOOK,https://t.me/mototourvietnam,https://t.me/mototourvietnam,external,,
/,READ MORE,https://enduro-vietnam.com/all-tours/dalat-easy-rider-enduro-beginners,/all-tours/dalat-easy-rider-enduro-beginners,internal,200,/all-tours/dalat-easy-rider-enduro-beginners
/,TO BOOK,https://t.me/mototourvietnam,https://t.me/mototourvietnam,external,,
/,READ MORE,https://enduro-vietnam.com/all-tours/nhatrang-enduro-tour-one-day,/all-tours/nhatrang-enduro-tour-one-day,internal,200,/all-tours/nhatrang-enduro-tour-one-day
/,TO BOOK,https://t.me/mototourvietnam,https://t.me/mototourvietnam,external,,
/,READ MORE,https://enduro-vietnam.com/all-tours/nhatrang-enduro-tour-advanced,/all-tours/nhatrang-enduro-tour-advanced,internal,200,/all-tours/nhatrang-enduro-tour-advanced
/,TO BOOK,https://t.me/mototourvietnam,https://t.me/mototourvietnam,external,,
/,READ MORE,https://enduro-vietnam.com/all-tours/motorbike-tour-south-vietnam-4-days,/all-tours/motorbike-tour-south-vietnam-4-days,internal,200,/all-tours/motorbike-tour-south-vietnam-4-days
/,TO BOOK,https://t.me/mototourvietnam,https://t.me/mototourvietnam,external,,
/,READ MORE,https://enduro-vietnam.com/all-tours/5-day-motorbike-tour-from-saigon-ho-chi-minh-city,/all-tours/5-day-motorbike-tour-from-saigon-ho-chi-minh-city,internal,200,/all-tours/5-day-motorbike-tour-from-saigon-ho-chi-minh-city
/,TO BOOK,https://t.me/mototourvietnam,https://t.me/mototourvietnam,external,,
/,READ MORE,https://enduro-vietnam.com/all-tours/mekong-delta-and-coastline-vietnam-motorbike-tour-6-days,/all-tours/mekong-delta-and-coastline-vietnam-motorbike-tour-6-days,internal,200,/all-tours/mekong-delta-and-coastline-vietnam-motorbike-tour-6-days
/,TO BOOK,https://t.me/mototourvietnam,https://t.me/mototourvietnam,external,,
/,READ MORE,https://enduro-vietnam.com/all-tours/motorcycle-tour-on-coastline-and-highlands-vietnam-7-days,/all-tours/motorcycle-tour-on-coastline-and-highlands-vietnam-7-days,internal,200,/all-tours/motorcycle-tour-on-coastline-and-highlands-vietnam-7-days
/,TO BOOK,https://t.me/mototourvietnam,https://t.me/mototourvietnam,external,,
/,READ MORE,https://enduro-vietnam.com/all-tours/saigon-motorbike-tour-10-days,/all-tours/saigon-motorbike-tour-10-days,internal,200,/all-tours/saigon-motorbike-tour-10-days
/,TO BOOK,https://t.me/mototourvietnam,https://t.me/mototourvietnam,external,,
/,READ MORE,https://enduro-vietnam.com/all-tours/south-vietnam-motorbike-tour-7-days,/all-tours/south-vietnam-motorbike-tour-7-days,internal,200,/all-tours/south-vietnam-motorbike-tour-7-days
/,/all-tours/dalat-enduro-tour-one-day,https://enduro-vietnam.com/all-tours/dalat-enduro-tour-one-day,/all-tours/dalat-enduro-tour-one-day,internal,200,/all-tours/dalat-enduro-tour-one-day
/,READ MORE,https://enduro-vietnam.com/all-tours/dalat-enduro-tour-one-day,/all-tours/dalat-enduro-tour-one-day,internal,200,/all-tours/dalat-enduro-tour-one-day
/,/all-tours/dalat-enduro-tour-advanced,https://enduro-vietnam.com/all-tours/dalat-enduro-tour-advanced,/all-tours/dalat-enduro-tour-advanced,internal,200,/all-tours/dalat-enduro-tour-advanced
/,READ MORE,https://enduro-vietnam.com/all-tours/dalat-enduro-tour-advanced,/all-tours/dalat-enduro-tour-advanced,internal,200,/all-tours/dalat-enduro-tour-advanced
/,/all-tours/dalat-enduro-tour-two-day,https://enduro-vietnam.com/all-tours/dalat-enduro-tour-two-day,/all-tours/dalat-enduro-tour-two-day,internal,200,/all-tours/dalat-enduro-tour-two-day
/,READ MORE,https://enduro-vietnam.com/all-tours/dalat-enduro-tour-two-day,/all-tours/dalat-enduro-tour-two-day,internal,200,/all-tours/dalat-enduro-tour-two-day
/,/all-tours/three-day-tour-dalat-nhatrang,https://enduro-vietnam.com/all-tours/three-day-tour-dalat-nhatrang,/all-tours/three-day-tour-dalat-nhatrang,internal,200,/all-tours/three-day-tour-dalat-nhatrang
/,READ MORE,https://enduro-vietnam.com/all-tours/three-day-tour-dalat-nhatrang,/all-tours/three-day-tour-dalat-nhatrang,internal,200,/all-tours/three-day-tour-dalat-nhatrang
/,/all-tours/three-day-tour-dalat-muine,https://enduro-vietnam.com/all-tours/three-day-tour-dalat-muine,/all-tours/three-day-tour-dalat-muine,internal,200,/all-tours/three-day-tour-dalat-muine
/,READ MORE,https://enduro-vietnam.com/all-tours/three-day-tour-dalat-muine,/all-tours/three-day-tour-dalat-muine,internal,200,/all-tours/three-day-tour-dalat-muine
/,/all-tours/dalat-easy-rider-enduro-beginners,https://enduro-vietnam.com/all-tours/dalat-easy-rider-enduro-beginners,/all-tours/dalat-easy-rider-enduro-beginners,internal,200,/all-tours/dalat-easy-rider-enduro-beginners
/,READ MORE,https://enduro-vietnam.com/all-tours/dalat-easy-rider-enduro-beginners,/all-tours/dalat-easy-rider-enduro-beginners,internal,200,/all-tours/dalat-easy-rider-enduro-beginners
/,/all-tours/nhatrang-enduro-tour-one-day,https://enduro-vietnam.com/all-tours/nhatrang-enduro-tour-one-day,/all-tours/nhatrang-enduro-tour-one-day,internal,200,/all-tours/nhatrang-enduro-tour-one-day
/,READ MORE,https://enduro-vietnam.com/all-tours/nhatrang-enduro-tour-one-day,/all-tours/nhatrang-enduro-tour-one-day,internal,200,/all-tours/nhatrang-enduro-tour-one-day
/,/all-tours/nhatrang-enduro-tour-advanced,https://enduro-vietnam.com/all-tours/nhatrang-enduro-tour-advanced,/all-tours/nhatrang-enduro-tour-advanced,internal,200,/all-tours/nhatrang-enduro-tour-advanced
/,READ MORE,https://enduro-vietnam.com/all-tours/nhatrang-enduro-tour-advanced,/all-tours/nhatrang-enduro-tour-advanced,internal,200,/all-tours/nhatrang-enduro-tour-advanced
/,/all-tours/motorbike-tour-south-vietnam-4-days,https://enduro-vietnam.com/all-tours/motorbike-tour-south-vietnam-4-days,/all-tours/motorbike-tour-south-vietnam-4-days,internal,200,/all-tours/motorbike-tour-south-vietnam-4-days
/,READ MORE,https://enduro-vietnam.com/all-tours/motorbike-tour-south-vietnam-4-days,/all-tours/motorbike-tour-south-vietnam-4-days,internal,200,/all-tours/motorbike-tour-south-vietnam-4-days
/,/all-tours/5-day-motorbike-tour-from-saigon-ho-chi-minh-city,https://enduro-vietnam.com/all-tours/5-day-motorbike-tour-from-saigon-ho-chi-minh-city,/all-tours/5-day-motorbike-tour-from-saigon-ho-chi-minh-city,internal,200,/all-tours/5-day-motorbike-tour-from-saigon-ho-chi-minh-city
/,READ MORE,https://enduro-vietnam.com/all-tours/5-day-motorbike-tour-from-saigon-ho-chi-minh-city,/all-tours/5-day-motorbike-tour-from-saigon-ho-chi-minh-city,internal,200,/all-tours/5-day-motorbike-tour-from-saigon-ho-chi-minh-city
/,/all-tours/mekong-delta-and-coastline-vietnam-motorbike-tour-6-days,https://enduro-vietnam.com/all-tours/mekong-delta-and-coastline-vietnam-motorbike-tour-6-days,/all-tours/mekong-delta-and-coastline-vietnam-motorbike-tour-6-days,internal,200,/all-tours/mekong-delta-and-coastline-vietnam-motorbike-tour-6-days
/,READ MORE,https://enduro-vietnam.com/all-tours/mekong-delta-and-coastline-vietnam-motorbike-tour-6-days,/all-tours/mekong-delta-and-coastline-vietnam-motorbike-tour-6-days,internal,200,/all-tours/mekong-delta-and-coastline-vietnam-motorbike-tour-6-days
/,/all-tours/motorcycle-tour-on-coastline-and-highlands-vietnam-7-days,https://enduro-vietnam.com/all-tours/motorcycle-tour-on-coastline-and-highlands-vietnam-7-days,/all-tours/motorcycle-tour-on-coastline-and-highlands-vietnam-7-days,internal,200,/all-tours/motorcycle-tour-on-coastline-and-highlands-vietnam-7-days
/,READ MORE,https://enduro-vietnam.com/all-tours/motorcycle-tour-on-coastline-and-highlands-vietnam-7-days,/all-tours/motorcycle-tour-on-coastline-and-highlands-vietnam-7-days,internal,200,/all-tours/motorcycle-tour-on-coastline-and-highlands-vietnam-7-days
/,/all-tours/saigon-motorbike-tour-10-days,https://enduro-vietnam.com/all-tours/saigon-motorbike-tour-10-days,/all-tours/saigon-motorbike-tour-10-days,internal,200,/all-tours/saigon-motorbike-tour-10-days
/,READ MORE,https://enduro-vietnam.com/all-tours/saigon-motorbike-tour-10-days,/all-tours/saigon-motorbike-tour-10-days,internal,200,/all-tours/saigon-motorbike-tour-10-days
/,/all-tours/south-vietnam-motorbike-tour-7-days,https://enduro-vietnam.com/all-tours/south-vietnam-motorbike-tour-7-days,/all-tours/south-vietnam-motorbike-tour-7-days,internal,200,/all-tours/south-vietnam-motorbike-tour-7-days
/,READ MORE,https://enduro-vietnam.com/all-tours/south-vietnam-motorbike-tour-7-days,/all-tours/south-vietnam-motorbike-tour-7-days,internal,200,/all-tours/south-vietnam-motorbike-tour-7-days
/,https://t.me/mototourvietnam,https://t.me/mototourvietnam,https://t.me/mototourvietnam,external,,
/,https://www.instagram.com/enduro.vietnam,https://www.instagram.com/enduro.vietnam,https://www.instagram.com/enduro.vietnam,external,,
/,https://wa.me/79994564498,https://wa.me/79994564498,https://wa.me/79994564498,external,,
/,https://t.me/mototourvietnam,https://t.me/mototourvietnam,https://t.me/mototourvietnam,external,,
/,https://www.instagram.com/enduro.vietnam,https://www.instagram.com/enduro.vietnam,https://www.instagram.com/enduro.vietnam,external,,
/,https://wa.me/79994564498,https://wa.me/79994564498,https://wa.me/79994564498,external,,
/,https://t.me/mototourvietnam,https://t.me/mototourvietnam,https://t.me/mototourvietnam,external,,
/,https://www.instagram.com/enduro.vietnam,https://www.instagram.com/enduro.vietnam,https://www.instagram.com/enduro.vietnam,external,,
/,https://wa.me/79994564498,https://wa.me/79994564498,https://wa.me/79994564498,external,,
/,https://t.me/mototourvietnam,https://t.me/mototourvietnam,https://t.me/mototourvietnam,external,,
/,https://www.instagram.com/enduro.vietnam,https://www.instagram.com/enduro.vietnam,https://www.instagram.com/enduro.vietnam,external,,
/,https://wa.me/79994564498,https://wa.me/79994564498,https://wa.me/79994564498,external,,
/,https://t.me/mototourvietnam,https://t.me/mototourvietnam,https://t.me/mototourvietnam,external,,
/,https://www.instagram.com/enduro.vietnam,https://www.instagram.com/enduro.vietnam,https://www.instagram.com/enduro.vietnam,external,,
/,https://wa.me/79994564498,https://wa.me/79994564498,https://wa.me/79994564498,external,,
/,processing of personal data,/privacy,/privacy,internal,200,/privacy
/,logo YouTube,https://youtube.com/@enduro.vietnam?si=FDMtZYMkF863JBpP,https://youtube.com/@enduro.vietnam?si=FDMtZYMkF863JBpP,external,,
/,youtube.com/@enduro.vietnam,https://youtube.com/@enduro.vietnam?si=FDMtZYMkF863JBpP,https://youtube.com/@enduro.vietnam?si=FDMtZYMkF863JBpP,external,,
/,logo Instagram,https://www.instagram.com/enduro.vietnam/,https://www.instagram.com/enduro.vietnam/,external,,
/,instagram.com/enduro.vietnam,https://www.instagram.com/enduro.vietnam/,https://www.instagram.com/enduro.vietnam/,external,,
/,Главная страница,/ru,/ru,internal,200,/ru
/,Эндуро туры в Далате,/ru/dalat,/ru/dalat,internal,200,/ru/dalat
/,Эндуро туры в Нячанге,/ru/nhatrang,/ru/nhatrang,internal,200,/ru/nhatrang
/,Эндуро туры в Дананге,/ru/danang,/ru/danang,internal,200,/ru/danang
/,Эндуро туры в Муйне,/ru/muine,/ru/muine,internal,200,/ru/muine
/,Все туры,/ru/all-tours,/ru/all-tours,internal,200,/ru/all-tours
/,Аренда скутеров Далат,ru/rent-motorbike-dalat,/ru/rent-motorbike-dalat,internal,200,/ru/rent-motorbike-dalat
/,Аренда скутеров Нячанг,ru/rent-scooter-nhatrang,/ru/rent-scooter-nhatrang,internal,200,/ru/rent-scooter-nhatrang
/,/aboutourclinic,/aboutourclinic,,unavailable,404,/aboutourclinic
/,Enduro tours in Vietnam,/,/,internal,200,/
/,Dalat,/dalat,/dalat,internal,200,/dalat
/,Nha Trang,/nhatrang,/nhatrang,internal,200,/nhatrang
/,Danang,/danang,/danang,internal,200,/danang
/,Muine,/muine,/muine,internal,200,/muine
/,All tours,/all-tours,/all-tours,internal,200,/all-tours
/,Scooter rental in Dalat,/rent-motorbike-dalat,/rent-motorbike-dalat,internal,200,/rent-motorbike-dalat
/,Scooter rental in Nha Trang,/rent-scooter-nhatrang,/rent-scooter-nhatrang,internal,200,/rent-scooter-nhatrang
/,Vietnam,https://maps.app.goo.gl/hvewF4aRPsdtciud6,https://maps.app.goo.gl/hvewF4aRPsdtciud6,external,,
/,https://t.me/mototourvietnam,https://t.me/mototourvietnam,https://t.me/mototourvietnam,external,,
/,https://www.instagram.com/enduro.vietnam,https://www.instagram.com/enduro.vietnam,https://www.instagram.com/enduro.vietnam,external,,
/,https://wa.me/79994564498,https://wa.me/79994564498,https://wa.me/79994564498,external,,
/,Enduro tours in Vietnam,/,/,internal,200,/
/,Dalat,/dalat,/dalat,internal,200,/dalat
/,Nha Trang,/nhatrang,/nhatrang,internal,200,/nhatrang
/,Danang,/danang,/danang,internal,200,/danang
/,All tours,/all-tours,/all-tours,internal,200,/all-tours
/,Scooter rental in Dalat,/rent-motorbike-dalat,/rent-motorbike-dalat,internal,200,/rent-motorbike-dalat
/,Мототуры по всему Вьетнаму,/ru,/ru,internal,200,/ru
/,Аренда Dirt байков и эндуро туры в Муйне,/ru/muine,/ru/muine,internal,200,/ru/muine
/,Аренда эндуро мотоциклов и мото туры в Далате,/ru/dalat,/ru/dalat,internal,200,/ru/dalat
/,Эндуро туры в Нячанге,/ru/nhatrang,/ru/nhatrang,internal,200,/ru/nhatrang
/,https://t.me/mototourvietnam,https://t.me/mototourvietnam,https://t.me/mototourvietnam,external,,
/,https://www.instagram.com/enduro.vietnam,https://www.instagram.com/enduro.vietnam,https://www.instagram.com/enduro.vietnam,external,,
/,https://wa.me/79994564498,https://wa.me/79994564498,https://wa.me/79994564498,external,,
/,https://t.me/mototourvietnam,https://t.me/mototourvietnam,https://t.me/mototourvietnam,external,,
/,Creatium,https://creatium.app,https://creatium.app,external,,
/all-tours,/,/,/,internal,200,/
/all-tours,All tours,/all-tours,/all-tours,internal,200,/all-tours
/all-tours,https://t.me/mototourvietnam,https://t.me/mototourvietnam,https://t.me/mototourvietnam,external,,
/all-tours,https://www.instagram.com/enduro.vietnam,https://www.instagram.com/enduro.vietnam,https://www.instagram.com/enduro.vietnam,external,,
/all-tours,https://wa.me/79994564498,https://wa.me/79994564498,https://wa.me/79994564498,external,,
/all-tours,/,/,/,internal,200,/
/all-tours,Enduro Vietnam,/,/,internal,200,/
/all-tours,/all-tours/dalat-enduro-tour-one-day,https://enduro-vietnam.com/all-tours/dalat-enduro-tour-one-day,/all-tours/dalat-enduro-tour-one-day,internal,200,/all-tours/dalat-enduro-tour-one-day
/all-tours,READ MORE,https://enduro-vietnam.com/all-tours/dalat-enduro-tour-one-day,/all-tours/dalat-enduro-tour-one-day,internal,200,/all-tours/dalat-enduro-tour-one-day
/all-tours,/all-tours/dalat-enduro-tour-advanced,https://enduro-vietnam.com/all-tours/dalat-enduro-tour-advanced,/all-tours/dalat-enduro-tour-advanced,internal,200,/all-tours/dalat-enduro-tour-advanced
/all-tours,READ MORE,https://enduro-vietnam.com/all-tours/dalat-enduro-tour-advanced,/all-tours/dalat-enduro-tour-advanced,internal,200,/all-tours/dalat-enduro-tour-advanced
/all-tours,/all-tours/dalat-enduro-tour-two-day,https://enduro-vietnam.com/all-tours/dalat-enduro-tour-two-day,/all-tours/dalat-enduro-tour-two-day,internal,200,/all-tours/dalat-enduro-tour-two-day
/all-tours,READ MORE,https://enduro-vietnam.com/all-tours/dalat-enduro-tour-two-day,/all-tours/dalat-enduro-tour-two-day,internal,200,/all-tours/dalat-enduro-tour-two-day
/all-tours,/all-tours/three-day-tour-dalat-nhatrang,https://enduro-vietnam.com/all-tours/three-day-tour-dalat-nhatrang,/all-tours/three-day-tour-dalat-nhatrang,internal,200,/all-tours/three-day-tour-dalat-nhatrang
/all-tours,READ MORE,https://enduro-vietnam.com/all-tours/three-day-tour-dalat-nhatrang,/all-tours/three-day-tour-dalat-nhatrang,internal,200,/all-tours/three-day-tour-dalat-nhatrang
/all-tours,/all-tours/three-day-tour-dalat-muine,https://enduro-vietnam.com/all-tours/three-day-tour-dalat-muine,/all-tours/three-day-tour-dalat-muine,internal,200,/all-tours/three-day-tour-dalat-muine
/all-tours,READ MORE,https://enduro-vietnam.com/all-tours/three-day-tour-dalat-muine,/all-tours/three-day-tour-dalat-muine,internal,200,/all-tours/three-day-tour-dalat-muine
/all-tours,/all-tours/dalat-easy-rider-enduro-beginners,https://enduro-vietnam.com/all-tours/dalat-easy-rider-enduro-beginners,/all-tours/dalat-easy-rider-enduro-beginners,internal,200,/all-tours/dalat-easy-rider-enduro-beginners
/all-tours,READ MORE,https://enduro-vietnam.com/all-tours/dalat-easy-rider-enduro-beginners,/all-tours/dalat-easy-rider-enduro-beginners,internal,200,/all-tours/dalat-easy-rider-enduro-beginners
/all-tours,/all-tours/nhatrang-enduro-tour-one-day,https://enduro-vietnam.com/all-tours/nhatrang-enduro-tour-one-day,/all-tours/nhatrang-enduro-tour-one-day,internal,200,/all-tours/nhatrang-enduro-tour-one-day
/all-tours,READ MORE,https://enduro-vietnam.com/all-tours/nhatrang-enduro-tour-one-day,/all-tours/nhatrang-enduro-tour-one-day,internal,200,/all-tours/nhatrang-enduro-tour-one-day
/all-tours,/all-tours/nhatrang-enduro-tour-advanced,https://enduro-vietnam.com/all-tours/nhatrang-enduro-tour-advanced,/all-tours/nhatrang-enduro-tour-advanced,internal,200,/all-tours/nhatrang-enduro-tour-advanced
/all-tours,READ MORE,https://enduro-vietnam.com/all-tours/nhatrang-enduro-tour-advanced,/all-tours/nhatrang-enduro-tour-advanced,internal,200,/all-tours/nhatrang-enduro-tour-advanced
/all-tours,/all-tours/motorbike-tour-south-vietnam-4-days,https://enduro-vietnam.com/all-tours/motorbike-tour-south-vietnam-4-days,/all-tours/motorbike-tour-south-vietnam-4-days,internal,200,/all-tours/motorbike-tour-south-vietnam-4-days
/all-tours,READ MORE,https://enduro-vietnam.com/all-tours/motorbike-tour-south-vietnam-4-days,/all-tours/motorbike-tour-south-vietnam-4-days,internal,200,/all-tours/motorbike-tour-south-vietnam-4-days
/all-tours,/all-tours/5-day-motorbike-tour-from-saigon-ho-chi-minh-city,https://enduro-vietnam.com/all-tours/5-day-motorbike-tour-from-saigon-ho-chi-minh-city,/all-tours/5-day-motorbike-tour-from-saigon-ho-chi-minh-city,internal,200,/all-tours/5-day-motorbike-tour-from-saigon-ho-chi-minh-city
/all-tours,READ MORE,https://enduro-vietnam.com/all-tours/5-day-motorbike-tour-from-saigon-ho-chi-minh-city,/all-tours/5-day-motorbike-tour-from-saigon-ho-chi-minh-city,internal,200,/all-tours/5-day-motorbike-tour-from-saigon-ho-chi-minh-city
/all-tours,/all-tours/mekong-delta-and-coastline-vietnam-motorbike-tour-6-days,https://enduro-vietnam.com/all-tours/mekong-delta-and-coastline-vietnam-motorbike-tour-6-days,/all-tours/mekong-delta-and-coastline-vietnam-motorbike-tour-6-days,internal,200,/all-tours/mekong-delta-and-coastline-vietnam-motorbike-tour-6-days
/all-tours,READ MORE,https://enduro-vietnam.com/all-tours/mekong-delta-and-coastline-vietnam-motorbike-tour-6-days,/all-tours/mekong-delta-and-coastline-vietnam-motorbike-tour-6-days,internal,200,/all-tours/mekong-delta-and-coastline-vietnam-motorbike-tour-6-days
/all-tours,/all-tours/motorcycle-tour-on-coastline-and-highlands-vietnam-7-days,https://enduro-vietnam.com/all-tours/motorcycle-tour-on-coastline-and-highlands-vietnam-7-days,/all-tours/motorcycle-tour-on-coastline-and-highlands-vietnam-7-days,internal,200,/all-tours/motorcycle-tour-on-coastline-and-highlands-vietnam-7-days
/all-tours,READ MORE,https://enduro-vietnam.com/all-tours/motorcycle-tour-on-coastline-and-highlands-vietnam-7-days,/all-tours/motorcycle-tour-on-coastline-and-highlands-vietnam-7-days,internal,200,/all-tours/motorcycle-tour-on-coastline-and-highlands-vietnam-7-days
/all-tours,/all-tours/saigon-motorbike-tour-10-days,https://enduro-vietnam.com/all-tours/saigon-motorbike-tour-10-days,/all-tours/saigon-motorbike-tour-10-days,internal,200,/all-tours/saigon-motorbike-tour-10-days
/all-tours,READ MORE,https://enduro-vietnam.com/all-tours/saigon-motorbike-tour-10-days,/all-tours/saigon-motorbike-tour-10-days,internal,200,/all-tours/saigon-motorbike-tour-10-days
/all-tours,/all-tours/south-vietnam-motorbike-tour-7-days,https://enduro-vietnam.com/all-tours/south-vietnam-motorbike-tour-7-days,/all-tours/south-vietnam-motorbike-tour-7-days,internal,200,/all-tours/south-vietnam-motorbike-tour-7-days
/all-tours,READ MORE,https://enduro-vietnam.com/all-tours/south-vietnam-motorbike-tour-7-days,/all-tours/south-vietnam-motorbike-tour-7-days,internal,200,/all-tours/south-vietnam-motorbike-tour-7-days
/all-tours,/all-tours/danang-enduro-tour-one-day,https://enduro-vietnam.com/all-tours/danang-enduro-tour-one-day,/all-tours/danang-enduro-tour-one-day,internal,200,/all-tours/danang-enduro-tour-one-day
/all-tours,READ MORE,https://enduro-vietnam.com/all-tours/danang-enduro-tour-one-day,/all-tours/danang-enduro-tour-one-day,internal,200,/all-tours/danang-enduro-tour-one-day
/all-tours,/all-tours/danang-enduro-tour-advanced,https://enduro-vietnam.com/all-tours/danang-enduro-tour-advanced,/all-tours/danang-enduro-tour-advanced,internal,200,/all-tours/danang-enduro-tour-advanced
/all-tours,READ MORE,https://enduro-vietnam.com/all-tours/danang-enduro-tour-advanced,/all-tours/danang-enduro-tour-advanced,internal,200,/all-tours/danang-enduro-tour-advanced
/all-tours,go to Google maps,https://maps.app.goo.gl/SS6RstzSVXo9Xgjy7,https://maps.app.goo.gl/SS6RstzSVXo9Xgjy7,external,,
/all-tours,go to tripadvisor,https://www.tripadvisor.ru/Attraction_Review-g293922-d19701190-Reviews-Enduro_Vietnam-Da_Lat_Lam_Dong_Province.html,https://www.tripadvisor.ru/Attraction_Review-g293922-d19701190-Reviews-Enduro_Vietnam-Da_Lat_Lam_Dong_Province.html,external,,
/all-tours,go to facebook,https://www.facebook.com/profile.php?id=61585240226310,https://www.facebook.com/profile.php?id=61585240226310,external,,
/all-tours,go to Instagram,https://www.instagram.com/enduro.vietnam,https://www.instagram.com/enduro.vietnam,external,,
/all-tours,go to Youtube,https://www.youtube.com/@Enduro.Vietnam,https://www.youtube.com/@Enduro.Vietnam,external,,
/all-tours,go to Google maps,https://maps.app.goo.gl/SS6RstzSVXo9Xgjy7,https://maps.app.goo.gl/SS6RstzSVXo9Xgjy7,external,,
/all-tours,go to tripadvisor,https://www.tripadvisor.ru/Attraction_Review-g293922-d19701190-Reviews-Enduro_Vietnam-Da_Lat_Lam_Dong_Province.html,https://www.tripadvisor.ru/Attraction_Review-g293922-d19701190-Reviews-Enduro_Vietnam-Da_Lat_Lam_Dong_Province.html,external,,
/all-tours,go to facebook,https://www.facebook.com/profile.php?id=61585240226310,https://www.facebook.com/profile.php?id=61585240226310,external,,
/all-tours,go to Instagram,https://www.instagram.com/enduro.vietnam/,https://www.instagram.com/enduro.vietnam/,external,,
/all-tours,go to Youtube,https://www.youtube.com/@Enduro.Vietnam,https://www.youtube.com/@Enduro.Vietnam,external,,
/all-tours,Главная страница,/ru,/ru,internal,200,/ru
/all-tours,Эндуро туры в Далате,/ru/dalat,/ru/dalat,internal,200,/ru/dalat
/all-tours,Эндуро туры в Нячанге,/ru/nhatrang,/ru/nhatrang,internal,200,/ru/nhatrang
/all-tours,Эндуро туры в Дананге,/ru/danang,/ru/danang,internal,200,/ru/danang
/all-tours,Эндуро туры в Муйне,/ru/muine,/ru/muine,internal,200,/ru/muine
/all-tours,Все туры,/ru/all-tours,/ru/all-tours,internal,200,/ru/all-tours
/all-tours,Аренда скутеров Далат,ru/rent-motorbike-dalat,/ru/rent-motorbike-dalat,internal,200,/ru/rent-motorbike-dalat
/all-tours,Аренда скутеров Нячанг,ru/rent-scooter-nhatrang,/ru/rent-scooter-nhatrang,internal,200,/ru/rent-scooter-nhatrang
/all-tours,/aboutourclinic,/aboutourclinic,,unavailable,404,/aboutourclinic
/all-tours,Enduro tours in Vietnam,/,/,internal,200,/
/all-tours,Dalat,/dalat,/dalat,internal,200,/dalat
/all-tours,Nha Trang,/nhatrang,/nhatrang,internal,200,/nhatrang
/all-tours,Danang,/danang,/danang,internal,200,/danang
/all-tours,Muine,/muine,/muine,internal,200,/muine
/all-tours,All tours,/all-tours,/all-tours,internal,200,/all-tours
/all-tours,Scooter rental in Dalat,/rent-motorbike-dalat,/rent-motorbike-dalat,internal,200,/rent-motorbike-dalat
/all-tours,Scooter rental in Nha Trang,/rent-scooter-nhatrang,/rent-scooter-nhatrang,internal,200,/rent-scooter-nhatrang
/all-tours,Vietnam,https://maps.app.goo.gl/hvewF4aRPsdtciud6,https://maps.app.goo.gl/hvewF4aRPsdtciud6,external,,
/all-tours,https://t.me/mototourvietnam,https://t.me/mototourvietnam,https://t.me/mototourvietnam,external,,
/all-tours,https://www.instagram.com/enduro.vietnam,https://www.instagram.com/enduro.vietnam,https://www.instagram.com/enduro.vietnam,external,,
/all-tours,https://wa.me/79994564498,https://wa.me/79994564498,https://wa.me/79994564498,external,,
/all-tours,Enduro tours in Vietnam,/,/,internal,200,/
/all-tours,Dalat,/dalat,/dalat,internal,200,/dalat
/all-tours,Nha Trang,/nhatrang,/nhatrang,internal,200,/nhatrang
/all-tours,Danang,/danang,/danang,internal,200,/danang
/all-tours,All tours,/all-tours,/all-tours,internal,200,/all-tours
/all-tours,Scooter rental in Dalat,/rent-motorbike-dalat,/rent-motorbike-dalat,internal,200,/rent-motorbike-dalat
/all-tours,Мототуры по всему Вьетнаму,/ru,/ru,internal,200,/ru
/all-tours,Аренда Dirt байков и эндуро туры в Муйне,/ru/muine,/ru/muine,internal,200,/ru/muine
/all-tours,Аренда эндуро мотоциклов и мото туры в Далате,/ru/dalat,/ru/dalat,internal,200,/ru/dalat
/all-tours,Эндуро туры в Нячанге,/ru/nhatrang,/ru/nhatrang,internal,200,/ru/nhatrang
/all-tours,https://t.me/mototourvietnam,https://t.me/mototourvietnam,https://t.me/mototourvietnam,external,,
/all-tours,https://www.instagram.com/enduro.vietnam,https://www.instagram.com/enduro.vietnam,https://www.instagram.com/enduro.vietnam,external,,
/all-tours,https://wa.me/79994564498,https://wa.me/79994564498,https://wa.me/79994564498,external,,
/all-tours,https://t.me/mototourvietnam,https://t.me/mototourvietnam,https://t.me/mototourvietnam,external,,
/all-tours,Creatium,https://creatium.app,https://creatium.app,external,,
/ru,Услуги,#uslugi,/ru#uslugi,internal,200,/ru
/ru,https://t.me/mototourvietnam,https://t.me/mototourvietnam,https://t.me/mototourvietnam,external,,
/ru,Забронировать,https://t.me/mototourvietnam,https://t.me/mototourvietnam,external,,
/ru,"ДалатУникальное высокогорье с мягким климатом и сосновыми борами. Здесь нет густого подлеска, поэтому можно свободно съезжать с трасс и прокладывать свой путь прямо через лес. Вас ждут затяжные подъемы, чистый горный воздух и скоростные прохваты по игольчатому ковру.Узнать подробнее",https://enduro-vietnam.com/ru/dalat,/ru/dalat,internal,200,/ru/dalat
/ru,Узнать подробнее,https://enduro-vietnam.com/ru/dalat,/ru/dalat,internal,200,/ru/dalat
/ru,"НячангМаршруты сквозь настоящие тропики к скрытым водопадам. Вы пройдете по скалистым участкам и руслам горных рек, увидите дикую природу Вьетнама изнутри и подниметесь на обзорные точки, с которых открывается панорама на весь залив и прибрежные острова.Узнать подробнее",https://enduro-vietnam.com/ru/nhatrang,/ru/nhatrang,internal,200,/ru/nhatrang
/ru,Узнать подробнее,https://enduro-vietnam.com/ru/nhatrang,/ru/nhatrang,internal,200,/ru/nhatrang
/ru,"МуйнеЕдинственная локация в Юго-Восточной Азии с настоящими пустынными пейзажами. Огромные пространства белых и красных дюн, езда по кромке океана и скоростные участки. Уникальный опыт управления байком на глубоком песке в окружении невероятных видов.Узнать подробнее",https://enduro-vietnam.com/ru/muine,/ru/muine,internal,200,/ru/muine
/ru,Узнать подробнее,https://enduro-vietnam.com/ru/muine,/ru/muine,internal,200,/ru/muine
/ru,Забронировать мотоцикл,https://t.me/mototourvietnam,https://t.me/mototourvietnam,external,,
/ru,Забронировать мотоцикл,https://t.me/mototourvietnam,https://t.me/mototourvietnam,external,,
/ru,Забронировать мотоцикл,https://t.me/mototourvietnam,https://t.me/mototourvietnam,external,,
/ru,"https://img2.creatium.app/plp/i.1.creatium.io/disk2/9b/8a/2c/c08c9947c8b142a4a9616d09467e014e59/img_4380.webp#%7B%22size%22:%5B2268,4032%5D,%22quality%22:8%7D","https://img2.creatium.app/plp/i.1.creatium.io/disk2/9b/8a/2c/c08c9947c8b142a4a9616d09467e014e59/img_4380.webp#%7B%22size%22:%5B2268,4032%5D,%22quality%22:8%7D","https://img2.creatium.app/plp/i.1.creatium.io/disk2/9b/8a/2c/c08c9947c8b142a4a9616d09467e014e59/img_4380.webp#%7B%22size%22:%5B2268,4032%5D,%22quality%22:8%7D",external,,
/ru,"https://img2.creatium.app/plp/i.1.creatium.io/disk2/fe/10/6e/831d8f6f92d2204fc4e9f9fb48a611b2a5/snimok_ekrana_2025_11_11_v_22_10_58.png#%7B%22size%22:%5B606,1078%5D,%22quality%22:8%7D","https://img2.creatium.app/plp/i.1.creatium.io/disk2/fe/10/6e/831d8f6f92d2204fc4e9f9fb48a611b2a5/snimok_ekrana_2025_11_11_v_22_10_58.png#%7B%22size%22:%5B606,1078%5D,%22quality%22:8%7D","https://img2.creatium.app/plp/i.1.creatium.io/disk2/fe/10/6e/831d8f6f92d2204fc4e9f9fb48a611b2a5/snimok_ekrana_2025_11_11_v_22_10_58.png#%7B%22size%22:%5B606,1078%5D,%22quality%22:8%7D",external,,
/ru,"https://img2.creatium.app/plp/i.1.creatium.io/disk2/6b/83/e2/058aba02e47da14bde4f01a0f6d91a9fcc/img_4208.webp#%7B%22size%22:%5B2268,4032%5D,%22quality%22:8%7D","https://img2.creatium.app/plp/i.1.creatium.io/disk2/6b/83/e2/058aba02e47da14bde4f01a0f6d91a9fcc/img_4208.webp#%7B%22size%22:%5B2268,4032%5D,%22quality%22:8%7D","https://img2.creatium.app/plp/i.1.creatium.io/disk2/6b/83/e2/058aba02e47da14bde4f01a0f6d91a9fcc/img_4208.webp#%7B%22size%22:%5B2268,4032%5D,%22quality%22:8%7D",external,,
/ru,"https://img2.creatium.app/plp/i.1.creatium.io/disk2/86/b0/57/857e2198d932fcda3db83e89803632e03e/1_2.webp#%7B%22size%22:%5B1129,2007%5D,%22quality%22:8%7D","https://img2.creatium.app/plp/i.1.creatium.io/disk2/86/b0/57/857e2198d932fcda3db83e89803632e03e/1_2.webp#%7B%22size%22:%5B1129,2007%5D,%22quality%22:8%7D","https://img2.creatium.app/plp/i.1.creatium.io/disk2/86/b0/57/857e2198d932fcda3db83e89803632e03e/1_2.webp#%7B%22size%22:%5B1129,2007%5D,%22quality%22:8%7D",external,,
/ru,"https://img2.creatium.app/plp/i.1.creatium.io/disk2/70/93/75/3ae36b4e3aca4386e2caa4cfa1f976e588/snimok_ekrana_2025_11_11_v_22_12_22.webp#%7B%22size%22:%5B606,1078%5D,%22quality%22:8%7D","https://img2.creatium.app/plp/i.1.creatium.io/disk2/70/93/75/3ae36b4e3aca4386e2caa4cfa1f976e588/snimok_ekrana_2025_11_11_v_22_12_22.webp#%7B%22size%22:%5B606,1078%5D,%22quality%22:8%7D","https://img2.creatium.app/plp/i.1.creatium.io/disk2/70/93/75/3ae36b4e3aca4386e2caa4cfa1f976e588/snimok_ekrana_2025_11_11_v_22_12_22.webp#%7B%22size%22:%5B606,1078%5D,%22quality%22:8%7D",external,,
/ru,"https://img2.creatium.app/plp/i.1.creatium.io/disk2/89/c4/0b/cb2c02c8c5a2934e03b930a999dce41515/img_5924.webp#%7B%22size%22:%5B2268,4032%5D,%22quality%22:8%7D","https://img2.creatium.app/plp/i.1.creatium.io/disk2/89/c4/0b/cb2c02c8c5a2934e03b930a999dce41515/img_5924.webp#%7B%22size%22:%5B2268,4032%5D,%22quality%22:8%7D","https://img2.creatium.app/plp/i.1.creatium.io/disk2/89/c4/0b/cb2c02c8c5a2934e03b930a999dce41515/img_5924.webp#%7B%22size%22:%5B2268,4032%5D,%22quality%22:8%7D",external,,
/ru,"https://img2.creatium.app/plp/i.1.creatium.io/disk2/5e/b9/39/a2c637595f867dd2c1b0e5bc04e8e8baa2/88e132ce_6a81_4b7a_b6d0_822d19f831f0.jpg#%7B%22size%22:%5B2160,3840%5D,%22quality%22:8%7D","https://img2.creatium.app/plp/i.1.creatium.io/disk2/5e/b9/39/a2c637595f867dd2c1b0e5bc04e8e8baa2/88e132ce_6a81_4b7a_b6d0_822d19f831f0.jpg#%7B%22size%22:%5B2160,3840%5D,%22quality%22:8%7D","https://img2.creatium.app/plp/i.1.creatium.io/disk2/5e/b9/39/a2c637595f867dd2c1b0e5bc04e8e8baa2/88e132ce_6a81_4b7a_b6d0_822d19f831f0.jpg#%7B%22size%22:%5B2160,3840%5D,%22quality%22:8%7D",external,,
/ru,"https://img2.creatium.app/plp/i.1.creatium.io/disk2/b3/70/84/590fac1f01010a61c2d48bfd976fc15e24/snimok_ekrana_2025_11_11_v_22_09_34.png#%7B%22size%22:%5B606,1078%5D,%22quality%22:8%7D","https://img2.creatium.app/plp/i.1.creatium.io/disk2/b3/70/84/590fac1f01010a61c2d48bfd976fc15e24/snimok_ekrana_2025_11_11_v_22_09_34.png#%7B%22size%22:%5B606,1078%5D,%22quality%22:8%7D","https://img2.creatium.app/plp/i.1.creatium.io/disk2/b3/70/84/590fac1f01010a61c2d48bfd976fc15e24/snimok_ekrana_2025_11_11_v_22_09_34.png#%7B%22size%22:%5B606,1078%5D,%22quality%22:8%7D",external,,
/ru,"https://img2.creatium.app/plp/i.1.creatium.io/disk2/a2/0b/b2/b68fa16aa7cf3519d45164fbec61972a40/img_6084.webp#%7B%22size%22:%5B2268,4032%5D,%22quality%22:8%7D","https://img2.creatium.app/plp/i.1.creatium.io/disk2/a2/0b/b2/b68fa16aa7cf3519d45164fbec61972a40/img_6084.webp#%7B%22size%22:%5B2268,4032%5D,%22quality%22:8%7D","https://img2.creatium.app/plp/i.1.creatium.io/disk2/a2/0b/b2/b68fa16aa7cf3519d45164fbec61972a40/img_6084.webp#%7B%22size%22:%5B2268,4032%5D,%22quality%22:8%7D",external,,
/ru,https://t.me/mototourvietnam,https://t.me/mototourvietnam,https://t.me/mototourvietnam,external,,
/ru,Главная страница,/ru,/ru,internal,200,/ru
/ru,Эндуро туры в Далате,/ru/dalat,/ru/dalat,internal,200,/ru/dalat
/ru,Эндуро туры в Нячанге,/ru/nhatrang,/ru/nhatrang,internal,200,/ru/nhatrang
/ru,Эндуро туры в Дананге,/ru/danang,/ru/danang,internal,200,/ru/danang
/ru,Эндуро туры в Муйне,/ru/muine,/ru/muine,internal,200,/ru/muine
/ru,Все туры,/ru/all-tours,/ru/all-tours,internal,200,/ru/all-tours
/ru,Аренда скутеров Далат,/rent-motorbike-dalat,/rent-motorbike-dalat,internal,200,/rent-motorbike-dalat
/ru,Аренда скутеров Нячанг,ru/rent-scooter-nhatrang,/ru/rent-scooter-nhatrang,internal,200,/ru/rent-scooter-nhatrang
/ru,Enduro tours in Vietnam,/,/,internal,200,/
/ru,Dalat,/dalat,/dalat,internal,200,/dalat
/ru,Nha Trang,/nhatrang,/nhatrang,internal,200,/nhatrang
/ru,Danang,/danang,/danang,internal,200,/danang
/ru,Muine,/muine,/muine,internal,200,/muine
/ru,All tours,/all-tours,/all-tours,internal,200,/all-tours
/ru,Scooter rental in Dalat,/rent-motorbike-dalat,/rent-motorbike-dalat,internal,200,/rent-motorbike-dalat
/ru,Scooter rental in Nha Trang,/rent-scooter-nhatrang,/rent-scooter-nhatrang,internal,200,/rent-scooter-nhatrang
/ru,Vietnam,https://maps.app.goo.gl/hvewF4aRPsdtciud6,https://maps.app.goo.gl/hvewF4aRPsdtciud6,external,,
/ru,https://t.me/mototourvietnam,https://t.me/mototourvietnam,https://t.me/mototourvietnam,external,,
/ru,https://www.instagram.com/enduro.vietnam,https://www.instagram.com/enduro.vietnam,https://www.instagram.com/enduro.vietnam,external,,
/ru,https://wa.me/79994564498,https://wa.me/79994564498,https://wa.me/79994564498,external,,
/ru,https://t.me/tg_globalf,https://t.me/tg_globalf,https://t.me/tg_globalf,external,,
/ru,Creatium,https://creatium.app,https://creatium.app,external,,
/ru/all-tours,/ru,/ru,/ru,internal,200,/ru
/ru/all-tours,Все туры,/ru/all-tours,/ru/all-tours,internal,200,/ru/all-tours
/ru/all-tours,https://t.me/mototourvietnam,https://t.me/mototourvietnam,https://t.me/mototourvietnam,external,,
/ru/all-tours,https://www.instagram.com/enduro.vietnam,https://www.instagram.com/enduro.vietnam,https://www.instagram.com/enduro.vietnam,external,,
/ru/all-tours,https://wa.me/79994564498,https://wa.me/79994564498,https://wa.me/79994564498,external,,
/ru/all-tours,Эндуро-Туры во Вьетнаме,/ru,/ru,internal,200,/ru
/ru/all-tours,Подробнее,https://enduro-vietnam.com/ru/all-tours/dalat-enduro-tour-one-day,/ru/all-tours/dalat-enduro-tour-one-day,internal,200,/ru/all-tours/dalat-enduro-tour-one-day
/ru/all-tours,Подробнее,https://enduro-vietnam.com/ru/all-tours/dalat-enduro-tour-advanced,/ru/all-tours/dalat-enduro-tour-advanced,internal,200,/ru/all-tours/dalat-enduro-tour-advanced
/ru/all-tours,Подробнее,https://enduro-vietnam.com/ru/all-tours/dalat-enduro-tour-two-day,/ru/all-tours/dalat-enduro-tour-two-day,internal,200,/ru/all-tours/dalat-enduro-tour-two-day
/ru/all-tours,Подробнее,https://enduro-vietnam.com/ru/all-tours/three-day-tour-dalat-nhatrang,/ru/all-tours/three-day-tour-dalat-nhatrang,internal,200,/ru/all-tours/three-day-tour-dalat-nhatrang
/ru/all-tours,Подробнее,https://enduro-vietnam.com/ru/all-tours/three-day-tour-dalat-muine,/ru/all-tours/three-day-tour-dalat-muine,internal,200,/ru/all-tours/three-day-tour-dalat-muine
/ru/all-tours,Подробнее,https://enduro-vietnam.com/ru/all-tours/dalat-easy-rider-enduro-beginners,/ru/all-tours/dalat-easy-rider-enduro-beginners,internal,200,/ru/all-tours/dalat-easy-rider-enduro-beginners
/ru/all-tours,Подробнее,https://enduro-vietnam.com/ru/all-tours/nhatrang-enduro-tour-one-day,/ru/all-tours/nhatrang-enduro-tour-one-day,internal,200,/ru/all-tours/nhatrang-enduro-tour-one-day
/ru/all-tours,Подробнее,https://enduro-vietnam.com/ru/all-tours/nhatrang-enduro-tour-advanced,/ru/all-tours/nhatrang-enduro-tour-advanced,internal,200,/ru/all-tours/nhatrang-enduro-tour-advanced
/ru/all-tours,Подробнее,https://enduro-vietnam.com/ru/all-tours/motorbike-tour-south-vietnam-4-days,/ru/all-tours/motorbike-tour-south-vietnam-4-days,internal,200,/ru/all-tours/motorbike-tour-south-vietnam-4-days
/ru/all-tours,Подробнее,https://enduro-vietnam.com/ru/all-tours/5-day-motorbike-tour-from-saigon-ho-chi-minh-city,/ru/all-tours/5-day-motorbike-tour-from-saigon-ho-chi-minh-city,internal,200,/ru/all-tours/5-day-motorbike-tour-from-saigon-ho-chi-minh-city
/ru/all-tours,Подробнее,https://enduro-vietnam.com/ru/all-tours/mekong-delta-and-coastline-vietnam-motorbike-tour-6-days,/ru/all-tours/mekong-delta-and-coastline-vietnam-motorbike-tour-6-days,internal,200,/ru/all-tours/mekong-delta-and-coastline-vietnam-motorbike-tour-6-days
/ru/all-tours,Подробнее,https://enduro-vietnam.com/ru/all-tours/motorcycle-tour-on-coastline-and-highlands-vietnam-7-days,/ru/all-tours/motorcycle-tour-on-coastline-and-highlands-vietnam-7-days,internal,200,/ru/all-tours/motorcycle-tour-on-coastline-and-highlands-vietnam-7-days
/ru/all-tours,Подробнее,https://enduro-vietnam.com/ru/all-tours/saigon-motorbike-tour-10-days,/ru/all-tours/saigon-motorbike-tour-10-days,internal,200,/ru/all-tours/saigon-motorbike-tour-10-days
/ru/all-tours,Подробнее,https://enduro-vietnam.com/ru/all-tours/south-vietnam-motorbike-tour-7-days,/ru/all-tours/south-vietnam-motorbike-tour-7-days,internal,200,/ru/all-tours/south-vietnam-motorbike-tour-7-days
/ru/all-tours,Подробнее,https://enduro-vietnam.com/ru/all-tours/danang-enduro-tour-one-day,/ru/all-tours/danang-enduro-tour-one-day,internal,200,/ru/all-tours/danang-enduro-tour-one-day
/ru/all-tours,Подробнее,https://enduro-vietnam.com/ru/all-tours/danang-enduro-tour-advanced,/ru/all-tours/danang-enduro-tour-advanced,internal,200,/ru/all-tours/danang-enduro-tour-advanced
/ru/all-tours,Подробнее,https://enduro-vietnam.com/ru/all-tours/vietnam-motorcycle-tours-12-days,/ru/all-tours/vietnam-motorcycle-tours-12-days,internal,200,/ru/all-tours/vietnam-motorcycle-tours-12-days
/ru/all-tours,Главная страница,/ru,/ru,internal,200,/ru
/ru/all-tours,Эндуро туры в Далате,/ru/dalat,/ru/dalat,internal,200,/ru/dalat
/ru/all-tours,Эндуро туры в Нячанге,/ru/nhatrang,/ru/nhatrang,internal,200,/ru/nhatrang
/ru/all-tours,Эндуро туры в Дананге,/ru/danang,/ru/danang,internal,200,/ru/danang
/ru/all-tours,Эндуро туры в Муйне,/ru/muine,/ru/muine,internal,200,/ru/muine
/ru/all-tours,Все туры,/ru/all-tours,/ru/all-tours,internal,200,/ru/all-tours
/ru/all-tours,Аренда скутеров Далат,/rent-motorbike-dalat,/rent-motorbike-dalat,internal,200,/rent-motorbike-dalat
/ru/all-tours,Аренда скутеров Нячанг,ru/rent-scooter-nhatrang,/ru/rent-scooter-nhatrang,internal,404,/ru/ru/rent-scooter-nhatrang
/ru/all-tours,Enduro tours in Vietnam,/,/,internal,200,/
/ru/all-tours,Dalat,/dalat,/dalat,internal,200,/dalat
/ru/all-tours,Nha Trang,/nhatrang,/nhatrang,internal,200,/nhatrang
/ru/all-tours,Danang,/danang,/danang,internal,200,/danang
/ru/all-tours,Muine,/muine,/muine,internal,200,/muine
/ru/all-tours,All tours,/all-tours,/all-tours,internal,200,/all-tours
/ru/all-tours,Scooter rental in Dalat,/rent-motorbike-dalat,/rent-motorbike-dalat,internal,200,/rent-motorbike-dalat
/ru/all-tours,Scooter rental in Nha Trang,/rent-scooter-nhatrang,/rent-scooter-nhatrang,internal,200,/rent-scooter-nhatrang
/ru/all-tours,Vietnam,https://maps.app.goo.gl/hvewF4aRPsdtciud6,https://maps.app.goo.gl/hvewF4aRPsdtciud6,external,,
/ru/all-tours,https://t.me/mototourvietnam,https://t.me/mototourvietnam,https://t.me/mototourvietnam,external,,
/ru/all-tours,https://www.instagram.com/enduro.vietnam,https://www.instagram.com/enduro.vietnam,https://www.instagram.com/enduro.vietnam,external,,
/ru/all-tours,https://wa.me/79994564498,https://wa.me/79994564498,https://wa.me/79994564498,external,,
/ru/all-tours,https://t.me/mototourvietnam,https://t.me/mototourvietnam,https://t.me/mototourvietnam,external,,
/ru/all-tours,Creatium,https://creatium.app,https://creatium.app,external,,
/all-tours/5-day-motorbike-tour-from-saigon-ho-chi-minh-city,/,/,/,internal,200,/
/all-tours/5-day-motorbike-tour-from-saigon-ho-chi-minh-city,All tours,/all-tours,/all-tours,internal,200,/all-tours
/all-tours/5-day-motorbike-tour-from-saigon-ho-chi-minh-city,https://t.me/mototourvietnam,https://t.me/mototourvietnam,https://t.me/mototourvietnam,external,,
/all-tours/5-day-motorbike-tour-from-saigon-ho-chi-minh-city,https://www.instagram.com/enduro.vietnam,https://www.instagram.com/enduro.vietnam,https://www.instagram.com/enduro.vietnam,external,,
/all-tours/5-day-motorbike-tour-from-saigon-ho-chi-minh-city,https://wa.me/79994564498,https://wa.me/79994564498,https://wa.me/79994564498,external,,
/all-tours/5-day-motorbike-tour-from-saigon-ho-chi-minh-city,/,/,/,internal,200,/
/all-tours/5-day-motorbike-tour-from-saigon-ho-chi-minh-city,Type: Mini-band,http://,http://,external,,
/all-tours/5-day-motorbike-tour-from-saigon-ho-chi-minh-city,Group size: 4 people,http://,http://,external,,
/all-tours/5-day-motorbike-tour-from-saigon-ho-chi-minh-city,Duration: 5 days,http://,http://,external,,
/all-tours/5-day-motorbike-tour-from-saigon-ho-chi-minh-city,"Booking confirmation: record at least 2 days in advance. The organizer will confirm the booking for the date you have chosen, after which you will make a 30% prepayment.",http://,http://,external,,
/all-tours/5-day-motorbike-tour-from-saigon-ho-chi-minh-city,https://t.me/mototourvietnam,https://t.me/mototourvietnam,https://t.me/mototourvietnam,external,,
/all-tours/5-day-motorbike-tour-from-saigon-ho-chi-minh-city,https://www.instagram.com/enduro.vietnam,https://www.instagram.com/enduro.vietnam,https://www.instagram.com/enduro.vietnam,external,,
/all-tours/5-day-motorbike-tour-from-saigon-ho-chi-minh-city,https://wa.me/79994564498,https://wa.me/79994564498,https://wa.me/79994564498,external,,
/all-tours/5-day-motorbike-tour-from-saigon-ho-chi-minh-city,Enduro Vietnam,/,/,internal,200,/
/all-tours/5-day-motorbike-tour-from-saigon-ho-chi-minh-city,All tours,/all-tours,/all-tours,internal,200,/all-tours
/all-tours/5-day-motorbike-tour-from-saigon-ho-chi-minh-city,To book,https://t.me/mototourvietnam,https://t.me/mototourvietnam,external,,
/all-tours/5-day-motorbike-tour-from-saigon-ho-chi-minh-city,To book,https://t.me/mototourvietnam,https://t.me/mototourvietnam,external,,
/all-tours/5-day-motorbike-tour-from-saigon-ho-chi-minh-city,https://t.me/mototourvietnam,https://t.me/mototourvietnam,https://t.me/mototourvietnam,external,,
/all-tours/5-day-motorbike-tour-from-saigon-ho-chi-minh-city,https://www.instagram.com/enduro.vietnam,https://www.instagram.com/enduro.vietnam,https://www.instagram.com/enduro.vietnam,external,,
/all-tours/5-day-motorbike-tour-from-saigon-ho-chi-minh-city,https://wa.me/79994564498,https://wa.me/79994564498,https://wa.me/79994564498,external,,
/all-tours/5-day-motorbike-tour-from-saigon-ho-chi-minh-city,Enduro Vietnam,/,/,internal,200,/
/all-tours/5-day-motorbike-tour-from-saigon-ho-chi-minh-city,All tours,/all-tours,/all-tours,internal,200,/all-tours
/all-tours/5-day-motorbike-tour-from-saigon-ho-chi-minh-city,Watch more tours,https://enduro-vietnam.com/all-tours/,/all-tours,internal,200,/all-tours
/all-tours/5-day-motorbike-tour-from-saigon-ho-chi-minh-city,/all-tours/dalat-enduro-tour-one-day,https://enduro-vietnam.com/all-tours/dalat-enduro-tour-one-day,/all-tours/dalat-enduro-tour-one-day,internal,200,/all-tours/dalat-enduro-tour-one-day
/all-tours/5-day-motorbike-tour-from-saigon-ho-chi-minh-city,READ MORE,https://enduro-vietnam.com/all-tours/dalat-enduro-tour-one-day,/all-tours/dalat-enduro-tour-one-day,internal,200,/all-tours/dalat-enduro-tour-one-day
/all-tours/5-day-motorbike-tour-from-saigon-ho-chi-minh-city,/all-tours/dalat-enduro-tour-advanced,https://enduro-vietnam.com/all-tours/dalat-enduro-tour-advanced,/all-tours/dalat-enduro-tour-advanced,internal,200,/all-tours/dalat-enduro-tour-advanced
/all-tours/5-day-motorbike-tour-from-saigon-ho-chi-minh-city,READ MORE,https://enduro-vietnam.com/all-tours/dalat-enduro-tour-advanced,/all-tours/dalat-enduro-tour-advanced,internal,200,/all-tours/dalat-enduro-tour-advanced
/all-tours/5-day-motorbike-tour-from-saigon-ho-chi-minh-city,/all-tours/dalat-enduro-tour-two-day,https://enduro-vietnam.com/all-tours/dalat-enduro-tour-two-day,/all-tours/dalat-enduro-tour-two-day,internal,200,/all-tours/dalat-enduro-tour-two-day
/all-tours/5-day-motorbike-tour-from-saigon-ho-chi-minh-city,READ MORE,https://enduro-vietnam.com/all-tours/dalat-enduro-tour-two-day,/all-tours/dalat-enduro-tour-two-day,internal,200,/all-tours/dalat-enduro-tour-two-day
/all-tours/5-day-motorbike-tour-from-saigon-ho-chi-minh-city,/all-tours/three-day-tour-dalat-nhatrang,https://enduro-vietnam.com/all-tours/three-day-tour-dalat-nhatrang,/all-tours/three-day-tour-dalat-nhatrang,internal,200,/all-tours/three-day-tour-dalat-nhatrang
/all-tours/5-day-motorbike-tour-from-saigon-ho-chi-minh-city,READ MORE,https://enduro-vietnam.com/all-tours/three-day-tour-dalat-nhatrang,/all-tours/three-day-tour-dalat-nhatrang,internal,200,/all-tours/three-day-tour-dalat-nhatrang
/all-tours/5-day-motorbike-tour-from-saigon-ho-chi-minh-city,/all-tours/three-day-tour-dalat-muine,https://enduro-vietnam.com/all-tours/three-day-tour-dalat-muine,/all-tours/three-day-tour-dalat-muine,internal,200,/all-tours/three-day-tour-dalat-muine
/all-tours/5-day-motorbike-tour-from-saigon-ho-chi-minh-city,READ MORE,https://enduro-vietnam.com/all-tours/three-day-tour-dalat-muine,/all-tours/three-day-tour-dalat-muine,internal,200,/all-tours/three-day-tour-dalat-muine
/all-tours/5-day-motorbike-tour-from-saigon-ho-chi-minh-city,/all-tours/dalat-easy-rider-enduro-beginners,https://enduro-vietnam.com/all-tours/dalat-easy-rider-enduro-beginners,/all-tours/dalat-easy-rider-enduro-beginners,internal,200,/all-tours/dalat-easy-rider-enduro-beginners
/all-tours/5-day-motorbike-tour-from-saigon-ho-chi-minh-city,READ MORE,https://enduro-vietnam.com/all-tours/dalat-easy-rider-enduro-beginners,/all-tours/dalat-easy-rider-enduro-beginners,internal,200,/all-tours/dalat-easy-rider-enduro-beginners
/all-tours/5-day-motorbike-tour-from-saigon-ho-chi-minh-city,/all-tours/nhatrang-enduro-tour-one-day,https://enduro-vietnam.com/all-tours/nhatrang-enduro-tour-one-day,/all-tours/nhatrang-enduro-tour-one-day,internal,200,/all-tours/nhatrang-enduro-tour-one-day
/all-tours/5-day-motorbike-tour-from-saigon-ho-chi-minh-city,READ MORE,https://enduro-vietnam.com/all-tours/nhatrang-enduro-tour-one-day,/all-tours/nhatrang-enduro-tour-one-day,internal,200,/all-tours/nhatrang-enduro-tour-one-day
/all-tours/5-day-motorbike-tour-from-saigon-ho-chi-minh-city,/all-tours/nhatrang-enduro-tour-advanced,https://enduro-vietnam.com/all-tours/nhatrang-enduro-tour-advanced,/all-tours/nhatrang-enduro-tour-advanced,internal,200,/all-tours/nhatrang-enduro-tour-advanced
/all-tours/5-day-motorbike-tour-from-saigon-ho-chi-minh-city,READ MORE,https://enduro-vietnam.com/all-tours/nhatrang-enduro-tour-advanced,/all-tours/nhatrang-enduro-tour-advanced,internal,200,/all-tours/nhatrang-enduro-tour-advanced
/all-tours/5-day-motorbike-tour-from-saigon-ho-chi-minh-city,/all-tours/motorbike-tour-south-vietnam-4-days,https://enduro-vietnam.com/all-tours/motorbike-tour-south-vietnam-4-days,/all-tours/motorbike-tour-south-vietnam-4-days,internal,200,/all-tours/motorbike-tour-south-vietnam-4-days
/all-tours/5-day-motorbike-tour-from-saigon-ho-chi-minh-city,READ MORE,https://enduro-vietnam.com/all-tours/motorbike-tour-south-vietnam-4-days,/all-tours/motorbike-tour-south-vietnam-4-days,internal,200,/all-tours/motorbike-tour-south-vietnam-4-days
/all-tours/5-day-motorbike-tour-from-saigon-ho-chi-minh-city,Watch more tours,https://enduro-vietnam.com/all-tours/,/all-tours,internal,200,/all-tours
/all-tours/5-day-motorbike-tour-from-saigon-ho-chi-minh-city,TO BOOK,https://t.me/mototourvietnam,https://t.me/mototourvietnam,external,,
/all-tours/5-day-motorbike-tour-from-saigon-ho-chi-minh-city,READ MORE,https://enduro-vietnam.com/all-tours/dalat-enduro-tour-one-day,/all-tours/dalat-enduro-tour-one-day,internal,200,/all-tours/dalat-enduro-tour-one-day
/all-tours/5-day-motorbike-tour-from-saigon-ho-chi-minh-city,TO BOOK,https://t.me/mototourvietnam,https://t.me/mototourvietnam,external,,
/all-tours/5-day-motorbike-tour-from-saigon-ho-chi-minh-city,READ MORE,https://enduro-vietnam.com/all-tours/dalat-enduro-tour-advanced,/all-tours/dalat-enduro-tour-advanced,internal,200,/all-tours/dalat-enduro-tour-advanced
/all-tours/5-day-motorbike-tour-from-saigon-ho-chi-minh-city,TO BOOK,https://t.me/mototourvietnam,https://t.me/mototourvietnam,external,,
/all-tours/5-day-motorbike-tour-from-saigon-ho-chi-minh-city,READ MORE,https://enduro-vietnam.com/all-tours/dalat-enduro-tour-two-day,/all-tours/dalat-enduro-tour-two-day,internal,200,/all-tours/dalat-enduro-tour-two-day
/all-tours/5-day-motorbike-tour-from-saigon-ho-chi-minh-city,TO BOOK,https://t.me/mototourvietnam,https://t.me/mototourvietnam,external,,
/all-tours/5-day-motorbike-tour-from-saigon-ho-chi-minh-city,READ MORE,https://enduro-vietnam.com/all-tours/three-day-tour-dalat-nhatrang,/all-tours/three-day-tour-dalat-nhatrang,internal,200,/all-tours/three-day-tour-dalat-nhatrang
/all-tours/5-day-motorbike-tour-from-saigon-ho-chi-minh-city,TO BOOK,https://t.me/mototourvietnam,https://t.me/mototourvietnam,external,,
/all-tours/5-day-motorbike-tour-from-saigon-ho-chi-minh-city,READ MORE,https://enduro-vietnam.com/all-tours/three-day-tour-dalat-muine,/all-tours/three-day-tour-dalat-muine,internal,200,/all-tours/three-day-tour-dalat-muine
/all-tours/5-day-motorbike-tour-from-saigon-ho-chi-minh-city,TO BOOK,https://t.me/mototourvietnam,https://t.me/mototourvietnam,external,,
/all-tours/5-day-motorbike-tour-from-saigon-ho-chi-minh-city,READ MORE,https://enduro-vietnam.com/all-tours/dalat-easy-rider-enduro-beginners,/all-tours/dalat-easy-rider-enduro-beginners,internal,200,/all-tours/dalat-easy-rider-enduro-beginners
/all-tours/5-day-motorbike-tour-from-saigon-ho-chi-minh-city,TO BOOK,https://t.me/mototourvietnam,https://t.me/mototourvietnam,external,,
/all-tours/5-day-motorbike-tour-from-saigon-ho-chi-minh-city,READ MORE,https://enduro-vietnam.com/all-tours/nhatrang-enduro-tour-one-day,/all-tours/nhatrang-enduro-tour-one-day,internal,200,/all-tours/nhatrang-enduro-tour-one-day
/all-tours/5-day-motorbike-tour-from-saigon-ho-chi-minh-city,TO BOOK,https://t.me/mototourvietnam,https://t.me/mototourvietnam,external,,
/all-tours/5-day-motorbike-tour-from-saigon-ho-chi-minh-city,READ MORE,https://enduro-vietnam.com/all-tours/nhatrang-enduro-tour-advanced,/all-tours/nhatrang-enduro-tour-advanced,internal,200,/all-tours/nhatrang-enduro-tour-advanced
/all-tours/5-day-motorbike-tour-from-saigon-ho-chi-minh-city,TO BOOK,https://t.me/mototourvietnam,https://t.me/mototourvietnam,external,,
/all-tours/5-day-motorbike-tour-from-saigon-ho-chi-minh-city,READ MORE,https://enduro-vietnam.com/all-tours/motorbike-tour-south-vietnam-4-days,/all-tours/motorbike-tour-south-vietnam-4-days,internal,200,/all-tours/motorbike-tour-south-vietnam-4-days
/all-tours/5-day-motorbike-tour-from-saigon-ho-chi-minh-city,TO BOOK,https://t.me/mototourvietnam,https://t.me/mototourvietnam,external,,
/all-tours/5-day-motorbike-tour-from-saigon-ho-chi-minh-city,READ MORE,https://enduro-vietnam.com/all-tours/5-day-motorbike-tour-from-saigon-ho-chi-minh-city,/all-tours/5-day-motorbike-tour-from-saigon-ho-chi-minh-city,internal,200,/all-tours/5-day-motorbike-tour-from-saigon-ho-chi-minh-city
/all-tours/5-day-motorbike-tour-from-saigon-ho-chi-minh-city,TO BOOK,https://t.me/mototourvietnam,https://t.me/mototourvietnam,external,,
/all-tours/5-day-motorbike-tour-from-saigon-ho-chi-minh-city,READ MORE,https://enduro-vietnam.com/all-tours/mekong-delta-and-coastline-vietnam-motorbike-tour-6-days,/all-tours/mekong-delta-and-coastline-vietnam-motorbike-tour-6-days,internal,200,/all-tours/mekong-delta-and-coastline-vietnam-motorbike-tour-6-days
/all-tours/5-day-motorbike-tour-from-saigon-ho-chi-minh-city,TO BOOK,https://t.me/mototourvietnam,https://t.me/mototourvietnam,external,,
/all-tours/5-day-motorbike-tour-from-saigon-ho-chi-minh-city,READ MORE,https://enduro-vietnam.com/all-tours/motorcycle-tour-on-coastline-and-highlands-vietnam-7-days,/all-tours/motorcycle-tour-on-coastline-and-highlands-vietnam-7-days,internal,200,/all-tours/motorcycle-tour-on-coastline-and-highlands-vietnam-7-days
/all-tours/5-day-motorbike-tour-from-saigon-ho-chi-minh-city,TO BOOK,https://t.me/mototourvietnam,https://t.me/mototourvietnam,external,,
/all-tours/5-day-motorbike-tour-from-saigon-ho-chi-minh-city,READ MORE,https://enduro-vietnam.com/all-tours/saigon-motorbike-tour-10-days,/all-tours/saigon-motorbike-tour-10-days,internal,200,/all-tours/saigon-motorbike-tour-10-days
/all-tours/5-day-motorbike-tour-from-saigon-ho-chi-minh-city,TO BOOK,https://t.me/mototourvietnam,https://t.me/mototourvietnam,external,,
/all-tours/5-day-motorbike-tour-from-saigon-ho-chi-minh-city,READ MORE,https://enduro-vietnam.com/all-tours/south-vietnam-motorbike-tour-7-days,/all-tours/south-vietnam-motorbike-tour-7-days,internal,200,/all-tours/south-vietnam-motorbike-tour-7-days
/all-tours/5-day-motorbike-tour-from-saigon-ho-chi-minh-city,/all-tours/dalat-enduro-tour-one-day,https://enduro-vietnam.com/all-tours/dalat-enduro-tour-one-day,/all-tours/dalat-enduro-tour-one-day,internal,200,/all-tours/dalat-enduro-tour-one-day
/all-tours/5-day-motorbike-tour-from-saigon-ho-chi-minh-city,READ MORE,https://enduro-vietnam.com/all-tours/dalat-enduro-tour-one-day,/all-tours/dalat-enduro-tour-one-day,internal,200,/all-tours/dalat-enduro-tour-one-day
/all-tours/5-day-motorbike-tour-from-saigon-ho-chi-minh-city,/all-tours/dalat-enduro-tour-advanced,https://enduro-vietnam.com/all-tours/dalat-enduro-tour-advanced,/all-tours/dalat-enduro-tour-advanced,internal,200,/all-tours/dalat-enduro-tour-advanced
/all-tours/5-day-motorbike-tour-from-saigon-ho-chi-minh-city,READ MORE,https://enduro-vietnam.com/all-tours/dalat-enduro-tour-advanced,/all-tours/dalat-enduro-tour-advanced,internal,200,/all-tours/dalat-enduro-tour-advanced
/all-tours/5-day-motorbike-tour-from-saigon-ho-chi-minh-city,/all-tours/dalat-enduro-tour-two-day,https://enduro-vietnam.com/all-tours/dalat-enduro-tour-two-day,/all-tours/dalat-enduro-tour-two-day,internal,200,/all-tours/dalat-enduro-tour-two-day
/all-tours/5-day-motorbike-tour-from-saigon-ho-chi-minh-city,READ MORE,https://enduro-vietnam.com/all-tours/dalat-enduro-tour-two-day,/all-tours/dalat-enduro-tour-two-day,internal,200,/all-tours/dalat-enduro-tour-two-day
/all-tours/5-day-motorbike-tour-from-saigon-ho-chi-minh-city,/all-tours/three-day-tour-dalat-nhatrang,https://enduro-vietnam.com/all-tours/three-day-tour-dalat-nhatrang,/all-tours/three-day-tour-dalat-nhatrang,internal,200,/all-tours/three-day-tour-dalat-nhatrang
/all-tours/5-day-motorbike-tour-from-saigon-ho-chi-minh-city,READ MORE,https://enduro-vietnam.com/all-tours/three-day-tour-dalat-nhatrang,/all-tours/three-day-tour-dalat-nhatrang,internal,200,/all-tours/three-day-tour-dalat-nhatrang
/all-tours/5-day-motorbike-tour-from-saigon-ho-chi-minh-city,/all-tours/three-day-tour-dalat-muine,https://enduro-vietnam.com/all-tours/three-day-tour-dalat-muine,/all-tours/three-day-tour-dalat-muine,internal,200,/all-tours/three-day-tour-dalat-muine
/all-tours/5-day-motorbike-tour-from-saigon-ho-chi-minh-city,READ MORE,https://enduro-vietnam.com/all-tours/three-day-tour-dalat-muine,/all-tours/three-day-tour-dalat-muine,internal,200,/all-tours/three-day-tour-dalat-muine
/all-tours/5-day-motorbike-tour-from-saigon-ho-chi-minh-city,/all-tours/dalat-easy-rider-enduro-beginners,https://enduro-vietnam.com/all-tours/dalat-easy-rider-enduro-beginners,/all-tours/dalat-easy-rider-enduro-beginners,internal,200,/all-tours/dalat-easy-rider-enduro-beginners
/all-tours/5-day-motorbike-tour-from-saigon-ho-chi-minh-city,READ MORE,https://enduro-vietnam.com/all-tours/dalat-easy-rider-enduro-beginners,/all-tours/dalat-easy-rider-enduro-beginners,internal,200,/all-tours/dalat-easy-rider-enduro-beginners
/all-tours/5-day-motorbike-tour-from-saigon-ho-chi-minh-city,/all-tours/nhatrang-enduro-tour-one-day,https://enduro-vietnam.com/all-tours/nhatrang-enduro-tour-one-day,/all-tours/nhatrang-enduro-tour-one-day,internal,200,/all-tours/nhatrang-enduro-tour-one-day
/all-tours/5-day-motorbike-tour-from-saigon-ho-chi-minh-city,READ MORE,https://enduro-vietnam.com/all-tours/nhatrang-enduro-tour-one-day,/all-tours/nhatrang-enduro-tour-one-day,internal,200,/all-tours/nhatrang-enduro-tour-one-day
/all-tours/5-day-motorbike-tour-from-saigon-ho-chi-minh-city,/all-tours/nhatrang-enduro-tour-advanced,https://enduro-vietnam.com/all-tours/nhatrang-enduro-tour-advanced,/all-tours/nhatrang-enduro-tour-advanced,internal,200,/all-tours/nhatrang-enduro-tour-advanced
/all-tours/5-day-motorbike-tour-from-saigon-ho-chi-minh-city,READ MORE,https://enduro-vietnam.com/all-tours/nhatrang-enduro-tour-advanced,/all-tours/nhatrang-enduro-tour-advanced,internal,200,/all-tours/nhatrang-enduro-tour-advanced
/all-tours/5-day-motorbike-tour-from-saigon-ho-chi-minh-city,/all-tours/motorbike-tour-south-vietnam-4-days,https://enduro-vietnam.com/all-tours/motorbike-tour-south-vietnam-4-days,/all-tours/motorbike-tour-south-vietnam-4-days,internal,200,/all-tours/motorbike-tour-south-vietnam-4-days
/all-tours/5-day-motorbike-tour-from-saigon-ho-chi-minh-city,READ MORE,https://enduro-vietnam.com/all-tours/motorbike-tour-south-vietnam-4-days,/all-tours/motorbike-tour-south-vietnam-4-days,internal,200,/all-tours/motorbike-tour-south-vietnam-4-days
/all-tours/5-day-motorbike-tour-from-saigon-ho-chi-minh-city,/all-tours/5-day-motorbike-tour-from-saigon-ho-chi-minh-city,https://enduro-vietnam.com/all-tours/5-day-motorbike-tour-from-saigon-ho-chi-minh-city,/all-tours/5-day-motorbike-tour-from-saigon-ho-chi-minh-city,internal,200,/all-tours/5-day-motorbike-tour-from-saigon-ho-chi-minh-city
/all-tours/5-day-motorbike-tour-from-saigon-ho-chi-minh-city,READ MORE,https://enduro-vietnam.com/all-tours/5-day-motorbike-tour-from-saigon-ho-chi-minh-city,/all-tours/5-day-motorbike-tour-from-saigon-ho-chi-minh-city,internal,200,/all-tours/5-day-motorbike-tour-from-saigon-ho-chi-minh-city
/all-tours/5-day-motorbike-tour-from-saigon-ho-chi-minh-city,/all-tours/mekong-delta-and-coastline-vietnam-motorbike-tour-6-days,https://enduro-vietnam.com/all-tours/mekong-delta-and-coastline-vietnam-motorbike-tour-6-days,/all-tours/mekong-delta-and-coastline-vietnam-motorbike-tour-6-days,internal,200,/all-tours/mekong-delta-and-coastline-vietnam-motorbike-tour-6-days
/all-tours/5-day-motorbike-tour-from-saigon-ho-chi-minh-city,READ MORE,https://enduro-vietnam.com/all-tours/mekong-delta-and-coastline-vietnam-motorbike-tour-6-days,/all-tours/mekong-delta-and-coastline-vietnam-motorbike-tour-6-days,internal,200,/all-tours/mekong-delta-and-coastline-vietnam-motorbike-tour-6-days
/all-tours/5-day-motorbike-tour-from-saigon-ho-chi-minh-city,/all-tours/motorcycle-tour-on-coastline-and-highlands-vietnam-7-days,https://enduro-vietnam.com/all-tours/motorcycle-tour-on-coastline-and-highlands-vietnam-7-days,/all-tours/motorcycle-tour-on-coastline-and-highlands-vietnam-7-days,internal,200,/all-tours/motorcycle-tour-on-coastline-and-highlands-vietnam-7-days
/all-tours/5-day-motorbike-tour-from-saigon-ho-chi-minh-city,READ MORE,https://enduro-vietnam.com/all-tours/motorcycle-tour-on-coastline-and-highlands-vietnam-7-days,/all-tours/motorcycle-tour-on-coastline-and-highlands-vietnam-7-days,internal,200,/all-tours/motorcycle-tour-on-coastline-and-highlands-vietnam-7-days
/all-tours/5-day-motorbike-tour-from-saigon-ho-chi-minh-city,/all-tours/saigon-motorbike-tour-10-days,https://enduro-vietnam.com/all-tours/saigon-motorbike-tour-10-days,/all-tours/saigon-motorbike-tour-10-days,internal,200,/all-tours/saigon-motorbike-tour-10-days
/all-tours/5-day-motorbike-tour-from-saigon-ho-chi-minh-city,READ MORE,https://enduro-vietnam.com/all-tours/saigon-motorbike-tour-10-days,/all-tours/saigon-motorbike-tour-10-days,internal,200,/all-tours/saigon-motorbike-tour-10-days
/all-tours/5-day-motorbike-tour-from-saigon-ho-chi-minh-city,/all-tours/south-vietnam-motorbike-tour-7-days,https://enduro-vietnam.com/all-tours/south-vietnam-motorbike-tour-7-days,/all-tours/south-vietnam-motorbike-tour-7-days,internal,200,/all-tours/south-vietnam-motorbike-tour-7-days
/all-tours/5-day-motorbike-tour-from-saigon-ho-chi-minh-city,READ MORE,https://enduro-vietnam.com/all-tours/south-vietnam-motorbike-tour-7-days,/all-tours/south-vietnam-motorbike-tour-7-days,internal,200,/all-tours/south-vietnam-motorbike-tour-7-days
/all-tours/5-day-motorbike-tour-from-saigon-ho-chi-minh-city,https://t.me/mototourvietnam,https://t.me/mototourvietnam,https://t.me/mototourvietnam,external,,
/all-tours/5-day-motorbike-tour-from-saigon-ho-chi-minh-city,https://www.instagram.com/enduro.vietnam,https://www.instagram.com/enduro.vietnam,https://www.instagram.com/enduro.vietnam,external,,
/all-tours/5-day-motorbike-tour-from-saigon-ho-chi-minh-city,https://wa.me/79994564498,https://wa.me/79994564498,https://wa.me/79994564498,external,,
/all-tours/5-day-motorbike-tour-from-saigon-ho-chi-minh-city,https://t.me/mototourvietnam,https://t.me/mototourvietnam,https://t.me/mototourvietnam,external,,
/all-tours/5-day-motorbike-tour-from-saigon-ho-chi-minh-city,https://www.instagram.com/enduro.vietnam,https://www.instagram.com/enduro.vietnam,https://www.instagram.com/enduro.vietnam,external,,
/all-tours/5-day-motorbike-tour-from-saigon-ho-chi-minh-city,https://wa.me/79994564498,https://wa.me/79994564498,https://wa.me/79994564498,external,,
/all-tours/5-day-motorbike-tour-from-saigon-ho-chi-minh-city,https://t.me/mototourvietnam,https://t.me/mototourvietnam,https://t.me/mototourvietnam,external,,
/all-tours/5-day-motorbike-tour-from-saigon-ho-chi-minh-city,https://www.instagram.com/enduro.vietnam,https://www.instagram.com/enduro.vietnam,https://www.instagram.com/enduro.vietnam,external,,
/all-tours/5-day-motorbike-tour-from-saigon-ho-chi-minh-city,https://wa.me/79994564498,https://wa.me/79994564498,https://wa.me/79994564498,external,,
/all-tours/5-day-motorbike-tour-from-saigon-ho-chi-minh-city,https://t.me/mototourvietnam,https://t.me/mototourvietnam,https://t.me/mototourvietnam,external,,
/all-tours/5-day-motorbike-tour-from-saigon-ho-chi-minh-city,https://www.instagram.com/enduro.vietnam,https://www.instagram.com/enduro.vietnam,https://www.instagram.com/enduro.vietnam,external,,
/all-tours/5-day-motorbike-tour-from-saigon-ho-chi-minh-city,https://wa.me/79994564498,https://wa.me/79994564498,https://wa.me/79994564498,external,,
/all-tours/5-day-motorbike-tour-from-saigon-ho-chi-minh-city,https://t.me/mototourvietnam,https://t.me/mototourvietnam,https://t.me/mototourvietnam,external,,
/all-tours/5-day-motorbike-tour-from-saigon-ho-chi-minh-city,https://www.instagram.com/enduro.vietnam,https://www.instagram.com/enduro.vietnam,https://www.instagram.com/enduro.vietnam,external,,
/all-tours/5-day-motorbike-tour-from-saigon-ho-chi-minh-city,https://wa.me/79994564498,https://wa.me/79994564498,https://wa.me/79994564498,external,,
/all-tours/5-day-motorbike-tour-from-saigon-ho-chi-minh-city,logo YouTube,https://youtube.com/@enduro.vietnam?si=FDMtZYMkF863JBpP,https://youtube.com/@enduro.vietnam?si=FDMtZYMkF863JBpP,external,,
/all-tours/5-day-motorbike-tour-from-saigon-ho-chi-minh-city,youtube.com/@enduro.vietnam,https://youtube.com/@enduro.vietnam?si=FDMtZYMkF863JBpP,https://youtube.com/@enduro.vietnam?si=FDMtZYMkF863JBpP,external,,
/all-tours/5-day-motorbike-tour-from-saigon-ho-chi-minh-city,logo Instagram,https://www.instagram.com/enduro.vietnam/,https://www.instagram.com/enduro.vietnam/,external,,
/all-tours/5-day-motorbike-tour-from-saigon-ho-chi-minh-city,instagram.com/enduro.vietnam,https://www.instagram.com/enduro.vietnam/,https://www.instagram.com/enduro.vietnam/,external,,
/all-tours/5-day-motorbike-tour-from-saigon-ho-chi-minh-city,processing of personal data,/privacy,/privacy,internal,200,/privacy
/all-tours/5-day-motorbike-tour-from-saigon-ho-chi-minh-city,Главная страница,/ru,/ru,internal,200,/ru
/all-tours/5-day-motorbike-tour-from-saigon-ho-chi-minh-city,Эндуро туры в Далате,/ru/dalat,/ru/dalat,internal,200,/ru/dalat
/all-tours/5-day-motorbike-tour-from-saigon-ho-chi-minh-city,Эндуро туры в Нячанге,/ru/nhatrang,/ru/nhatrang,internal,200,/ru/nhatrang
/all-tours/5-day-motorbike-tour-from-saigon-ho-chi-minh-city,Эндуро туры в Дананге,/ru/danang,/ru/danang,internal,200,/ru/danang
/all-tours/5-day-motorbike-tour-from-saigon-ho-chi-minh-city,Эндуро туры в Муйне,/ru/muine,/ru/muine,internal,200,/ru/muine
/all-tours/5-day-motorbike-tour-from-saigon-ho-chi-minh-city,Все туры,/ru/all-tours,/ru/all-tours,internal,200,/ru/all-tours
/all-tours/5-day-motorbike-tour-from-saigon-ho-chi-minh-city,Аренда скутеров Далат,ru/rent-motorbike-dalat,/ru/rent-motorbike-dalat,internal,404,/all-tours/ru/rent-motorbike-dalat
/all-tours/5-day-motorbike-tour-from-saigon-ho-chi-minh-city,Аренда скутеров Нячанг,ru/rent-scooter-nhatrang,/ru/rent-scooter-nhatrang,internal,404,/all-tours/ru/rent-scooter-nhatrang
/all-tours/5-day-motorbike-tour-from-saigon-ho-chi-minh-city,/aboutourclinic,/aboutourclinic,,unavailable,404,/aboutourclinic
/all-tours/5-day-motorbike-tour-from-saigon-ho-chi-minh-city,Enduro tours in Vietnam,/,/,internal,200,/
/all-tours/5-day-motorbike-tour-from-saigon-ho-chi-minh-city,Dalat,/dalat,/dalat,internal,200,/dalat
/all-tours/5-day-motorbike-tour-from-saigon-ho-chi-minh-city,Nha Trang,/nhatrang,/nhatrang,internal,200,/nhatrang
/all-tours/5-day-motorbike-tour-from-saigon-ho-chi-minh-city,Danang,/danang,/danang,internal,200,/danang
/all-tours/5-day-motorbike-tour-from-saigon-ho-chi-minh-city,Muine,/muine,/muine,internal,200,/muine
/all-tours/5-day-motorbike-tour-from-saigon-ho-chi-minh-city,All tours,/all-tours,/all-tours,internal,200,/all-tours
/all-tours/5-day-motorbike-tour-from-saigon-ho-chi-minh-city,Scooter rental in Dalat,/rent-motorbike-dalat,/rent-motorbike-dalat,internal,200,/rent-motorbike-dalat
/all-tours/5-day-motorbike-tour-from-saigon-ho-chi-minh-city,Scooter rental in Nha Trang,/rent-scooter-nhatrang,/rent-scooter-nhatrang,internal,200,/rent-scooter-nhatrang
/all-tours/5-day-motorbike-tour-from-saigon-ho-chi-minh-city,Vietnam,https://maps.app.goo.gl/hvewF4aRPsdtciud6,https://maps.app.goo.gl/hvewF4aRPsdtciud6,external,,
/all-tours/5-day-motorbike-tour-from-saigon-ho-chi-minh-city,https://t.me/mototourvietnam,https://t.me/mototourvietnam,https://t.me/mototourvietnam,external,,
/all-tours/5-day-motorbike-tour-from-saigon-ho-chi-minh-city,https://www.instagram.com/enduro.vietnam,https://www.instagram.com/enduro.vietnam,https://www.instagram.com/enduro.vietnam,external,,
/all-tours/5-day-motorbike-tour-from-saigon-ho-chi-minh-city,https://wa.me/79994564498,https://wa.me/79994564498,https://wa.me/79994564498,external,,
/all-tours/5-day-motorbike-tour-from-saigon-ho-chi-minh-city,Enduro tours in Vietnam,/,/,internal,200,/
/all-tours/5-day-motorbike-tour-from-saigon-ho-chi-minh-city,Dalat,/dalat,/dalat,internal,200,/dalat
/all-tours/5-day-motorbike-tour-from-saigon-ho-chi-minh-city,Nha Trang,/nhatrang,/nhatrang,internal,200,/nhatrang
/all-tours/5-day-motorbike-tour-from-saigon-ho-chi-minh-city,Danang,/danang,/danang,internal,200,/danang
/all-tours/5-day-motorbike-tour-from-saigon-ho-chi-minh-city,All tours,/all-tours,/all-tours,internal,200,/all-tours
/all-tours/5-day-motorbike-tour-from-saigon-ho-chi-minh-city,Scooter rental in Dalat,/rent-motorbike-dalat,/rent-motorbike-dalat,internal,200,/rent-motorbike-dalat
/all-tours/5-day-motorbike-tour-from-saigon-ho-chi-minh-city,Мототуры по всему Вьетнаму,/ru,/ru,internal,200,/ru
/all-tours/5-day-motorbike-tour-from-saigon-ho-chi-minh-city,Аренда Dirt байков и эндуро туры в Муйне,/ru/muine,/ru/muine,internal,200,/ru/muine
/all-tours/5-day-motorbike-tour-from-saigon-ho-chi-minh-city,Аренда эндуро мотоциклов и мото туры в Далате,/ru/dalat,/ru/dalat,internal,200,/ru/dalat
/all-tours/5-day-motorbike-tour-from-saigon-ho-chi-minh-city,Эндуро туры в Нячанге,/ru/nhatrang,/ru/nhatrang,internal,200,/ru/nhatrang
/all-tours/5-day-motorbike-tour-from-saigon-ho-chi-minh-city,https://t.me/mototourvietnam,https://t.me/mototourvietnam,https://t.me/mototourvietnam,external,,
/all-tours/5-day-motorbike-tour-from-saigon-ho-chi-minh-city,https://www.instagram.com/enduro.vietnam,https://www.instagram.com/enduro.vietnam,https://www.instagram.com/enduro.vietnam,external,,
/all-tours/5-day-motorbike-tour-from-saigon-ho-chi-minh-city,https://wa.me/79994564498,https://wa.me/79994564498,https://wa.me/79994564498,external,,
/all-tours/5-day-motorbike-tour-from-saigon-ho-chi-minh-city,https://t.me/mototourvietnam,https://t.me/mototourvietnam,https://t.me/mototourvietnam,external,,
/all-tours/5-day-motorbike-tour-from-saigon-ho-chi-minh-city,Creatium,https://creatium.app,https://creatium.app,external,,
/all-tours/dalat-easy-rider-enduro-beginners,/,/,/,internal,200,/
/all-tours/dalat-easy-rider-enduro-beginners,All tours,/all-tours,/all-tours,internal,200,/all-tours
/all-tours/dalat-easy-rider-enduro-beginners,https://t.me/mototourvietnam,https://t.me/mototourvietnam,https://t.me/mototourvietnam,external,,
/all-tours/dalat-easy-rider-enduro-beginners,https://www.instagram.com/enduro.vietnam,https://www.instagram.com/enduro.vietnam,https://www.instagram.com/enduro.vietnam,external,,
/all-tours/dalat-easy-rider-enduro-beginners,https://wa.me/79994564498,https://wa.me/79994564498,https://wa.me/79994564498,external,,
/all-tours/dalat-easy-rider-enduro-beginners,/,/,/,internal,200,/
/all-tours/dalat-easy-rider-enduro-beginners,Type: Mini-band,http://,http://,external,,
/all-tours/dalat-easy-rider-enduro-beginners,Group size: 4 people,http://,http://,external,,
/all-tours/dalat-easy-rider-enduro-beginners,Duration: 2.5 hours,http://,http://,external,,
/all-tours/dalat-easy-rider-enduro-beginners,"Booking confirmation: record at least 2 days in advance. The organizer will confirm the booking for the date you have chosen, after which you will make a 30% prepayment.",http://,http://,external,,
/all-tours/dalat-easy-rider-enduro-beginners,https://t.me/mototourvietnam,https://t.me/mototourvietnam,https://t.me/mototourvietnam,external,,
/all-tours/dalat-easy-rider-enduro-beginners,https://www.instagram.com/enduro.vietnam,https://www.instagram.com/enduro.vietnam,https://www.instagram.com/enduro.vietnam,external,,
/all-tours/dalat-easy-rider-enduro-beginners,https://wa.me/79994564498,https://wa.me/79994564498,https://wa.me/79994564498,external,,
/all-tours/dalat-easy-rider-enduro-beginners,Enduro Vietnam,/,/,internal,200,/
/all-tours/dalat-easy-rider-enduro-beginners,All tours,/all-tours,/all-tours,internal,200,/all-tours
/all-tours/dalat-easy-rider-enduro-beginners,To book,https://t.me/mototourvietnam,https://t.me/mototourvietnam,external,,
/all-tours/dalat-easy-rider-enduro-beginners,To book,https://t.me/mototourvietnam,https://t.me/mototourvietnam,external,,
/all-tours/dalat-easy-rider-enduro-beginners,https://t.me/mototourvietnam,https://t.me/mototourvietnam,https://t.me/mototourvietnam,external,,
/all-tours/dalat-easy-rider-enduro-beginners,https://www.instagram.com/enduro.vietnam,https://www.instagram.com/enduro.vietnam,https://www.instagram.com/enduro.vietnam,external,,
/all-tours/dalat-easy-rider-enduro-beginners,https://wa.me/79994564498,https://wa.me/79994564498,https://wa.me/79994564498,external,,
/all-tours/dalat-easy-rider-enduro-beginners,Enduro Vietnam,/,/,internal,200,/
/all-tours/dalat-easy-rider-enduro-beginners,All tours,/all-tours,/all-tours,internal,200,/all-tours
/all-tours/dalat-easy-rider-enduro-beginners,Watch more tours,https://enduro-vietnam.com/all-tours/,/all-tours,internal,200,/all-tours
/all-tours/dalat-easy-rider-enduro-beginners,/all-tours/dalat-enduro-tour-one-day,https://enduro-vietnam.com/all-tours/dalat-enduro-tour-one-day,/all-tours/dalat-enduro-tour-one-day,internal,200,/all-tours/dalat-enduro-tour-one-day
/all-tours/dalat-easy-rider-enduro-beginners,READ MORE,https://enduro-vietnam.com/all-tours/dalat-enduro-tour-one-day,/all-tours/dalat-enduro-tour-one-day,internal,200,/all-tours/dalat-enduro-tour-one-day
/all-tours/dalat-easy-rider-enduro-beginners,/all-tours/dalat-enduro-tour-advanced,https://enduro-vietnam.com/all-tours/dalat-enduro-tour-advanced,/all-tours/dalat-enduro-tour-advanced,internal,200,/all-tours/dalat-enduro-tour-advanced
/all-tours/dalat-easy-rider-enduro-beginners,READ MORE,https://enduro-vietnam.com/all-tours/dalat-enduro-tour-advanced,/all-tours/dalat-enduro-tour-advanced,internal,200,/all-tours/dalat-enduro-tour-advanced
/all-tours/dalat-easy-rider-enduro-beginners,/all-tours/dalat-enduro-tour-two-day,https://enduro-vietnam.com/all-tours/dalat-enduro-tour-two-day,/all-tours/dalat-enduro-tour-two-day,internal,200,/all-tours/dalat-enduro-tour-two-day
/all-tours/dalat-easy-rider-enduro-beginners,READ MORE,https://enduro-vietnam.com/all-tours/dalat-enduro-tour-two-day,/all-tours/dalat-enduro-tour-two-day,internal,200,/all-tours/dalat-enduro-tour-two-day
/all-tours/dalat-easy-rider-enduro-beginners,/all-tours/three-day-tour-dalat-nhatrang,https://enduro-vietnam.com/all-tours/three-day-tour-dalat-nhatrang,/all-tours/three-day-tour-dalat-nhatrang,internal,200,/all-tours/three-day-tour-dalat-nhatrang
/all-tours/dalat-easy-rider-enduro-beginners,READ MORE,https://enduro-vietnam.com/all-tours/three-day-tour-dalat-nhatrang,/all-tours/three-day-tour-dalat-nhatrang,internal,200,/all-tours/three-day-tour-dalat-nhatrang
/all-tours/dalat-easy-rider-enduro-beginners,/all-tours/three-day-tour-dalat-muine,https://enduro-vietnam.com/all-tours/three-day-tour-dalat-muine,/all-tours/three-day-tour-dalat-muine,internal,200,/all-tours/three-day-tour-dalat-muine
/all-tours/dalat-easy-rider-enduro-beginners,READ MORE,https://enduro-vietnam.com/all-tours/three-day-tour-dalat-muine,/all-tours/three-day-tour-dalat-muine,internal,200,/all-tours/three-day-tour-dalat-muine
/all-tours/dalat-easy-rider-enduro-beginners,/all-tours/dalat-easy-rider-enduro-beginners,https://enduro-vietnam.com/all-tours/dalat-easy-rider-enduro-beginners,/all-tours/dalat-easy-rider-enduro-beginners,internal,200,/all-tours/dalat-easy-rider-enduro-beginners
/all-tours/dalat-easy-rider-enduro-beginners,READ MORE,https://enduro-vietnam.com/all-tours/dalat-easy-rider-enduro-beginners,/all-tours/dalat-easy-rider-enduro-beginners,internal,200,/all-tours/dalat-easy-rider-enduro-beginners
/all-tours/dalat-easy-rider-enduro-beginners,/all-tours/nhatrang-enduro-tour-one-day,https://enduro-vietnam.com/all-tours/nhatrang-enduro-tour-one-day,/all-tours/nhatrang-enduro-tour-one-day,internal,200,/all-tours/nhatrang-enduro-tour-one-day
/all-tours/dalat-easy-rider-enduro-beginners,READ MORE,https://enduro-vietnam.com/all-tours/nhatrang-enduro-tour-one-day,/all-tours/nhatrang-enduro-tour-one-day,internal,200,/all-tours/nhatrang-enduro-tour-one-day
/all-tours/dalat-easy-rider-enduro-beginners,/all-tours/nhatrang-enduro-tour-advanced,https://enduro-vietnam.com/all-tours/nhatrang-enduro-tour-advanced,/all-tours/nhatrang-enduro-tour-advanced,internal,200,/all-tours/nhatrang-enduro-tour-advanced
/all-tours/dalat-easy-rider-enduro-beginners,READ MORE,https://enduro-vietnam.com/all-tours/nhatrang-enduro-tour-advanced,/all-tours/nhatrang-enduro-tour-advanced,internal,200,/all-tours/nhatrang-enduro-tour-advanced
/all-tours/dalat-easy-rider-enduro-beginners,/all-tours/motorbike-tour-south-vietnam-4-days,https://enduro-vietnam.com/all-tours/motorbike-tour-south-vietnam-4-days,/all-tours/motorbike-tour-south-vietnam-4-days,internal,200,/all-tours/motorbike-tour-south-vietnam-4-days
/all-tours/dalat-easy-rider-enduro-beginners,READ MORE,https://enduro-vietnam.com/all-tours/motorbike-tour-south-vietnam-4-days,/all-tours/motorbike-tour-south-vietnam-4-days,internal,200,/all-tours/motorbike-tour-south-vietnam-4-days
/all-tours/dalat-easy-rider-enduro-beginners,Watch more tours,https://enduro-vietnam.com/all-tours/,/all-tours,internal,200,/all-tours
/all-tours/dalat-easy-rider-enduro-beginners,TO BOOK,https://t.me/mototourvietnam,https://t.me/mototourvietnam,external,,
/all-tours/dalat-easy-rider-enduro-beginners,READ MORE,https://enduro-vietnam.com/all-tours/dalat-enduro-tour-one-day,/all-tours/dalat-enduro-tour-one-day,internal,200,/all-tours/dalat-enduro-tour-one-day
/all-tours/dalat-easy-rider-enduro-beginners,TO BOOK,https://t.me/mototourvietnam,https://t.me/mototourvietnam,external,,
/all-tours/dalat-easy-rider-enduro-beginners,READ MORE,https://enduro-vietnam.com/all-tours/dalat-enduro-tour-advanced,/all-tours/dalat-enduro-tour-advanced,internal,200,/all-tours/dalat-enduro-tour-advanced
/all-tours/dalat-easy-rider-enduro-beginners,TO BOOK,https://t.me/mototourvietnam,https://t.me/mototourvietnam,external,,
/all-tours/dalat-easy-rider-enduro-beginners,READ MORE,https://enduro-vietnam.com/all-tours/dalat-enduro-tour-two-day,/all-tours/dalat-enduro-tour-two-day,internal,200,/all-tours/dalat-enduro-tour-two-day
/all-tours/dalat-easy-rider-enduro-beginners,TO BOOK,https://t.me/mototourvietnam,https://t.me/mototourvietnam,external,,
/all-tours/dalat-easy-rider-enduro-beginners,READ MORE,https://enduro-vietnam.com/all-tours/three-day-tour-dalat-nhatrang,/all-tours/three-day-tour-dalat-nhatrang,internal,200,/all-tours/three-day-tour-dalat-nhatrang
/all-tours/dalat-easy-rider-enduro-beginners,TO BOOK,https://t.me/mototourvietnam,https://t.me/mototourvietnam,external,,
/all-tours/dalat-easy-rider-enduro-beginners,READ MORE,https://enduro-vietnam.com/all-tours/three-day-tour-dalat-muine,/all-tours/three-day-tour-dalat-muine,internal,200,/all-tours/three-day-tour-dalat-muine
/all-tours/dalat-easy-rider-enduro-beginners,TO BOOK,https://t.me/mototourvietnam,https://t.me/mototourvietnam,external,,
/all-tours/dalat-easy-rider-enduro-beginners,READ MORE,https://enduro-vietnam.com/all-tours/dalat-easy-rider-enduro-beginners,/all-tours/dalat-easy-rider-enduro-beginners,internal,200,/all-tours/dalat-easy-rider-enduro-beginners
/all-tours/dalat-easy-rider-enduro-beginners,TO BOOK,https://t.me/mototourvietnam,https://t.me/mototourvietnam,external,,
/all-tours/dalat-easy-rider-enduro-beginners,READ MORE,https://enduro-vietnam.com/all-tours/nhatrang-enduro-tour-one-day,/all-tours/nhatrang-enduro-tour-one-day,internal,200,/all-tours/nhatrang-enduro-tour-one-day
/all-tours/dalat-easy-rider-enduro-beginners,TO BOOK,https://t.me/mototourvietnam,https://t.me/mototourvietnam,external,,
/all-tours/dalat-easy-rider-enduro-beginners,READ MORE,https://enduro-vietnam.com/all-tours/nhatrang-enduro-tour-advanced,/all-tours/nhatrang-enduro-tour-advanced,internal,200,/all-tours/nhatrang-enduro-tour-advanced
/all-tours/dalat-easy-rider-enduro-beginners,TO BOOK,https://t.me/mototourvietnam,https://t.me/mototourvietnam,external,,
/all-tours/dalat-easy-rider-enduro-beginners,READ MORE,https://enduro-vietnam.com/all-tours/motorbike-tour-south-vietnam-4-days,/all-tours/motorbike-tour-south-vietnam-4-days,internal,200,/all-tours/motorbike-tour-south-vietnam-4-days
/all-tours/dalat-easy-rider-enduro-beginners,TO BOOK,https://t.me/mototourvietnam,https://t.me/mototourvietnam,external,,
/all-tours/dalat-easy-rider-enduro-beginners,READ MORE,https://enduro-vietnam.com/all-tours/5-day-motorbike-tour-from-saigon-ho-chi-minh-city,/all-tours/5-day-motorbike-tour-from-saigon-ho-chi-minh-city,internal,200,/all-tours/5-day-motorbike-tour-from-saigon-ho-chi-minh-city
/all-tours/dalat-easy-rider-enduro-beginners,TO BOOK,https://t.me/mototourvietnam,https://t.me/mototourvietnam,external,,
/all-tours/dalat-easy-rider-enduro-beginners,READ MORE,https://enduro-vietnam.com/all-tours/mekong-delta-and-coastline-vietnam-motorbike-tour-6-days,/all-tours/mekong-delta-and-coastline-vietnam-motorbike-tour-6-days,internal,200,/all-tours/mekong-delta-and-coastline-vietnam-motorbike-tour-6-days
/all-tours/dalat-easy-rider-enduro-beginners,TO BOOK,https://t.me/mototourvietnam,https://t.me/mototourvietnam,external,,
/all-tours/dalat-easy-rider-enduro-beginners,READ MORE,https://enduro-vietnam.com/all-tours/motorcycle-tour-on-coastline-and-highlands-vietnam-7-days,/all-tours/motorcycle-tour-on-coastline-and-highlands-vietnam-7-days,internal,200,/all-tours/motorcycle-tour-on-coastline-and-highlands-vietnam-7-days
/all-tours/dalat-easy-rider-enduro-beginners,TO BOOK,https://t.me/mototourvietnam,https://t.me/mototourvietnam,external,,
/all-tours/dalat-easy-rider-enduro-beginners,READ MORE,https://enduro-vietnam.com/all-tours/saigon-motorbike-tour-10-days,/all-tours/saigon-motorbike-tour-10-days,internal,200,/all-tours/saigon-motorbike-tour-10-days
/all-tours/dalat-easy-rider-enduro-beginners,TO BOOK,https://t.me/mototourvietnam,https://t.me/mototourvietnam,external,,
/all-tours/dalat-easy-rider-enduro-beginners,READ MORE,https://enduro-vietnam.com/all-tours/south-vietnam-motorbike-tour-7-days,/all-tours/south-vietnam-motorbike-tour-7-days,internal,200,/all-tours/south-vietnam-motorbike-tour-7-days
/all-tours/dalat-easy-rider-enduro-beginners,/all-tours/dalat-enduro-tour-one-day,https://enduro-vietnam.com/all-tours/dalat-enduro-tour-one-day,/all-tours/dalat-enduro-tour-one-day,internal,200,/all-tours/dalat-enduro-tour-one-day
/all-tours/dalat-easy-rider-enduro-beginners,READ MORE,https://enduro-vietnam.com/all-tours/dalat-enduro-tour-one-day,/all-tours/dalat-enduro-tour-one-day,internal,200,/all-tours/dalat-enduro-tour-one-day
/all-tours/dalat-easy-rider-enduro-beginners,/all-tours/dalat-enduro-tour-advanced,https://enduro-vietnam.com/all-tours/dalat-enduro-tour-advanced,/all-tours/dalat-enduro-tour-advanced,internal,200,/all-tours/dalat-enduro-tour-advanced
/all-tours/dalat-easy-rider-enduro-beginners,READ MORE,https://enduro-vietnam.com/all-tours/dalat-enduro-tour-advanced,/all-tours/dalat-enduro-tour-advanced,internal,200,/all-tours/dalat-enduro-tour-advanced
/all-tours/dalat-easy-rider-enduro-beginners,/all-tours/dalat-enduro-tour-two-day,https://enduro-vietnam.com/all-tours/dalat-enduro-tour-two-day,/all-tours/dalat-enduro-tour-two-day,internal,200,/all-tours/dalat-enduro-tour-two-day
/all-tours/dalat-easy-rider-enduro-beginners,READ MORE,https://enduro-vietnam.com/all-tours/dalat-enduro-tour-two-day,/all-tours/dalat-enduro-tour-two-day,internal,200,/all-tours/dalat-enduro-tour-two-day
/all-tours/dalat-easy-rider-enduro-beginners,/all-tours/three-day-tour-dalat-nhatrang,https://enduro-vietnam.com/all-tours/three-day-tour-dalat-nhatrang,/all-tours/three-day-tour-dalat-nhatrang,internal,200,/all-tours/three-day-tour-dalat-nhatrang
/all-tours/dalat-easy-rider-enduro-beginners,READ MORE,https://enduro-vietnam.com/all-tours/three-day-tour-dalat-nhatrang,/all-tours/three-day-tour-dalat-nhatrang,internal,200,/all-tours/three-day-tour-dalat-nhatrang
/all-tours/dalat-easy-rider-enduro-beginners,/all-tours/three-day-tour-dalat-muine,https://enduro-vietnam.com/all-tours/three-day-tour-dalat-muine,/all-tours/three-day-tour-dalat-muine,internal,200,/all-tours/three-day-tour-dalat-muine
/all-tours/dalat-easy-rider-enduro-beginners,READ MORE,https://enduro-vietnam.com/all-tours/three-day-tour-dalat-muine,/all-tours/three-day-tour-dalat-muine,internal,200,/all-tours/three-day-tour-dalat-muine
/all-tours/dalat-easy-rider-enduro-beginners,/all-tours/dalat-easy-rider-enduro-beginners,https://enduro-vietnam.com/all-tours/dalat-easy-rider-enduro-beginners,/all-tours/dalat-easy-rider-enduro-beginners,internal,200,/all-tours/dalat-easy-rider-enduro-beginners
/all-tours/dalat-easy-rider-enduro-beginners,READ MORE,https://enduro-vietnam.com/all-tours/dalat-easy-rider-enduro-beginners,/all-tours/dalat-easy-rider-enduro-beginners,internal,200,/all-tours/dalat-easy-rider-enduro-beginners
/all-tours/dalat-easy-rider-enduro-beginners,/all-tours/nhatrang-enduro-tour-one-day,https://enduro-vietnam.com/all-tours/nhatrang-enduro-tour-one-day,/all-tours/nhatrang-enduro-tour-one-day,internal,200,/all-tours/nhatrang-enduro-tour-one-day
/all-tours/dalat-easy-rider-enduro-beginners,READ MORE,https://enduro-vietnam.com/all-tours/nhatrang-enduro-tour-one-day,/all-tours/nhatrang-enduro-tour-one-day,internal,200,/all-tours/nhatrang-enduro-tour-one-day
/all-tours/dalat-easy-rider-enduro-beginners,/all-tours/nhatrang-enduro-tour-advanced,https://enduro-vietnam.com/all-tours/nhatrang-enduro-tour-advanced,/all-tours/nhatrang-enduro-tour-advanced,internal,200,/all-tours/nhatrang-enduro-tour-advanced
/all-tours/dalat-easy-rider-enduro-beginners,READ MORE,https://enduro-vietnam.com/all-tours/nhatrang-enduro-tour-advanced,/all-tours/nhatrang-enduro-tour-advanced,internal,200,/all-tours/nhatrang-enduro-tour-advanced
/all-tours/dalat-easy-rider-enduro-beginners,/all-tours/motorbike-tour-south-vietnam-4-days,https://enduro-vietnam.com/all-tours/motorbike-tour-south-vietnam-4-days,/all-tours/motorbike-tour-south-vietnam-4-days,internal,200,/all-tours/motorbike-tour-south-vietnam-4-days
/all-tours/dalat-easy-rider-enduro-beginners,READ MORE,https://enduro-vietnam.com/all-tours/motorbike-tour-south-vietnam-4-days,/all-tours/motorbike-tour-south-vietnam-4-days,internal,200,/all-tours/motorbike-tour-south-vietnam-4-days
/all-tours/dalat-easy-rider-enduro-beginners,/all-tours/5-day-motorbike-tour-from-saigon-ho-chi-minh-city,https://enduro-vietnam.com/all-tours/5-day-motorbike-tour-from-saigon-ho-chi-minh-city,/all-tours/5-day-motorbike-tour-from-saigon-ho-chi-minh-city,internal,200,/all-tours/5-day-motorbike-tour-from-saigon-ho-chi-minh-city
/all-tours/dalat-easy-rider-enduro-beginners,READ MORE,https://enduro-vietnam.com/all-tours/5-day-motorbike-tour-from-saigon-ho-chi-minh-city,/all-tours/5-day-motorbike-tour-from-saigon-ho-chi-minh-city,internal,200,/all-tours/5-day-motorbike-tour-from-saigon-ho-chi-minh-city
/all-tours/dalat-easy-rider-enduro-beginners,/all-tours/mekong-delta-and-coastline-vietnam-motorbike-tour-6-days,https://enduro-vietnam.com/all-tours/mekong-delta-and-coastline-vietnam-motorbike-tour-6-days,/all-tours/mekong-delta-and-coastline-vietnam-motorbike-tour-6-days,internal,200,/all-tours/mekong-delta-and-coastline-vietnam-motorbike-tour-6-days
/all-tours/dalat-easy-rider-enduro-beginners,READ MORE,https://enduro-vietnam.com/all-tours/mekong-delta-and-coastline-vietnam-motorbike-tour-6-days,/all-tours/mekong-delta-and-coastline-vietnam-motorbike-tour-6-days,internal,200,/all-tours/mekong-delta-and-coastline-vietnam-motorbike-tour-6-days
/all-tours/dalat-easy-rider-enduro-beginners,/all-tours/motorcycle-tour-on-coastline-and-highlands-vietnam-7-days,https://enduro-vietnam.com/all-tours/motorcycle-tour-on-coastline-and-highlands-vietnam-7-days,/all-tours/motorcycle-tour-on-coastline-and-highlands-vietnam-7-days,internal,200,/all-tours/motorcycle-tour-on-coastline-and-highlands-vietnam-7-days
/all-tours/dalat-easy-rider-enduro-beginners,READ MORE,https://enduro-vietnam.com/all-tours/motorcycle-tour-on-coastline-and-highlands-vietnam-7-days,/all-tours/motorcycle-tour-on-coastline-and-highlands-vietnam-7-days,internal,200,/all-tours/motorcycle-tour-on-coastline-and-highlands-vietnam-7-days
/all-tours/dalat-easy-rider-enduro-beginners,/all-tours/saigon-motorbike-tour-10-days,https://enduro-vietnam.com/all-tours/saigon-motorbike-tour-10-days,/all-tours/saigon-motorbike-tour-10-days,internal,200,/all-tours/saigon-motorbike-tour-10-days
/all-tours/dalat-easy-rider-enduro-beginners,READ MORE,https://enduro-vietnam.com/all-tours/saigon-motorbike-tour-10-days,/all-tours/saigon-motorbike-tour-10-days,internal,200,/all-tours/saigon-motorbike-tour-10-days
/all-tours/dalat-easy-rider-enduro-beginners,/all-tours/south-vietnam-motorbike-tour-7-days,https://enduro-vietnam.com/all-tours/south-vietnam-motorbike-tour-7-days,/all-tours/south-vietnam-motorbike-tour-7-days,internal,200,/all-tours/south-vietnam-motorbike-tour-7-days
/all-tours/dalat-easy-rider-enduro-beginners,READ MORE,https://enduro-vietnam.com/all-tours/south-vietnam-motorbike-tour-7-days,/all-tours/south-vietnam-motorbike-tour-7-days,internal,200,/all-tours/south-vietnam-motorbike-tour-7-days
/all-tours/dalat-easy-rider-enduro-beginners,https://t.me/mototourvietnam,https://t.me/mototourvietnam,https://t.me/mototourvietnam,external,,
/all-tours/dalat-easy-rider-enduro-beginners,https://www.instagram.com/enduro.vietnam,https://www.instagram.com/enduro.vietnam,https://www.instagram.com/enduro.vietnam,external,,
/all-tours/dalat-easy-rider-enduro-beginners,https://wa.me/79994564498,https://wa.me/79994564498,https://wa.me/79994564498,external,,
/all-tours/dalat-easy-rider-enduro-beginners,https://t.me/mototourvietnam,https://t.me/mototourvietnam,https://t.me/mototourvietnam,external,,
/all-tours/dalat-easy-rider-enduro-beginners,https://www.instagram.com/enduro.vietnam,https://www.instagram.com/enduro.vietnam,https://www.instagram.com/enduro.vietnam,external,,
/all-tours/dalat-easy-rider-enduro-beginners,https://wa.me/79994564498,https://wa.me/79994564498,https://wa.me/79994564498,external,,
/all-tours/dalat-easy-rider-enduro-beginners,https://t.me/mototourvietnam,https://t.me/mototourvietnam,https://t.me/mototourvietnam,external,,
/all-tours/dalat-easy-rider-enduro-beginners,https://www.instagram.com/enduro.vietnam,https://www.instagram.com/enduro.vietnam,https://www.instagram.com/enduro.vietnam,external,,
/all-tours/dalat-easy-rider-enduro-beginners,https://wa.me/79994564498,https://wa.me/79994564498,https://wa.me/79994564498,external,,
/all-tours/dalat-easy-rider-enduro-beginners,https://t.me/mototourvietnam,https://t.me/mototourvietnam,https://t.me/mototourvietnam,external,,
/all-tours/dalat-easy-rider-enduro-beginners,https://www.instagram.com/enduro.vietnam,https://www.instagram.com/enduro.vietnam,https://www.instagram.com/enduro.vietnam,external,,
/all-tours/dalat-easy-rider-enduro-beginners,https://wa.me/79994564498,https://wa.me/79994564498,https://wa.me/79994564498,external,,
/all-tours/dalat-easy-rider-enduro-beginners,https://t.me/mototourvietnam,https://t.me/mototourvietnam,https://t.me/mototourvietnam,external,,
/all-tours/dalat-easy-rider-enduro-beginners,https://www.instagram.com/enduro.vietnam,https://www.instagram.com/enduro.vietnam,https://www.instagram.com/enduro.vietnam,external,,
/all-tours/dalat-easy-rider-enduro-beginners,https://wa.me/79994564498,https://wa.me/79994564498,https://wa.me/79994564498,external,,
/all-tours/dalat-easy-rider-enduro-beginners,logo YouTube,https://youtube.com/@enduro.vietnam?si=FDMtZYMkF863JBpP,https://youtube.com/@enduro.vietnam?si=FDMtZYMkF863JBpP,external,,
/all-tours/dalat-easy-rider-enduro-beginners,youtube.com/@enduro.vietnam,https://youtube.com/@enduro.vietnam?si=FDMtZYMkF863JBpP,https://youtube.com/@enduro.vietnam?si=FDMtZYMkF863JBpP,external,,
/all-tours/dalat-easy-rider-enduro-beginners,logo Instagram,https://www.instagram.com/enduro.vietnam/,https://www.instagram.com/enduro.vietnam/,external,,
/all-tours/dalat-easy-rider-enduro-beginners,instagram.com/enduro.vietnam,https://www.instagram.com/enduro.vietnam/,https://www.instagram.com/enduro.vietnam/,external,,
/all-tours/dalat-easy-rider-enduro-beginners,processing of personal data,/privacy,/privacy,internal,200,/privacy
/all-tours/dalat-easy-rider-enduro-beginners,Главная страница,/ru,/ru,internal,200,/ru
/all-tours/dalat-easy-rider-enduro-beginners,Эндуро туры в Далате,/ru/dalat,/ru/dalat,internal,200,/ru/dalat
/all-tours/dalat-easy-rider-enduro-beginners,Эндуро туры в Нячанге,/ru/nhatrang,/ru/nhatrang,internal,200,/ru/nhatrang
/all-tours/dalat-easy-rider-enduro-beginners,Эндуро туры в Дананге,/ru/danang,/ru/danang,internal,200,/ru/danang
/all-tours/dalat-easy-rider-enduro-beginners,Эндуро туры в Муйне,/ru/muine,/ru/muine,internal,200,/ru/muine
/all-tours/dalat-easy-rider-enduro-beginners,Все туры,/ru/all-tours,/ru/all-tours,internal,200,/ru/all-tours
/all-tours/dalat-easy-rider-enduro-beginners,Аренда скутеров Далат,ru/rent-motorbike-dalat,/ru/rent-motorbike-dalat,internal,404,/all-tours/ru/rent-motorbike-dalat
/all-tours/dalat-easy-rider-enduro-beginners,Аренда скутеров Нячанг,ru/rent-scooter-nhatrang,/ru/rent-scooter-nhatrang,internal,404,/all-tours/ru/rent-scooter-nhatrang
/all-tours/dalat-easy-rider-enduro-beginners,/aboutourclinic,/aboutourclinic,,unavailable,404,/aboutourclinic
/all-tours/dalat-easy-rider-enduro-beginners,Enduro tours in Vietnam,/,/,internal,200,/
/all-tours/dalat-easy-rider-enduro-beginners,Dalat,/dalat,/dalat,internal,200,/dalat
/all-tours/dalat-easy-rider-enduro-beginners,Nha Trang,/nhatrang,/nhatrang,internal,200,/nhatrang
/all-tours/dalat-easy-rider-enduro-beginners,Danang,/danang,/danang,internal,200,/danang
/all-tours/dalat-easy-rider-enduro-beginners,Muine,/muine,/muine,internal,200,/muine
/all-tours/dalat-easy-rider-enduro-beginners,All tours,/all-tours,/all-tours,internal,200,/all-tours
/all-tours/dalat-easy-rider-enduro-beginners,Scooter rental in Dalat,/rent-motorbike-dalat,/rent-motorbike-dalat,internal,200,/rent-motorbike-dalat
/all-tours/dalat-easy-rider-enduro-beginners,Scooter rental in Nha Trang,/rent-scooter-nhatrang,/rent-scooter-nhatrang,internal,200,/rent-scooter-nhatrang
/all-tours/dalat-easy-rider-enduro-beginners,Vietnam,https://maps.app.goo.gl/hvewF4aRPsdtciud6,https://maps.app.goo.gl/hvewF4aRPsdtciud6,external,,
/all-tours/dalat-easy-rider-enduro-beginners,https://t.me/mototourvietnam,https://t.me/mototourvietnam,https://t.me/mototourvietnam,external,,
/all-tours/dalat-easy-rider-enduro-beginners,https://www.instagram.com/enduro.vietnam,https://www.instagram.com/enduro.vietnam,https://www.instagram.com/enduro.vietnam,external,,
/all-tours/dalat-easy-rider-enduro-beginners,https://wa.me/79994564498,https://wa.me/79994564498,https://wa.me/79994564498,external,,
/all-tours/dalat-easy-rider-enduro-beginners,Enduro tours in Vietnam,/,/,internal,200,/
/all-tours/dalat-easy-rider-enduro-beginners,Dalat,/dalat,/dalat,internal,200,/dalat
/all-tours/dalat-easy-rider-enduro-beginners,Nha Trang,/nhatrang,/nhatrang,internal,200,/nhatrang
/all-tours/dalat-easy-rider-enduro-beginners,Danang,/danang,/danang,internal,200,/danang
/all-tours/dalat-easy-rider-enduro-beginners,All tours,/all-tours,/all-tours,internal,200,/all-tours
/all-tours/dalat-easy-rider-enduro-beginners,Scooter rental in Dalat,/rent-motorbike-dalat,/rent-motorbike-dalat,internal,200,/rent-motorbike-dalat
/all-tours/dalat-easy-rider-enduro-beginners,Мототуры по всему Вьетнаму,/ru,/ru,internal,200,/ru
/all-tours/dalat-easy-rider-enduro-beginners,Аренда Dirt байков и эндуро туры в Муйне,/ru/muine,/ru/muine,internal,200,/ru/muine
/all-tours/dalat-easy-rider-enduro-beginners,Аренда эндуро мотоциклов и мото туры в Далате,/ru/dalat,/ru/dalat,internal,200,/ru/dalat
/all-tours/dalat-easy-rider-enduro-beginners,Эндуро туры в Нячанге,/ru/nhatrang,/ru/nhatrang,internal,200,/ru/nhatrang
/all-tours/dalat-easy-rider-enduro-beginners,https://t.me/mototourvietnam,https://t.me/mototourvietnam,https://t.me/mototourvietnam,external,,
/all-tours/dalat-easy-rider-enduro-beginners,https://www.instagram.com/enduro.vietnam,https://www.instagram.com/enduro.vietnam,https://www.instagram.com/enduro.vietnam,external,,
/all-tours/dalat-easy-rider-enduro-beginners,https://wa.me/79994564498,https://wa.me/79994564498,https://wa.me/79994564498,external,,
/all-tours/dalat-easy-rider-enduro-beginners,https://t.me/mototourvietnam,https://t.me/mototourvietnam,https://t.me/mototourvietnam,external,,
/all-tours/dalat-easy-rider-enduro-beginners,Creatium,https://creatium.app,https://creatium.app,external,,
/all-tours/dalat-enduro-tour-advanced,/,/,/,internal,200,/
/all-tours/dalat-enduro-tour-advanced,All tours,/all-tours,/all-tours,internal,200,/all-tours
/all-tours/dalat-enduro-tour-advanced,https://t.me/mototourvietnam,https://t.me/mototourvietnam,https://t.me/mototourvietnam,external,,
/all-tours/dalat-enduro-tour-advanced,https://www.instagram.com/enduro.vietnam,https://www.instagram.com/enduro.vietnam,https://www.instagram.com/enduro.vietnam,external,,
/all-tours/dalat-enduro-tour-advanced,https://wa.me/79994564498,https://wa.me/79994564498,https://wa.me/79994564498,external,,
/all-tours/dalat-enduro-tour-advanced,/,/,/,internal,200,/
/all-tours/dalat-enduro-tour-advanced,Type: Mini-band,http://,http://,external,,
/all-tours/dalat-enduro-tour-advanced,Group size: 4 people,http://,http://,external,,
/all-tours/dalat-enduro-tour-advanced,Duration: 6 hours,http://,http://,external,,
/all-tours/dalat-enduro-tour-advanced,"Booking confirmation: record at least 2 days in advance. The organizer will confirm the booking for the date you have chosen, after which you will make a 30% prepayment.",http://,http://,external,,
/all-tours/dalat-enduro-tour-advanced,https://t.me/mototourvietnam,https://t.me/mototourvietnam,https://t.me/mototourvietnam,external,,
/all-tours/dalat-enduro-tour-advanced,https://www.instagram.com/enduro.vietnam,https://www.instagram.com/enduro.vietnam,https://www.instagram.com/enduro.vietnam,external,,
/all-tours/dalat-enduro-tour-advanced,https://wa.me/79994564498,https://wa.me/79994564498,https://wa.me/79994564498,external,,
/all-tours/dalat-enduro-tour-advanced,Enduro Vietnam,/,/,internal,200,/
/all-tours/dalat-enduro-tour-advanced,All tours,/all-tours,/all-tours,internal,200,/all-tours
/all-tours/dalat-enduro-tour-advanced,To book,https://t.me/mototourvietnam,https://t.me/mototourvietnam,external,,
/all-tours/dalat-enduro-tour-advanced,To book,https://t.me/mototourvietnam,https://t.me/mototourvietnam,external,,
/all-tours/dalat-enduro-tour-advanced,https://t.me/mototourvietnam,https://t.me/mototourvietnam,https://t.me/mototourvietnam,external,,
/all-tours/dalat-enduro-tour-advanced,https://www.instagram.com/enduro.vietnam,https://www.instagram.com/enduro.vietnam,https://www.instagram.com/enduro.vietnam,external,,
/all-tours/dalat-enduro-tour-advanced,https://wa.me/79994564498,https://wa.me/79994564498,https://wa.me/79994564498,external,,
/all-tours/dalat-enduro-tour-advanced,Enduro Vietnam,/,/,internal,200,/
/all-tours/dalat-enduro-tour-advanced,All tours,/all-tours,/all-tours,internal,200,/all-tours
/all-tours/dalat-enduro-tour-advanced,Watch more tours,https://enduro-vietnam.com/all-tours/,/all-tours,internal,200,/all-tours
/all-tours/dalat-enduro-tour-advanced,/all-tours/dalat-enduro-tour-one-day,https://enduro-vietnam.com/all-tours/dalat-enduro-tour-one-day,/all-tours/dalat-enduro-tour-one-day,internal,200,/all-tours/dalat-enduro-tour-one-day
/all-tours/dalat-enduro-tour-advanced,READ MORE,https://enduro-vietnam.com/all-tours/dalat-enduro-tour-one-day,/all-tours/dalat-enduro-tour-one-day,internal,200,/all-tours/dalat-enduro-tour-one-day
/all-tours/dalat-enduro-tour-advanced,/all-tours/dalat-enduro-tour-advanced,https://enduro-vietnam.com/all-tours/dalat-enduro-tour-advanced,/all-tours/dalat-enduro-tour-advanced,internal,200,/all-tours/dalat-enduro-tour-advanced
/all-tours/dalat-enduro-tour-advanced,READ MORE,https://enduro-vietnam.com/all-tours/dalat-enduro-tour-advanced,/all-tours/dalat-enduro-tour-advanced,internal,200,/all-tours/dalat-enduro-tour-advanced
/all-tours/dalat-enduro-tour-advanced,/all-tours/dalat-enduro-tour-two-day,https://enduro-vietnam.com/all-tours/dalat-enduro-tour-two-day,/all-tours/dalat-enduro-tour-two-day,internal,200,/all-tours/dalat-enduro-tour-two-day
/all-tours/dalat-enduro-tour-advanced,READ MORE,https://enduro-vietnam.com/all-tours/dalat-enduro-tour-two-day,/all-tours/dalat-enduro-tour-two-day,internal,200,/all-tours/dalat-enduro-tour-two-day
/all-tours/dalat-enduro-tour-advanced,/all-tours/three-day-tour-dalat-nhatrang,https://enduro-vietnam.com/all-tours/three-day-tour-dalat-nhatrang,/all-tours/three-day-tour-dalat-nhatrang,internal,200,/all-tours/three-day-tour-dalat-nhatrang
/all-tours/dalat-enduro-tour-advanced,READ MORE,https://enduro-vietnam.com/all-tours/three-day-tour-dalat-nhatrang,/all-tours/three-day-tour-dalat-nhatrang,internal,200,/all-tours/three-day-tour-dalat-nhatrang
/all-tours/dalat-enduro-tour-advanced,/all-tours/three-day-tour-dalat-muine,https://enduro-vietnam.com/all-tours/three-day-tour-dalat-muine,/all-tours/three-day-tour-dalat-muine,internal,200,/all-tours/three-day-tour-dalat-muine
/all-tours/dalat-enduro-tour-advanced,READ MORE,https://enduro-vietnam.com/all-tours/three-day-tour-dalat-muine,/all-tours/three-day-tour-dalat-muine,internal,200,/all-tours/three-day-tour-dalat-muine
/all-tours/dalat-enduro-tour-advanced,/all-tours/dalat-easy-rider-enduro-beginners,https://enduro-vietnam.com/all-tours/dalat-easy-rider-enduro-beginners,/all-tours/dalat-easy-rider-enduro-beginners,internal,200,/all-tours/dalat-easy-rider-enduro-beginners
/all-tours/dalat-enduro-tour-advanced,READ MORE,https://enduro-vietnam.com/all-tours/dalat-easy-rider-enduro-beginners,/all-tours/dalat-easy-rider-enduro-beginners,internal,200,/all-tours/dalat-easy-rider-enduro-beginners
/all-tours/dalat-enduro-tour-advanced,/all-tours/nhatrang-enduro-tour-one-day,https://enduro-vietnam.com/all-tours/nhatrang-enduro-tour-one-day,/all-tours/nhatrang-enduro-tour-one-day,internal,200,/all-tours/nhatrang-enduro-tour-one-day
/all-tours/dalat-enduro-tour-advanced,READ MORE,https://enduro-vietnam.com/all-tours/nhatrang-enduro-tour-one-day,/all-tours/nhatrang-enduro-tour-one-day,internal,200,/all-tours/nhatrang-enduro-tour-one-day
/all-tours/dalat-enduro-tour-advanced,/all-tours/nhatrang-enduro-tour-advanced,https://enduro-vietnam.com/all-tours/nhatrang-enduro-tour-advanced,/all-tours/nhatrang-enduro-tour-advanced,internal,200,/all-tours/nhatrang-enduro-tour-advanced
/all-tours/dalat-enduro-tour-advanced,READ MORE,https://enduro-vietnam.com/all-tours/nhatrang-enduro-tour-advanced,/all-tours/nhatrang-enduro-tour-advanced,internal,200,/all-tours/nhatrang-enduro-tour-advanced
/all-tours/dalat-enduro-tour-advanced,/all-tours/motorbike-tour-south-vietnam-4-days,https://enduro-vietnam.com/all-tours/motorbike-tour-south-vietnam-4-days,/all-tours/motorbike-tour-south-vietnam-4-days,internal,200,/all-tours/motorbike-tour-south-vietnam-4-days
/all-tours/dalat-enduro-tour-advanced,READ MORE,https://enduro-vietnam.com/all-tours/motorbike-tour-south-vietnam-4-days,/all-tours/motorbike-tour-south-vietnam-4-days,internal,200,/all-tours/motorbike-tour-south-vietnam-4-days
/all-tours/dalat-enduro-tour-advanced,Watch more tours,https://enduro-vietnam.com/all-tours/,/all-tours,internal,200,/all-tours
/all-tours/dalat-enduro-tour-advanced,TO BOOK,https://t.me/mototourvietnam,https://t.me/mototourvietnam,external,,
/all-tours/dalat-enduro-tour-advanced,READ MORE,https://enduro-vietnam.com/all-tours/dalat-enduro-tour-one-day,/all-tours/dalat-enduro-tour-one-day,internal,200,/all-tours/dalat-enduro-tour-one-day
/all-tours/dalat-enduro-tour-advanced,TO BOOK,https://t.me/mototourvietnam,https://t.me/mototourvietnam,external,,
/all-tours/dalat-enduro-tour-advanced,READ MORE,https://enduro-vietnam.com/all-tours/dalat-enduro-tour-advanced,/all-tours/dalat-enduro-tour-advanced,internal,200,/all-tours/dalat-enduro-tour-advanced
/all-tours/dalat-enduro-tour-advanced,TO BOOK,https://t.me/mototourvietnam,https://t.me/mototourvietnam,external,,
/all-tours/dalat-enduro-tour-advanced,READ MORE,https://enduro-vietnam.com/all-tours/dalat-enduro-tour-two-day,/all-tours/dalat-enduro-tour-two-day,internal,200,/all-tours/dalat-enduro-tour-two-day
/all-tours/dalat-enduro-tour-advanced,TO BOOK,https://t.me/mototourvietnam,https://t.me/mototourvietnam,external,,
/all-tours/dalat-enduro-tour-advanced,READ MORE,https://enduro-vietnam.com/all-tours/three-day-tour-dalat-nhatrang,/all-tours/three-day-tour-dalat-nhatrang,internal,200,/all-tours/three-day-tour-dalat-nhatrang
/all-tours/dalat-enduro-tour-advanced,TO BOOK,https://t.me/mototourvietnam,https://t.me/mototourvietnam,external,,
/all-tours/dalat-enduro-tour-advanced,READ MORE,https://enduro-vietnam.com/all-tours/three-day-tour-dalat-muine,/all-tours/three-day-tour-dalat-muine,internal,200,/all-tours/three-day-tour-dalat-muine
/all-tours/dalat-enduro-tour-advanced,TO BOOK,https://t.me/mototourvietnam,https://t.me/mototourvietnam,external,,
/all-tours/dalat-enduro-tour-advanced,READ MORE,https://enduro-vietnam.com/all-tours/dalat-easy-rider-enduro-beginners,/all-tours/dalat-easy-rider-enduro-beginners,internal,200,/all-tours/dalat-easy-rider-enduro-beginners
/all-tours/dalat-enduro-tour-advanced,TO BOOK,https://t.me/mototourvietnam,https://t.me/mototourvietnam,external,,
/all-tours/dalat-enduro-tour-advanced,READ MORE,https://enduro-vietnam.com/all-tours/nhatrang-enduro-tour-one-day,/all-tours/nhatrang-enduro-tour-one-day,internal,200,/all-tours/nhatrang-enduro-tour-one-day
/all-tours/dalat-enduro-tour-advanced,TO BOOK,https://t.me/mototourvietnam,https://t.me/mototourvietnam,external,,
/all-tours/dalat-enduro-tour-advanced,READ MORE,https://enduro-vietnam.com/all-tours/nhatrang-enduro-tour-advanced,/all-tours/nhatrang-enduro-tour-advanced,internal,200,/all-tours/nhatrang-enduro-tour-advanced
/all-tours/dalat-enduro-tour-advanced,TO BOOK,https://t.me/mototourvietnam,https://t.me/mototourvietnam,external,,
/all-tours/dalat-enduro-tour-advanced,READ MORE,https://enduro-vietnam.com/all-tours/motorbike-tour-south-vietnam-4-days,/all-tours/motorbike-tour-south-vietnam-4-days,internal,200,/all-tours/motorbike-tour-south-vietnam-4-days
/all-tours/dalat-enduro-tour-advanced,TO BOOK,https://t.me/mototourvietnam,https://t.me/mototourvietnam,external,,
/all-tours/dalat-enduro-tour-advanced,READ MORE,https://enduro-vietnam.com/all-tours/5-day-motorbike-tour-from-saigon-ho-chi-minh-city,/all-tours/5-day-motorbike-tour-from-saigon-ho-chi-minh-city,internal,200,/all-tours/5-day-motorbike-tour-from-saigon-ho-chi-minh-city
/all-tours/dalat-enduro-tour-advanced,TO BOOK,https://t.me/mototourvietnam,https://t.me/mototourvietnam,external,,
/all-tours/dalat-enduro-tour-advanced,READ MORE,https://enduro-vietnam.com/all-tours/mekong-delta-and-coastline-vietnam-motorbike-tour-6-days,/all-tours/mekong-delta-and-coastline-vietnam-motorbike-tour-6-days,internal,200,/all-tours/mekong-delta-and-coastline-vietnam-motorbike-tour-6-days
/all-tours/dalat-enduro-tour-advanced,TO BOOK,https://t.me/mototourvietnam,https://t.me/mototourvietnam,external,,
/all-tours/dalat-enduro-tour-advanced,READ MORE,https://enduro-vietnam.com/all-tours/motorcycle-tour-on-coastline-and-highlands-vietnam-7-days,/all-tours/motorcycle-tour-on-coastline-and-highlands-vietnam-7-days,internal,200,/all-tours/motorcycle-tour-on-coastline-and-highlands-vietnam-7-days
/all-tours/dalat-enduro-tour-advanced,TO BOOK,https://t.me/mototourvietnam,https://t.me/mototourvietnam,external,,
/all-tours/dalat-enduro-tour-advanced,READ MORE,https://enduro-vietnam.com/all-tours/saigon-motorbike-tour-10-days,/all-tours/saigon-motorbike-tour-10-days,internal,200,/all-tours/saigon-motorbike-tour-10-days
/all-tours/dalat-enduro-tour-advanced,TO BOOK,https://t.me/mototourvietnam,https://t.me/mototourvietnam,external,,
/all-tours/dalat-enduro-tour-advanced,READ MORE,https://enduro-vietnam.com/all-tours/south-vietnam-motorbike-tour-7-days,/all-tours/south-vietnam-motorbike-tour-7-days,internal,200,/all-tours/south-vietnam-motorbike-tour-7-days
/all-tours/dalat-enduro-tour-advanced,/all-tours/dalat-enduro-tour-one-day,https://enduro-vietnam.com/all-tours/dalat-enduro-tour-one-day,/all-tours/dalat-enduro-tour-one-day,internal,200,/all-tours/dalat-enduro-tour-one-day
/all-tours/dalat-enduro-tour-advanced,READ MORE,https://enduro-vietnam.com/all-tours/dalat-enduro-tour-one-day,/all-tours/dalat-enduro-tour-one-day,internal,200,/all-tours/dalat-enduro-tour-one-day
/all-tours/dalat-enduro-tour-advanced,/all-tours/dalat-enduro-tour-advanced,https://enduro-vietnam.com/all-tours/dalat-enduro-tour-advanced,/all-tours/dalat-enduro-tour-advanced,internal,200,/all-tours/dalat-enduro-tour-advanced
/all-tours/dalat-enduro-tour-advanced,READ MORE,https://enduro-vietnam.com/all-tours/dalat-enduro-tour-advanced,/all-tours/dalat-enduro-tour-advanced,internal,200,/all-tours/dalat-enduro-tour-advanced
/all-tours/dalat-enduro-tour-advanced,/all-tours/dalat-enduro-tour-two-day,https://enduro-vietnam.com/all-tours/dalat-enduro-tour-two-day,/all-tours/dalat-enduro-tour-two-day,internal,200,/all-tours/dalat-enduro-tour-two-day
/all-tours/dalat-enduro-tour-advanced,READ MORE,https://enduro-vietnam.com/all-tours/dalat-enduro-tour-two-day,/all-tours/dalat-enduro-tour-two-day,internal,200,/all-tours/dalat-enduro-tour-two-day
/all-tours/dalat-enduro-tour-advanced,/all-tours/three-day-tour-dalat-nhatrang,https://enduro-vietnam.com/all-tours/three-day-tour-dalat-nhatrang,/all-tours/three-day-tour-dalat-nhatrang,internal,200,/all-tours/three-day-tour-dalat-nhatrang
/all-tours/dalat-enduro-tour-advanced,READ MORE,https://enduro-vietnam.com/all-tours/three-day-tour-dalat-nhatrang,/all-tours/three-day-tour-dalat-nhatrang,internal,200,/all-tours/three-day-tour-dalat-nhatrang
/all-tours/dalat-enduro-tour-advanced,/all-tours/three-day-tour-dalat-muine,https://enduro-vietnam.com/all-tours/three-day-tour-dalat-muine,/all-tours/three-day-tour-dalat-muine,internal,200,/all-tours/three-day-tour-dalat-muine
/all-tours/dalat-enduro-tour-advanced,READ MORE,https://enduro-vietnam.com/all-tours/three-day-tour-dalat-muine,/all-tours/three-day-tour-dalat-muine,internal,200,/all-tours/three-day-tour-dalat-muine
/all-tours/dalat-enduro-tour-advanced,/all-tours/dalat-easy-rider-enduro-beginners,https://enduro-vietnam.com/all-tours/dalat-easy-rider-enduro-beginners,/all-tours/dalat-easy-rider-enduro-beginners,internal,200,/all-tours/dalat-easy-rider-enduro-beginners
/all-tours/dalat-enduro-tour-advanced,READ MORE,https://enduro-vietnam.com/all-tours/dalat-easy-rider-enduro-beginners,/all-tours/dalat-easy-rider-enduro-beginners,internal,200,/all-tours/dalat-easy-rider-enduro-beginners
/all-tours/dalat-enduro-tour-advanced,/all-tours/nhatrang-enduro-tour-one-day,https://enduro-vietnam.com/all-tours/nhatrang-enduro-tour-one-day,/all-tours/nhatrang-enduro-tour-one-day,internal,200,/all-tours/nhatrang-enduro-tour-one-day
/all-tours/dalat-enduro-tour-advanced,READ MORE,https://enduro-vietnam.com/all-tours/nhatrang-enduro-tour-one-day,/all-tours/nhatrang-enduro-tour-one-day,internal,200,/all-tours/nhatrang-enduro-tour-one-day
/all-tours/dalat-enduro-tour-advanced,/all-tours/nhatrang-enduro-tour-advanced,https://enduro-vietnam.com/all-tours/nhatrang-enduro-tour-advanced,/all-tours/nhatrang-enduro-tour-advanced,internal,200,/all-tours/nhatrang-enduro-tour-advanced
/all-tours/dalat-enduro-tour-advanced,READ MORE,https://enduro-vietnam.com/all-tours/nhatrang-enduro-tour-advanced,/all-tours/nhatrang-enduro-tour-advanced,internal,200,/all-tours/nhatrang-enduro-tour-advanced
/all-tours/dalat-enduro-tour-advanced,/all-tours/motorbike-tour-south-vietnam-4-days,https://enduro-vietnam.com/all-tours/motorbike-tour-south-vietnam-4-days,/all-tours/motorbike-tour-south-vietnam-4-days,internal,200,/all-tours/motorbike-tour-south-vietnam-4-days
/all-tours/dalat-enduro-tour-advanced,READ MORE,https://enduro-vietnam.com/all-tours/motorbike-tour-south-vietnam-4-days,/all-tours/motorbike-tour-south-vietnam-4-days,internal,200,/all-tours/motorbike-tour-south-vietnam-4-days
/all-tours/dalat-enduro-tour-advanced,/all-tours/5-day-motorbike-tour-from-saigon-ho-chi-minh-city,https://enduro-vietnam.com/all-tours/5-day-motorbike-tour-from-saigon-ho-chi-minh-city,/all-tours/5-day-motorbike-tour-from-saigon-ho-chi-minh-city,internal,200,/all-tours/5-day-motorbike-tour-from-saigon-ho-chi-minh-city
/all-tours/dalat-enduro-tour-advanced,READ MORE,https://enduro-vietnam.com/all-tours/5-day-motorbike-tour-from-saigon-ho-chi-minh-city,/all-tours/5-day-motorbike-tour-from-saigon-ho-chi-minh-city,internal,200,/all-tours/5-day-motorbike-tour-from-saigon-ho-chi-minh-city
/all-tours/dalat-enduro-tour-advanced,/all-tours/mekong-delta-and-coastline-vietnam-motorbike-tour-6-days,https://enduro-vietnam.com/all-tours/mekong-delta-and-coastline-vietnam-motorbike-tour-6-days,/all-tours/mekong-delta-and-coastline-vietnam-motorbike-tour-6-days,internal,200,/all-tours/mekong-delta-and-coastline-vietnam-motorbike-tour-6-days
/all-tours/dalat-enduro-tour-advanced,READ MORE,https://enduro-vietnam.com/all-tours/mekong-delta-and-coastline-vietnam-motorbike-tour-6-days,/all-tours/mekong-delta-and-coastline-vietnam-motorbike-tour-6-days,internal,200,/all-tours/mekong-delta-and-coastline-vietnam-motorbike-tour-6-days
/all-tours/dalat-enduro-tour-advanced,/all-tours/motorcycle-tour-on-coastline-and-highlands-vietnam-7-days,https://enduro-vietnam.com/all-tours/motorcycle-tour-on-coastline-and-highlands-vietnam-7-days,/all-tours/motorcycle-tour-on-coastline-and-highlands-vietnam-7-days,internal,200,/all-tours/motorcycle-tour-on-coastline-and-highlands-vietnam-7-days
/all-tours/dalat-enduro-tour-advanced,READ MORE,https://enduro-vietnam.com/all-tours/motorcycle-tour-on-coastline-and-highlands-vietnam-7-days,/all-tours/motorcycle-tour-on-coastline-and-highlands-vietnam-7-days,internal,200,/all-tours/motorcycle-tour-on-coastline-and-highlands-vietnam-7-days
/all-tours/dalat-enduro-tour-advanced,/all-tours/saigon-motorbike-tour-10-days,https://enduro-vietnam.com/all-tours/saigon-motorbike-tour-10-days,/all-tours/saigon-motorbike-tour-10-days,internal,200,/all-tours/saigon-motorbike-tour-10-days
/all-tours/dalat-enduro-tour-advanced,READ MORE,https://enduro-vietnam.com/all-tours/saigon-motorbike-tour-10-days,/all-tours/saigon-motorbike-tour-10-days,internal,200,/all-tours/saigon-motorbike-tour-10-days
/all-tours/dalat-enduro-tour-advanced,/all-tours/south-vietnam-motorbike-tour-7-days,https://enduro-vietnam.com/all-tours/south-vietnam-motorbike-tour-7-days,/all-tours/south-vietnam-motorbike-tour-7-days,internal,200,/all-tours/south-vietnam-motorbike-tour-7-days
/all-tours/dalat-enduro-tour-advanced,READ MORE,https://enduro-vietnam.com/all-tours/south-vietnam-motorbike-tour-7-days,/all-tours/south-vietnam-motorbike-tour-7-days,internal,200,/all-tours/south-vietnam-motorbike-tour-7-days
/all-tours/dalat-enduro-tour-advanced,https://t.me/mototourvietnam,https://t.me/mototourvietnam,https://t.me/mototourvietnam,external,,
/all-tours/dalat-enduro-tour-advanced,https://www.instagram.com/enduro.vietnam,https://www.instagram.com/enduro.vietnam,https://www.instagram.com/enduro.vietnam,external,,
/all-tours/dalat-enduro-tour-advanced,https://wa.me/79994564498,https://wa.me/79994564498,https://wa.me/79994564498,external,,
/all-tours/dalat-enduro-tour-advanced,https://t.me/mototourvietnam,https://t.me/mototourvietnam,https://t.me/mototourvietnam,external,,
/all-tours/dalat-enduro-tour-advanced,https://www.instagram.com/enduro.vietnam,https://www.instagram.com/enduro.vietnam,https://www.instagram.com/enduro.vietnam,external,,
/all-tours/dalat-enduro-tour-advanced,https://wa.me/79994564498,https://wa.me/79994564498,https://wa.me/79994564498,external,,
/all-tours/dalat-enduro-tour-advanced,https://t.me/mototourvietnam,https://t.me/mototourvietnam,https://t.me/mototourvietnam,external,,
/all-tours/dalat-enduro-tour-advanced,https://www.instagram.com/enduro.vietnam,https://www.instagram.com/enduro.vietnam,https://www.instagram.com/enduro.vietnam,external,,
/all-tours/dalat-enduro-tour-advanced,https://wa.me/79994564498,https://wa.me/79994564498,https://wa.me/79994564498,external,,
/all-tours/dalat-enduro-tour-advanced,https://t.me/mototourvietnam,https://t.me/mototourvietnam,https://t.me/mototourvietnam,external,,
/all-tours/dalat-enduro-tour-advanced,https://www.instagram.com/enduro.vietnam,https://www.instagram.com/enduro.vietnam,https://www.instagram.com/enduro.vietnam,external,,
/all-tours/dalat-enduro-tour-advanced,https://wa.me/79994564498,https://wa.me/79994564498,https://wa.me/79994564498,external,,
/all-tours/dalat-enduro-tour-advanced,https://t.me/mototourvietnam,https://t.me/mototourvietnam,https://t.me/mototourvietnam,external,,
/all-tours/dalat-enduro-tour-advanced,https://www.instagram.com/enduro.vietnam,https://www.instagram.com/enduro.vietnam,https://www.instagram.com/enduro.vietnam,external,,
/all-tours/dalat-enduro-tour-advanced,https://wa.me/79994564498,https://wa.me/79994564498,https://wa.me/79994564498,external,,
/all-tours/dalat-enduro-tour-advanced,logo YouTube,https://youtube.com/@enduro.vietnam?si=FDMtZYMkF863JBpP,https://youtube.com/@enduro.vietnam?si=FDMtZYMkF863JBpP,external,,
/all-tours/dalat-enduro-tour-advanced,youtube.com/@enduro.vietnam,https://youtube.com/@enduro.vietnam?si=FDMtZYMkF863JBpP,https://youtube.com/@enduro.vietnam?si=FDMtZYMkF863JBpP,external,,
/all-tours/dalat-enduro-tour-advanced,logo Instagram,https://www.instagram.com/enduro.vietnam/,https://www.instagram.com/enduro.vietnam/,external,,
/all-tours/dalat-enduro-tour-advanced,instagram.com/enduro.vietnam,https://www.instagram.com/enduro.vietnam/,https://www.instagram.com/enduro.vietnam/,external,,
/all-tours/dalat-enduro-tour-advanced,processing of personal data,/privacy,/privacy,internal,200,/privacy
/all-tours/dalat-enduro-tour-advanced,Главная страница,/ru,/ru,internal,200,/ru
/all-tours/dalat-enduro-tour-advanced,Эндуро туры в Далате,/ru/dalat,/ru/dalat,internal,200,/ru/dalat
/all-tours/dalat-enduro-tour-advanced,Эндуро туры в Нячанге,/ru/nhatrang,/ru/nhatrang,internal,200,/ru/nhatrang
/all-tours/dalat-enduro-tour-advanced,Эндуро туры в Дананге,/ru/danang,/ru/danang,internal,200,/ru/danang
/all-tours/dalat-enduro-tour-advanced,Эндуро туры в Муйне,/ru/muine,/ru/muine,internal,200,/ru/muine
/all-tours/dalat-enduro-tour-advanced,Все туры,/ru/all-tours,/ru/all-tours,internal,200,/ru/all-tours
/all-tours/dalat-enduro-tour-advanced,Аренда скутеров Далат,ru/rent-motorbike-dalat,/ru/rent-motorbike-dalat,internal,404,/all-tours/ru/rent-motorbike-dalat
/all-tours/dalat-enduro-tour-advanced,Аренда скутеров Нячанг,ru/rent-scooter-nhatrang,/ru/rent-scooter-nhatrang,internal,404,/all-tours/ru/rent-scooter-nhatrang
/all-tours/dalat-enduro-tour-advanced,/aboutourclinic,/aboutourclinic,,unavailable,404,/aboutourclinic
/all-tours/dalat-enduro-tour-advanced,Enduro tours in Vietnam,/,/,internal,200,/
/all-tours/dalat-enduro-tour-advanced,Dalat,/dalat,/dalat,internal,200,/dalat
/all-tours/dalat-enduro-tour-advanced,Nha Trang,/nhatrang,/nhatrang,internal,200,/nhatrang
/all-tours/dalat-enduro-tour-advanced,Danang,/danang,/danang,internal,200,/danang
/all-tours/dalat-enduro-tour-advanced,Muine,/muine,/muine,internal,200,/muine
/all-tours/dalat-enduro-tour-advanced,All tours,/all-tours,/all-tours,internal,200,/all-tours
/all-tours/dalat-enduro-tour-advanced,Scooter rental in Dalat,/rent-motorbike-dalat,/rent-motorbike-dalat,internal,200,/rent-motorbike-dalat
/all-tours/dalat-enduro-tour-advanced,Scooter rental in Nha Trang,/rent-scooter-nhatrang,/rent-scooter-nhatrang,internal,200,/rent-scooter-nhatrang
/all-tours/dalat-enduro-tour-advanced,Vietnam,https://maps.app.goo.gl/hvewF4aRPsdtciud6,https://maps.app.goo.gl/hvewF4aRPsdtciud6,external,,
/all-tours/dalat-enduro-tour-advanced,https://t.me/mototourvietnam,https://t.me/mototourvietnam,https://t.me/mototourvietnam,external,,
/all-tours/dalat-enduro-tour-advanced,https://www.instagram.com/enduro.vietnam,https://www.instagram.com/enduro.vietnam,https://www.instagram.com/enduro.vietnam,external,,
/all-tours/dalat-enduro-tour-advanced,https://wa.me/79994564498,https://wa.me/79994564498,https://wa.me/79994564498,external,,
/all-tours/dalat-enduro-tour-advanced,Enduro tours in Vietnam,/,/,internal,200,/
/all-tours/dalat-enduro-tour-advanced,Dalat,/dalat,/dalat,internal,200,/dalat
/all-tours/dalat-enduro-tour-advanced,Nha Trang,/nhatrang,/nhatrang,internal,200,/nhatrang
/all-tours/dalat-enduro-tour-advanced,Danang,/danang,/danang,internal,200,/danang
/all-tours/dalat-enduro-tour-advanced,All tours,/all-tours,/all-tours,internal,200,/all-tours
/all-tours/dalat-enduro-tour-advanced,Scooter rental in Dalat,/rent-motorbike-dalat,/rent-motorbike-dalat,internal,200,/rent-motorbike-dalat
/all-tours/dalat-enduro-tour-advanced,Мототуры по всему Вьетнаму,/ru,/ru,internal,200,/ru
/all-tours/dalat-enduro-tour-advanced,Аренда Dirt байков и эндуро туры в Муйне,/ru/muine,/ru/muine,internal,200,/ru/muine
/all-tours/dalat-enduro-tour-advanced,Аренда эндуро мотоциклов и мото туры в Далате,/ru/dalat,/ru/dalat,internal,200,/ru/dalat
/all-tours/dalat-enduro-tour-advanced,Эндуро туры в Нячанге,/ru/nhatrang,/ru/nhatrang,internal,200,/ru/nhatrang
/all-tours/dalat-enduro-tour-advanced,https://t.me/mototourvietnam,https://t.me/mototourvietnam,https://t.me/mototourvietnam,external,,
/all-tours/dalat-enduro-tour-advanced,https://www.instagram.com/enduro.vietnam,https://www.instagram.com/enduro.vietnam,https://www.instagram.com/enduro.vietnam,external,,
/all-tours/dalat-enduro-tour-advanced,https://wa.me/79994564498,https://wa.me/79994564498,https://wa.me/79994564498,external,,
/all-tours/dalat-enduro-tour-advanced,https://t.me/mototourvietnam,https://t.me/mototourvietnam,https://t.me/mototourvietnam,external,,
/all-tours/dalat-enduro-tour-advanced,Creatium,https://creatium.app,https://creatium.app,external,,
/all-tours/dalat-enduro-tour-one-day,/,/,/,internal,200,/
/all-tours/dalat-enduro-tour-one-day,All tours,/all-tours,/all-tours,internal,200,/all-tours
/all-tours/dalat-enduro-tour-one-day,https://t.me/mototourvietnam,https://t.me/mototourvietnam,https://t.me/mototourvietnam,external,,
/all-tours/dalat-enduro-tour-one-day,https://www.instagram.com/enduro.vietnam,https://www.instagram.com/enduro.vietnam,https://www.instagram.com/enduro.vietnam,external,,
/all-tours/dalat-enduro-tour-one-day,https://wa.me/79994564498,https://wa.me/79994564498,https://wa.me/79994564498,external,,
/all-tours/dalat-enduro-tour-one-day,/,/,/,internal,200,/
/all-tours/dalat-enduro-tour-one-day,Type: Mini-band,http://,http://,external,,
/all-tours/dalat-enduro-tour-one-day,Group size: 4 people,http://,http://,external,,
/all-tours/dalat-enduro-tour-one-day,Duration: 3 hours,http://,http://,external,,
/all-tours/dalat-enduro-tour-one-day,"Booking confirmation: record at least 2 days in advance. The organizer will confirm the booking for the date you have chosen, after which you will make a 30% prepayment.",http://,http://,external,,
/all-tours/dalat-enduro-tour-one-day,https://t.me/mototourvietnam,https://t.me/mototourvietnam,https://t.me/mototourvietnam,external,,
/all-tours/dalat-enduro-tour-one-day,https://www.instagram.com/enduro.vietnam,https://www.instagram.com/enduro.vietnam,https://www.instagram.com/enduro.vietnam,external,,
/all-tours/dalat-enduro-tour-one-day,https://wa.me/79994564498,https://wa.me/79994564498,https://wa.me/79994564498,external,,
/all-tours/dalat-enduro-tour-one-day,Enduro Vietnam,/,/,internal,200,/
/all-tours/dalat-enduro-tour-one-day,All tours,/all-tours,/all-tours,internal,200,/all-tours
/all-tours/dalat-enduro-tour-one-day,To book,https://t.me/mototourvietnam,https://t.me/mototourvietnam,external,,
/all-tours/dalat-enduro-tour-one-day,To book,https://t.me/mototourvietnam,https://t.me/mototourvietnam,external,,
/all-tours/dalat-enduro-tour-one-day,https://t.me/mototourvietnam,https://t.me/mototourvietnam,https://t.me/mototourvietnam,external,,
/all-tours/dalat-enduro-tour-one-day,https://www.instagram.com/enduro.vietnam,https://www.instagram.com/enduro.vietnam,https://www.instagram.com/enduro.vietnam,external,,
/all-tours/dalat-enduro-tour-one-day,https://wa.me/79994564498,https://wa.me/79994564498,https://wa.me/79994564498,external,,
/all-tours/dalat-enduro-tour-one-day,Enduro Vietnam,/,/,internal,200,/
/all-tours/dalat-enduro-tour-one-day,All tours,/all-tours,/all-tours,internal,200,/all-tours
/all-tours/dalat-enduro-tour-one-day,Watch more tours,https://enduro-vietnam.com/all-tours/,/all-tours,internal,200,/all-tours
/all-tours/dalat-enduro-tour-one-day,/all-tours/dalat-enduro-tour-one-day,https://enduro-vietnam.com/all-tours/dalat-enduro-tour-one-day,/all-tours/dalat-enduro-tour-one-day,internal,200,/all-tours/dalat-enduro-tour-one-day
/all-tours/dalat-enduro-tour-one-day,READ MORE,https://enduro-vietnam.com/all-tours/dalat-enduro-tour-one-day,/all-tours/dalat-enduro-tour-one-day,internal,200,/all-tours/dalat-enduro-tour-one-day
/all-tours/dalat-enduro-tour-one-day,/all-tours/dalat-enduro-tour-advanced,https://enduro-vietnam.com/all-tours/dalat-enduro-tour-advanced,/all-tours/dalat-enduro-tour-advanced,internal,200,/all-tours/dalat-enduro-tour-advanced
/all-tours/dalat-enduro-tour-one-day,READ MORE,https://enduro-vietnam.com/all-tours/dalat-enduro-tour-advanced,/all-tours/dalat-enduro-tour-advanced,internal,200,/all-tours/dalat-enduro-tour-advanced
/all-tours/dalat-enduro-tour-one-day,/all-tours/dalat-enduro-tour-two-day,https://enduro-vietnam.com/all-tours/dalat-enduro-tour-two-day,/all-tours/dalat-enduro-tour-two-day,internal,200,/all-tours/dalat-enduro-tour-two-day
/all-tours/dalat-enduro-tour-one-day,READ MORE,https://enduro-vietnam.com/all-tours/dalat-enduro-tour-two-day,/all-tours/dalat-enduro-tour-two-day,internal,200,/all-tours/dalat-enduro-tour-two-day
/all-tours/dalat-enduro-tour-one-day,/all-tours/three-day-tour-dalat-nhatrang,https://enduro-vietnam.com/all-tours/three-day-tour-dalat-nhatrang,/all-tours/three-day-tour-dalat-nhatrang,internal,200,/all-tours/three-day-tour-dalat-nhatrang
/all-tours/dalat-enduro-tour-one-day,READ MORE,https://enduro-vietnam.com/all-tours/three-day-tour-dalat-nhatrang,/all-tours/three-day-tour-dalat-nhatrang,internal,200,/all-tours/three-day-tour-dalat-nhatrang
/all-tours/dalat-enduro-tour-one-day,/all-tours/three-day-tour-dalat-muine,https://enduro-vietnam.com/all-tours/three-day-tour-dalat-muine,/all-tours/three-day-tour-dalat-muine,internal,200,/all-tours/three-day-tour-dalat-muine
/all-tours/dalat-enduro-tour-one-day,READ MORE,https://enduro-vietnam.com/all-tours/three-day-tour-dalat-muine,/all-tours/three-day-tour-dalat-muine,internal,200,/all-tours/three-day-tour-dalat-muine
/all-tours/dalat-enduro-tour-one-day,/all-tours/dalat-easy-rider-enduro-beginners,https://enduro-vietnam.com/all-tours/dalat-easy-rider-enduro-beginners,/all-tours/dalat-easy-rider-enduro-beginners,internal,200,/all-tours/dalat-easy-rider-enduro-beginners
/all-tours/dalat-enduro-tour-one-day,READ MORE,https://enduro-vietnam.com/all-tours/dalat-easy-rider-enduro-beginners,/all-tours/dalat-easy-rider-enduro-beginners,internal,200,/all-tours/dalat-easy-rider-enduro-beginners
/all-tours/dalat-enduro-tour-one-day,/all-tours/nhatrang-enduro-tour-one-day,https://enduro-vietnam.com/all-tours/nhatrang-enduro-tour-one-day,/all-tours/nhatrang-enduro-tour-one-day,internal,200,/all-tours/nhatrang-enduro-tour-one-day
/all-tours/dalat-enduro-tour-one-day,READ MORE,https://enduro-vietnam.com/all-tours/nhatrang-enduro-tour-one-day,/all-tours/nhatrang-enduro-tour-one-day,internal,200,/all-tours/nhatrang-enduro-tour-one-day
/all-tours/dalat-enduro-tour-one-day,/all-tours/nhatrang-enduro-tour-advanced,https://enduro-vietnam.com/all-tours/nhatrang-enduro-tour-advanced,/all-tours/nhatrang-enduro-tour-advanced,internal,200,/all-tours/nhatrang-enduro-tour-advanced
/all-tours/dalat-enduro-tour-one-day,READ MORE,https://enduro-vietnam.com/all-tours/nhatrang-enduro-tour-advanced,/all-tours/nhatrang-enduro-tour-advanced,internal,200,/all-tours/nhatrang-enduro-tour-advanced
/all-tours/dalat-enduro-tour-one-day,/all-tours/motorbike-tour-south-vietnam-4-days,https://enduro-vietnam.com/all-tours/motorbike-tour-south-vietnam-4-days,/all-tours/motorbike-tour-south-vietnam-4-days,internal,200,/all-tours/motorbike-tour-south-vietnam-4-days
/all-tours/dalat-enduro-tour-one-day,READ MORE,https://enduro-vietnam.com/all-tours/motorbike-tour-south-vietnam-4-days,/all-tours/motorbike-tour-south-vietnam-4-days,internal,200,/all-tours/motorbike-tour-south-vietnam-4-days
/all-tours/dalat-enduro-tour-one-day,Watch more tours,https://enduro-vietnam.com/all-tours/,/all-tours,internal,200,/all-tours
/all-tours/dalat-enduro-tour-one-day,TO BOOK,https://t.me/mototourvietnam,https://t.me/mototourvietnam,external,,
/all-tours/dalat-enduro-tour-one-day,READ MORE,https://enduro-vietnam.com/all-tours/dalat-enduro-tour-one-day,/all-tours/dalat-enduro-tour-one-day,internal,200,/all-tours/dalat-enduro-tour-one-day
/all-tours/dalat-enduro-tour-one-day,TO BOOK,https://t.me/mototourvietnam,https://t.me/mototourvietnam,external,,
/all-tours/dalat-enduro-tour-one-day,READ MORE,https://enduro-vietnam.com/all-tours/dalat-enduro-tour-advanced,/all-tours/dalat-enduro-tour-advanced,internal,200,/all-tours/dalat-enduro-tour-advanced
/all-tours/dalat-enduro-tour-one-day,TO BOOK,https://t.me/mototourvietnam,https://t.me/mototourvietnam,external,,
/all-tours/dalat-enduro-tour-one-day,READ MORE,https://enduro-vietnam.com/all-tours/dalat-enduro-tour-two-day,/all-tours/dalat-enduro-tour-two-day,internal,200,/all-tours/dalat-enduro-tour-two-day
/all-tours/dalat-enduro-tour-one-day,TO BOOK,https://t.me/mototourvietnam,https://t.me/mototourvietnam,external,,
/all-tours/dalat-enduro-tour-one-day,READ MORE,https://enduro-vietnam.com/all-tours/three-day-tour-dalat-nhatrang,/all-tours/three-day-tour-dalat-nhatrang,internal,200,/all-tours/three-day-tour-dalat-nhatrang
/all-tours/dalat-enduro-tour-one-day,TO BOOK,https://t.me/mototourvietnam,https://t.me/mototourvietnam,external,,
/all-tours/dalat-enduro-tour-one-day,READ MORE,https://enduro-vietnam.com/all-tours/three-day-tour-dalat-muine,/all-tours/three-day-tour-dalat-muine,internal,200,/all-tours/three-day-tour-dalat-muine
/all-tours/dalat-enduro-tour-one-day,TO BOOK,https://t.me/mototourvietnam,https://t.me/mototourvietnam,external,,
/all-tours/dalat-enduro-tour-one-day,READ MORE,https://enduro-vietnam.com/all-tours/dalat-easy-rider-enduro-beginners,/all-tours/dalat-easy-rider-enduro-beginners,internal,200,/all-tours/dalat-easy-rider-enduro-beginners
/all-tours/dalat-enduro-tour-one-day,TO BOOK,https://t.me/mototourvietnam,https://t.me/mototourvietnam,external,,
/all-tours/dalat-enduro-tour-one-day,READ MORE,https://enduro-vietnam.com/all-tours/nhatrang-enduro-tour-one-day,/all-tours/nhatrang-enduro-tour-one-day,internal,200,/all-tours/nhatrang-enduro-tour-one-day
/all-tours/dalat-enduro-tour-one-day,TO BOOK,https://t.me/mototourvietnam,https://t.me/mototourvietnam,external,,
/all-tours/dalat-enduro-tour-one-day,READ MORE,https://enduro-vietnam.com/all-tours/nhatrang-enduro-tour-advanced,/all-tours/nhatrang-enduro-tour-advanced,internal,200,/all-tours/nhatrang-enduro-tour-advanced
/all-tours/dalat-enduro-tour-one-day,TO BOOK,https://t.me/mototourvietnam,https://t.me/mototourvietnam,external,,
/all-tours/dalat-enduro-tour-one-day,READ MORE,https://enduro-vietnam.com/all-tours/motorbike-tour-south-vietnam-4-days,/all-tours/motorbike-tour-south-vietnam-4-days,internal,200,/all-tours/motorbike-tour-south-vietnam-4-days
/all-tours/dalat-enduro-tour-one-day,TO BOOK,https://t.me/mototourvietnam,https://t.me/mototourvietnam,external,,
/all-tours/dalat-enduro-tour-one-day,READ MORE,https://enduro-vietnam.com/all-tours/5-day-motorbike-tour-from-saigon-ho-chi-minh-city,/all-tours/5-day-motorbike-tour-from-saigon-ho-chi-minh-city,internal,200,/all-tours/5-day-motorbike-tour-from-saigon-ho-chi-minh-city
/all-tours/dalat-enduro-tour-one-day,TO BOOK,https://t.me/mototourvietnam,https://t.me/mototourvietnam,external,,
/all-tours/dalat-enduro-tour-one-day,READ MORE,https://enduro-vietnam.com/all-tours/mekong-delta-and-coastline-vietnam-motorbike-tour-6-days,/all-tours/mekong-delta-and-coastline-vietnam-motorbike-tour-6-days,internal,200,/all-tours/mekong-delta-and-coastline-vietnam-motorbike-tour-6-days
/all-tours/dalat-enduro-tour-one-day,TO BOOK,https://t.me/mototourvietnam,https://t.me/mototourvietnam,external,,
/all-tours/dalat-enduro-tour-one-day,READ MORE,https://enduro-vietnam.com/all-tours/motorcycle-tour-on-coastline-and-highlands-vietnam-7-days,/all-tours/motorcycle-tour-on-coastline-and-highlands-vietnam-7-days,internal,200,/all-tours/motorcycle-tour-on-coastline-and-highlands-vietnam-7-days
/all-tours/dalat-enduro-tour-one-day,TO BOOK,https://t.me/mototourvietnam,https://t.me/mototourvietnam,external,,
/all-tours/dalat-enduro-tour-one-day,READ MORE,https://enduro-vietnam.com/all-tours/saigon-motorbike-tour-10-days,/all-tours/saigon-motorbike-tour-10-days,internal,200,/all-tours/saigon-motorbike-tour-10-days
/all-tours/dalat-enduro-tour-one-day,TO BOOK,https://t.me/mototourvietnam,https://t.me/mototourvietnam,external,,
/all-tours/dalat-enduro-tour-one-day,READ MORE,https://enduro-vietnam.com/all-tours/south-vietnam-motorbike-tour-7-days,/all-tours/south-vietnam-motorbike-tour-7-days,internal,200,/all-tours/south-vietnam-motorbike-tour-7-days
/all-tours/dalat-enduro-tour-one-day,/all-tours/dalat-enduro-tour-one-day,https://enduro-vietnam.com/all-tours/dalat-enduro-tour-one-day,/all-tours/dalat-enduro-tour-one-day,internal,200,/all-tours/dalat-enduro-tour-one-day
/all-tours/dalat-enduro-tour-one-day,READ MORE,https://enduro-vietnam.com/all-tours/dalat-enduro-tour-one-day,/all-tours/dalat-enduro-tour-one-day,internal,200,/all-tours/dalat-enduro-tour-one-day
/all-tours/dalat-enduro-tour-one-day,/all-tours/dalat-enduro-tour-advanced,https://enduro-vietnam.com/all-tours/dalat-enduro-tour-advanced,/all-tours/dalat-enduro-tour-advanced,internal,200,/all-tours/dalat-enduro-tour-advanced
/all-tours/dalat-enduro-tour-one-day,READ MORE,https://enduro-vietnam.com/all-tours/dalat-enduro-tour-advanced,/all-tours/dalat-enduro-tour-advanced,internal,200,/all-tours/dalat-enduro-tour-advanced
/all-tours/dalat-enduro-tour-one-day,/all-tours/dalat-enduro-tour-two-day,https://enduro-vietnam.com/all-tours/dalat-enduro-tour-two-day,/all-tours/dalat-enduro-tour-two-day,internal,200,/all-tours/dalat-enduro-tour-two-day
/all-tours/dalat-enduro-tour-one-day,READ MORE,https://enduro-vietnam.com/all-tours/dalat-enduro-tour-two-day,/all-tours/dalat-enduro-tour-two-day,internal,200,/all-tours/dalat-enduro-tour-two-day
/all-tours/dalat-enduro-tour-one-day,/all-tours/three-day-tour-dalat-nhatrang,https://enduro-vietnam.com/all-tours/three-day-tour-dalat-nhatrang,/all-tours/three-day-tour-dalat-nhatrang,internal,200,/all-tours/three-day-tour-dalat-nhatrang
/all-tours/dalat-enduro-tour-one-day,READ MORE,https://enduro-vietnam.com/all-tours/three-day-tour-dalat-nhatrang,/all-tours/three-day-tour-dalat-nhatrang,internal,200,/all-tours/three-day-tour-dalat-nhatrang
/all-tours/dalat-enduro-tour-one-day,/all-tours/three-day-tour-dalat-muine,https://enduro-vietnam.com/all-tours/three-day-tour-dalat-muine,/all-tours/three-day-tour-dalat-muine,internal,200,/all-tours/three-day-tour-dalat-muine
/all-tours/dalat-enduro-tour-one-day,READ MORE,https://enduro-vietnam.com/all-tours/three-day-tour-dalat-muine,/all-tours/three-day-tour-dalat-muine,internal,200,/all-tours/three-day-tour-dalat-muine
/all-tours/dalat-enduro-tour-one-day,/all-tours/dalat-easy-rider-enduro-beginners,https://enduro-vietnam.com/all-tours/dalat-easy-rider-enduro-beginners,/all-tours/dalat-easy-rider-enduro-beginners,internal,200,/all-tours/dalat-easy-rider-enduro-beginners
/all-tours/dalat-enduro-tour-one-day,READ MORE,https://enduro-vietnam.com/all-tours/dalat-easy-rider-enduro-beginners,/all-tours/dalat-easy-rider-enduro-beginners,internal,200,/all-tours/dalat-easy-rider-enduro-beginners
/all-tours/dalat-enduro-tour-one-day,/all-tours/nhatrang-enduro-tour-one-day,https://enduro-vietnam.com/all-tours/nhatrang-enduro-tour-one-day,/all-tours/nhatrang-enduro-tour-one-day,internal,200,/all-tours/nhatrang-enduro-tour-one-day
/all-tours/dalat-enduro-tour-one-day,READ MORE,https://enduro-vietnam.com/all-tours/nhatrang-enduro-tour-one-day,/all-tours/nhatrang-enduro-tour-one-day,internal,200,/all-tours/nhatrang-enduro-tour-one-day
/all-tours/dalat-enduro-tour-one-day,/all-tours/nhatrang-enduro-tour-advanced,https://enduro-vietnam.com/all-tours/nhatrang-enduro-tour-advanced,/all-tours/nhatrang-enduro-tour-advanced,internal,200,/all-tours/nhatrang-enduro-tour-advanced
/all-tours/dalat-enduro-tour-one-day,READ MORE,https://enduro-vietnam.com/all-tours/nhatrang-enduro-tour-advanced,/all-tours/nhatrang-enduro-tour-advanced,internal,200,/all-tours/nhatrang-enduro-tour-advanced
/all-tours/dalat-enduro-tour-one-day,/all-tours/motorbike-tour-south-vietnam-4-days,https://enduro-vietnam.com/all-tours/motorbike-tour-south-vietnam-4-days,/all-tours/motorbike-tour-south-vietnam-4-days,internal,200,/all-tours/motorbike-tour-south-vietnam-4-days
/all-tours/dalat-enduro-tour-one-day,READ MORE,https://enduro-vietnam.com/all-tours/motorbike-tour-south-vietnam-4-days,/all-tours/motorbike-tour-south-vietnam-4-days,internal,200,/all-tours/motorbike-tour-south-vietnam-4-days
/all-tours/dalat-enduro-tour-one-day,/all-tours/5-day-motorbike-tour-from-saigon-ho-chi-minh-city,https://enduro-vietnam.com/all-tours/5-day-motorbike-tour-from-saigon-ho-chi-minh-city,/all-tours/5-day-motorbike-tour-from-saigon-ho-chi-minh-city,internal,200,/all-tours/5-day-motorbike-tour-from-saigon-ho-chi-minh-city
/all-tours/dalat-enduro-tour-one-day,READ MORE,https://enduro-vietnam.com/all-tours/5-day-motorbike-tour-from-saigon-ho-chi-minh-city,/all-tours/5-day-motorbike-tour-from-saigon-ho-chi-minh-city,internal,200,/all-tours/5-day-motorbike-tour-from-saigon-ho-chi-minh-city
/all-tours/dalat-enduro-tour-one-day,/all-tours/mekong-delta-and-coastline-vietnam-motorbike-tour-6-days,https://enduro-vietnam.com/all-tours/mekong-delta-and-coastline-vietnam-motorbike-tour-6-days,/all-tours/mekong-delta-and-coastline-vietnam-motorbike-tour-6-days,internal,200,/all-tours/mekong-delta-and-coastline-vietnam-motorbike-tour-6-days
/all-tours/dalat-enduro-tour-one-day,READ MORE,https://enduro-vietnam.com/all-tours/mekong-delta-and-coastline-vietnam-motorbike-tour-6-days,/all-tours/mekong-delta-and-coastline-vietnam-motorbike-tour-6-days,internal,200,/all-tours/mekong-delta-and-coastline-vietnam-motorbike-tour-6-days
/all-tours/dalat-enduro-tour-one-day,/all-tours/motorcycle-tour-on-coastline-and-highlands-vietnam-7-days,https://enduro-vietnam.com/all-tours/motorcycle-tour-on-coastline-and-highlands-vietnam-7-days,/all-tours/motorcycle-tour-on-coastline-and-highlands-vietnam-7-days,internal,200,/all-tours/motorcycle-tour-on-coastline-and-highlands-vietnam-7-days
/all-tours/dalat-enduro-tour-one-day,READ MORE,https://enduro-vietnam.com/all-tours/motorcycle-tour-on-coastline-and-highlands-vietnam-7-days,/all-tours/motorcycle-tour-on-coastline-and-highlands-vietnam-7-days,internal,200,/all-tours/motorcycle-tour-on-coastline-and-highlands-vietnam-7-days
/all-tours/dalat-enduro-tour-one-day,/all-tours/saigon-motorbike-tour-10-days,https://enduro-vietnam.com/all-tours/saigon-motorbike-tour-10-days,/all-tours/saigon-motorbike-tour-10-days,internal,200,/all-tours/saigon-motorbike-tour-10-days
/all-tours/dalat-enduro-tour-one-day,READ MORE,https://enduro-vietnam.com/all-tours/saigon-motorbike-tour-10-days,/all-tours/saigon-motorbike-tour-10-days,internal,200,/all-tours/saigon-motorbike-tour-10-days
/all-tours/dalat-enduro-tour-one-day,/all-tours/south-vietnam-motorbike-tour-7-days,https://enduro-vietnam.com/all-tours/south-vietnam-motorbike-tour-7-days,/all-tours/south-vietnam-motorbike-tour-7-days,internal,200,/all-tours/south-vietnam-motorbike-tour-7-days
/all-tours/dalat-enduro-tour-one-day,READ MORE,https://enduro-vietnam.com/all-tours/south-vietnam-motorbike-tour-7-days,/all-tours/south-vietnam-motorbike-tour-7-days,internal,200,/all-tours/south-vietnam-motorbike-tour-7-days
/all-tours/dalat-enduro-tour-one-day,https://t.me/mototourvietnam,https://t.me/mototourvietnam,https://t.me/mototourvietnam,external,,
/all-tours/dalat-enduro-tour-one-day,https://www.instagram.com/enduro.vietnam,https://www.instagram.com/enduro.vietnam,https://www.instagram.com/enduro.vietnam,external,,
/all-tours/dalat-enduro-tour-one-day,https://wa.me/79994564498,https://wa.me/79994564498,https://wa.me/79994564498,external,,
/all-tours/dalat-enduro-tour-one-day,https://t.me/mototourvietnam,https://t.me/mototourvietnam,https://t.me/mototourvietnam,external,,
/all-tours/dalat-enduro-tour-one-day,https://www.instagram.com/enduro.vietnam,https://www.instagram.com/enduro.vietnam,https://www.instagram.com/enduro.vietnam,external,,
/all-tours/dalat-enduro-tour-one-day,https://wa.me/79994564498,https://wa.me/79994564498,https://wa.me/79994564498,external,,
/all-tours/dalat-enduro-tour-one-day,https://t.me/mototourvietnam,https://t.me/mototourvietnam,https://t.me/mototourvietnam,external,,
/all-tours/dalat-enduro-tour-one-day,https://www.instagram.com/enduro.vietnam,https://www.instagram.com/enduro.vietnam,https://www.instagram.com/enduro.vietnam,external,,
/all-tours/dalat-enduro-tour-one-day,https://wa.me/79994564498,https://wa.me/79994564498,https://wa.me/79994564498,external,,
/all-tours/dalat-enduro-tour-one-day,https://t.me/mototourvietnam,https://t.me/mototourvietnam,https://t.me/mototourvietnam,external,,
/all-tours/dalat-enduro-tour-one-day,https://www.instagram.com/enduro.vietnam,https://www.instagram.com/enduro.vietnam,https://www.instagram.com/enduro.vietnam,external,,
/all-tours/dalat-enduro-tour-one-day,https://wa.me/79994564498,https://wa.me/79994564498,https://wa.me/79994564498,external,,
/all-tours/dalat-enduro-tour-one-day,https://t.me/mototourvietnam,https://t.me/mototourvietnam,https://t.me/mototourvietnam,external,,
/all-tours/dalat-enduro-tour-one-day,https://www.instagram.com/enduro.vietnam,https://www.instagram.com/enduro.vietnam,https://www.instagram.com/enduro.vietnam,external,,
/all-tours/dalat-enduro-tour-one-day,https://wa.me/79994564498,https://wa.me/79994564498,https://wa.me/79994564498,external,,
/all-tours/dalat-enduro-tour-one-day,logo YouTube,https://youtube.com/@enduro.vietnam?si=FDMtZYMkF863JBpP,https://youtube.com/@enduro.vietnam?si=FDMtZYMkF863JBpP,external,,
/all-tours/dalat-enduro-tour-one-day,youtube.com/@enduro.vietnam,https://youtube.com/@enduro.vietnam?si=FDMtZYMkF863JBpP,https://youtube.com/@enduro.vietnam?si=FDMtZYMkF863JBpP,external,,
/all-tours/dalat-enduro-tour-one-day,logo Instagram,https://www.instagram.com/enduro.vietnam/,https://www.instagram.com/enduro.vietnam/,external,,
/all-tours/dalat-enduro-tour-one-day,instagram.com/enduro.vietnam,https://www.instagram.com/enduro.vietnam/,https://www.instagram.com/enduro.vietnam/,external,,
/all-tours/dalat-enduro-tour-one-day,processing of personal data,/privacy,/privacy,internal,200,/privacy
/all-tours/dalat-enduro-tour-one-day,Главная страница,/ru,/ru,internal,200,/ru
/all-tours/dalat-enduro-tour-one-day,Эндуро туры в Далате,/ru/dalat,/ru/dalat,internal,200,/ru/dalat
/all-tours/dalat-enduro-tour-one-day,Эндуро туры в Нячанге,/ru/nhatrang,/ru/nhatrang,internal,200,/ru/nhatrang
/all-tours/dalat-enduro-tour-one-day,Эндуро туры в Дананге,/ru/danang,/ru/danang,internal,200,/ru/danang
/all-tours/dalat-enduro-tour-one-day,Эндуро туры в Муйне,/ru/muine,/ru/muine,internal,200,/ru/muine
/all-tours/dalat-enduro-tour-one-day,Все туры,/ru/all-tours,/ru/all-tours,internal,200,/ru/all-tours
/all-tours/dalat-enduro-tour-one-day,Аренда скутеров Далат,ru/rent-motorbike-dalat,/ru/rent-motorbike-dalat,internal,404,/all-tours/ru/rent-motorbike-dalat
/all-tours/dalat-enduro-tour-one-day,Аренда скутеров Нячанг,ru/rent-scooter-nhatrang,/ru/rent-scooter-nhatrang,internal,404,/all-tours/ru/rent-scooter-nhatrang
/all-tours/dalat-enduro-tour-one-day,/aboutourclinic,/aboutourclinic,,unavailable,404,/aboutourclinic
/all-tours/dalat-enduro-tour-one-day,Enduro tours in Vietnam,/,/,internal,200,/
/all-tours/dalat-enduro-tour-one-day,Dalat,/dalat,/dalat,internal,200,/dalat
/all-tours/dalat-enduro-tour-one-day,Nha Trang,/nhatrang,/nhatrang,internal,200,/nhatrang
/all-tours/dalat-enduro-tour-one-day,Danang,/danang,/danang,internal,200,/danang
/all-tours/dalat-enduro-tour-one-day,Muine,/muine,/muine,internal,200,/muine
/all-tours/dalat-enduro-tour-one-day,All tours,/all-tours,/all-tours,internal,200,/all-tours
/all-tours/dalat-enduro-tour-one-day,Scooter rental in Dalat,/rent-motorbike-dalat,/rent-motorbike-dalat,internal,200,/rent-motorbike-dalat
/all-tours/dalat-enduro-tour-one-day,Scooter rental in Nha Trang,/rent-scooter-nhatrang,/rent-scooter-nhatrang,internal,200,/rent-scooter-nhatrang
/all-tours/dalat-enduro-tour-one-day,Vietnam,https://maps.app.goo.gl/hvewF4aRPsdtciud6,https://maps.app.goo.gl/hvewF4aRPsdtciud6,external,,
/all-tours/dalat-enduro-tour-one-day,https://t.me/mototourvietnam,https://t.me/mototourvietnam,https://t.me/mototourvietnam,external,,
/all-tours/dalat-enduro-tour-one-day,https://www.instagram.com/enduro.vietnam,https://www.instagram.com/enduro.vietnam,https://www.instagram.com/enduro.vietnam,external,,
/all-tours/dalat-enduro-tour-one-day,https://wa.me/79994564498,https://wa.me/79994564498,https://wa.me/79994564498,external,,
/all-tours/dalat-enduro-tour-one-day,Enduro tours in Vietnam,/,/,internal,200,/
/all-tours/dalat-enduro-tour-one-day,Dalat,/dalat,/dalat,internal,200,/dalat
/all-tours/dalat-enduro-tour-one-day,Nha Trang,/nhatrang,/nhatrang,internal,200,/nhatrang
/all-tours/dalat-enduro-tour-one-day,Danang,/danang,/danang,internal,200,/danang
/all-tours/dalat-enduro-tour-one-day,All tours,/all-tours,/all-tours,internal,200,/all-tours
/all-tours/dalat-enduro-tour-one-day,Scooter rental in Dalat,/rent-motorbike-dalat,/rent-motorbike-dalat,internal,200,/rent-motorbike-dalat
/all-tours/dalat-enduro-tour-one-day,Мототуры по всему Вьетнаму,/ru,/ru,internal,200,/ru
/all-tours/dalat-enduro-tour-one-day,Аренда Dirt байков и эндуро туры в Муйне,/ru/muine,/ru/muine,internal,200,/ru/muine
/all-tours/dalat-enduro-tour-one-day,Аренда эндуро мотоциклов и мото туры в Далате,/ru/dalat,/ru/dalat,internal,200,/ru/dalat
/all-tours/dalat-enduro-tour-one-day,Эндуро туры в Нячанге,/ru/nhatrang,/ru/nhatrang,internal,200,/ru/nhatrang
/all-tours/dalat-enduro-tour-one-day,https://t.me/mototourvietnam,https://t.me/mototourvietnam,https://t.me/mototourvietnam,external,,
/all-tours/dalat-enduro-tour-one-day,https://www.instagram.com/enduro.vietnam,https://www.instagram.com/enduro.vietnam,https://www.instagram.com/enduro.vietnam,external,,
/all-tours/dalat-enduro-tour-one-day,https://wa.me/79994564498,https://wa.me/79994564498,https://wa.me/79994564498,external,,
/all-tours/dalat-enduro-tour-one-day,https://t.me/mototourvietnam,https://t.me/mototourvietnam,https://t.me/mototourvietnam,external,,
/all-tours/dalat-enduro-tour-one-day,Creatium,https://creatium.app,https://creatium.app,external,,
/all-tours/dalat-enduro-tour-two-day,/,/,/,internal,200,/
/all-tours/dalat-enduro-tour-two-day,All tours,/all-tours,/all-tours,internal,200,/all-tours
/all-tours/dalat-enduro-tour-two-day,https://t.me/mototourvietnam,https://t.me/mototourvietnam,https://t.me/mototourvietnam,external,,
/all-tours/dalat-enduro-tour-two-day,https://www.instagram.com/enduro.vietnam,https://www.instagram.com/enduro.vietnam,https://www.instagram.com/enduro.vietnam,external,,
/all-tours/dalat-enduro-tour-two-day,https://wa.me/79994564498,https://wa.me/79994564498,https://wa.me/79994564498,external,,
/all-tours/dalat-enduro-tour-two-day,/,/,/,internal,200,/
/all-tours/dalat-enduro-tour-two-day,Type: Mini-band,http://,http://,external,,
/all-tours/dalat-enduro-tour-two-day,Group size: 4 people,http://,http://,external,,
/all-tours/dalat-enduro-tour-two-day,Duration: 2 days,http://,http://,external,,
/all-tours/dalat-enduro-tour-two-day,"Booking confirmation: record at least 2 days in advance. The organizer will confirm the booking for the date you have chosen, after which you will make a 30% prepayment.",http://,http://,external,,
/all-tours/dalat-enduro-tour-two-day,https://t.me/mototourvietnam,https://t.me/mototourvietnam,https://t.me/mototourvietnam,external,,
/all-tours/dalat-enduro-tour-two-day,https://www.instagram.com/enduro.vietnam,https://www.instagram.com/enduro.vietnam,https://www.instagram.com/enduro.vietnam,external,,
/all-tours/dalat-enduro-tour-two-day,https://wa.me/79994564498,https://wa.me/79994564498,https://wa.me/79994564498,external,,
/all-tours/dalat-enduro-tour-two-day,Enduro Vietnam,/,/,internal,200,/
/all-tours/dalat-enduro-tour-two-day,All tours,/all-tours,/all-tours,internal,200,/all-tours
/all-tours/dalat-enduro-tour-two-day,To book,https://t.me/mototourvietnam,https://t.me/mototourvietnam,external,,
/all-tours/dalat-enduro-tour-two-day,To book,https://t.me/mototourvietnam,https://t.me/mototourvietnam,external,,
/all-tours/dalat-enduro-tour-two-day,https://t.me/mototourvietnam,https://t.me/mototourvietnam,https://t.me/mototourvietnam,external,,
/all-tours/dalat-enduro-tour-two-day,https://www.instagram.com/enduro.vietnam,https://www.instagram.com/enduro.vietnam,https://www.instagram.com/enduro.vietnam,external,,
/all-tours/dalat-enduro-tour-two-day,https://wa.me/79994564498,https://wa.me/79994564498,https://wa.me/79994564498,external,,
/all-tours/dalat-enduro-tour-two-day,Enduro Vietnam,/,/,internal,200,/
/all-tours/dalat-enduro-tour-two-day,All tours,/all-tours,/all-tours,internal,200,/all-tours
/all-tours/dalat-enduro-tour-two-day,Watch more tours,https://enduro-vietnam.com/all-tours/,/all-tours,internal,200,/all-tours
/all-tours/dalat-enduro-tour-two-day,/all-tours/dalat-enduro-tour-one-day,https://enduro-vietnam.com/all-tours/dalat-enduro-tour-one-day,/all-tours/dalat-enduro-tour-one-day,internal,200,/all-tours/dalat-enduro-tour-one-day
/all-tours/dalat-enduro-tour-two-day,READ MORE,https://enduro-vietnam.com/all-tours/dalat-enduro-tour-one-day,/all-tours/dalat-enduro-tour-one-day,internal,200,/all-tours/dalat-enduro-tour-one-day
/all-tours/dalat-enduro-tour-two-day,/all-tours/dalat-enduro-tour-advanced,https://enduro-vietnam.com/all-tours/dalat-enduro-tour-advanced,/all-tours/dalat-enduro-tour-advanced,internal,200,/all-tours/dalat-enduro-tour-advanced
/all-tours/dalat-enduro-tour-two-day,READ MORE,https://enduro-vietnam.com/all-tours/dalat-enduro-tour-advanced,/all-tours/dalat-enduro-tour-advanced,internal,200,/all-tours/dalat-enduro-tour-advanced
/all-tours/dalat-enduro-tour-two-day,/all-tours/dalat-enduro-tour-two-day,https://enduro-vietnam.com/all-tours/dalat-enduro-tour-two-day,/all-tours/dalat-enduro-tour-two-day,internal,200,/all-tours/dalat-enduro-tour-two-day
/all-tours/dalat-enduro-tour-two-day,READ MORE,https://enduro-vietnam.com/all-tours/dalat-enduro-tour-two-day,/all-tours/dalat-enduro-tour-two-day,internal,200,/all-tours/dalat-enduro-tour-two-day
/all-tours/dalat-enduro-tour-two-day,/all-tours/three-day-tour-dalat-nhatrang,https://enduro-vietnam.com/all-tours/three-day-tour-dalat-nhatrang,/all-tours/three-day-tour-dalat-nhatrang,internal,200,/all-tours/three-day-tour-dalat-nhatrang
/all-tours/dalat-enduro-tour-two-day,READ MORE,https://enduro-vietnam.com/all-tours/three-day-tour-dalat-nhatrang,/all-tours/three-day-tour-dalat-nhatrang,internal,200,/all-tours/three-day-tour-dalat-nhatrang
/all-tours/dalat-enduro-tour-two-day,/all-tours/three-day-tour-dalat-muine,https://enduro-vietnam.com/all-tours/three-day-tour-dalat-muine,/all-tours/three-day-tour-dalat-muine,internal,200,/all-tours/three-day-tour-dalat-muine
/all-tours/dalat-enduro-tour-two-day,READ MORE,https://enduro-vietnam.com/all-tours/three-day-tour-dalat-muine,/all-tours/three-day-tour-dalat-muine,internal,200,/all-tours/three-day-tour-dalat-muine
/all-tours/dalat-enduro-tour-two-day,/all-tours/dalat-easy-rider-enduro-beginners,https://enduro-vietnam.com/all-tours/dalat-easy-rider-enduro-beginners,/all-tours/dalat-easy-rider-enduro-beginners,internal,200,/all-tours/dalat-easy-rider-enduro-beginners
/all-tours/dalat-enduro-tour-two-day,READ MORE,https://enduro-vietnam.com/all-tours/dalat-easy-rider-enduro-beginners,/all-tours/dalat-easy-rider-enduro-beginners,internal,200,/all-tours/dalat-easy-rider-enduro-beginners
/all-tours/dalat-enduro-tour-two-day,/all-tours/nhatrang-enduro-tour-one-day,https://enduro-vietnam.com/all-tours/nhatrang-enduro-tour-one-day,/all-tours/nhatrang-enduro-tour-one-day,internal,200,/all-tours/nhatrang-enduro-tour-one-day
/all-tours/dalat-enduro-tour-two-day,READ MORE,https://enduro-vietnam.com/all-tours/nhatrang-enduro-tour-one-day,/all-tours/nhatrang-enduro-tour-one-day,internal,200,/all-tours/nhatrang-enduro-tour-one-day
/all-tours/dalat-enduro-tour-two-day,/all-tours/nhatrang-enduro-tour-advanced,https://enduro-vietnam.com/all-tours/nhatrang-enduro-tour-advanced,/all-tours/nhatrang-enduro-tour-advanced,internal,200,/all-tours/nhatrang-enduro-tour-advanced
/all-tours/dalat-enduro-tour-two-day,READ MORE,https://enduro-vietnam.com/all-tours/nhatrang-enduro-tour-advanced,/all-tours/nhatrang-enduro-tour-advanced,internal,200,/all-tours/nhatrang-enduro-tour-advanced
/all-tours/dalat-enduro-tour-two-day,/all-tours/motorbike-tour-south-vietnam-4-days,https://enduro-vietnam.com/all-tours/motorbike-tour-south-vietnam-4-days,/all-tours/motorbike-tour-south-vietnam-4-days,internal,200,/all-tours/motorbike-tour-south-vietnam-4-days
/all-tours/dalat-enduro-tour-two-day,READ MORE,https://enduro-vietnam.com/all-tours/motorbike-tour-south-vietnam-4-days,/all-tours/motorbike-tour-south-vietnam-4-days,internal,200,/all-tours/motorbike-tour-south-vietnam-4-days
/all-tours/dalat-enduro-tour-two-day,Watch more tours,https://enduro-vietnam.com/all-tours/,/all-tours,internal,200,/all-tours
/all-tours/dalat-enduro-tour-two-day,TO BOOK,https://t.me/mototourvietnam,https://t.me/mototourvietnam,external,,
/all-tours/dalat-enduro-tour-two-day,READ MORE,https://enduro-vietnam.com/all-tours/dalat-enduro-tour-one-day,/all-tours/dalat-enduro-tour-one-day,internal,200,/all-tours/dalat-enduro-tour-one-day
/all-tours/dalat-enduro-tour-two-day,TO BOOK,https://t.me/mototourvietnam,https://t.me/mototourvietnam,external,,
/all-tours/dalat-enduro-tour-two-day,READ MORE,https://enduro-vietnam.com/all-tours/dalat-enduro-tour-advanced,/all-tours/dalat-enduro-tour-advanced,internal,200,/all-tours/dalat-enduro-tour-advanced
/all-tours/dalat-enduro-tour-two-day,TO BOOK,https://t.me/mototourvietnam,https://t.me/mototourvietnam,external,,
/all-tours/dalat-enduro-tour-two-day,READ MORE,https://enduro-vietnam.com/all-tours/dalat-enduro-tour-two-day,/all-tours/dalat-enduro-tour-two-day,internal,200,/all-tours/dalat-enduro-tour-two-day
/all-tours/dalat-enduro-tour-two-day,TO BOOK,https://t.me/mototourvietnam,https://t.me/mototourvietnam,external,,
/all-tours/dalat-enduro-tour-two-day,READ MORE,https://enduro-vietnam.com/all-tours/three-day-tour-dalat-nhatrang,/all-tours/three-day-tour-dalat-nhatrang,internal,200,/all-tours/three-day-tour-dalat-nhatrang
/all-tours/dalat-enduro-tour-two-day,TO BOOK,https://t.me/mototourvietnam,https://t.me/mototourvietnam,external,,
/all-tours/dalat-enduro-tour-two-day,READ MORE,https://enduro-vietnam.com/all-tours/three-day-tour-dalat-muine,/all-tours/three-day-tour-dalat-muine,internal,200,/all-tours/three-day-tour-dalat-muine
/all-tours/dalat-enduro-tour-two-day,TO BOOK,https://t.me/mototourvietnam,https://t.me/mototourvietnam,external,,
/all-tours/dalat-enduro-tour-two-day,READ MORE,https://enduro-vietnam.com/all-tours/dalat-easy-rider-enduro-beginners,/all-tours/dalat-easy-rider-enduro-beginners,internal,200,/all-tours/dalat-easy-rider-enduro-beginners
/all-tours/dalat-enduro-tour-two-day,TO BOOK,https://t.me/mototourvietnam,https://t.me/mototourvietnam,external,,
/all-tours/dalat-enduro-tour-two-day,READ MORE,https://enduro-vietnam.com/all-tours/nhatrang-enduro-tour-one-day,/all-tours/nhatrang-enduro-tour-one-day,internal,200,/all-tours/nhatrang-enduro-tour-one-day
/all-tours/dalat-enduro-tour-two-day,TO BOOK,https://t.me/mototourvietnam,https://t.me/mototourvietnam,external,,
/all-tours/dalat-enduro-tour-two-day,READ MORE,https://enduro-vietnam.com/all-tours/nhatrang-enduro-tour-advanced,/all-tours/nhatrang-enduro-tour-advanced,internal,200,/all-tours/nhatrang-enduro-tour-advanced
/all-tours/dalat-enduro-tour-two-day,TO BOOK,https://t.me/mototourvietnam,https://t.me/mototourvietnam,external,,
/all-tours/dalat-enduro-tour-two-day,READ MORE,https://enduro-vietnam.com/all-tours/motorbike-tour-south-vietnam-4-days,/all-tours/motorbike-tour-south-vietnam-4-days,internal,200,/all-tours/motorbike-tour-south-vietnam-4-days
/all-tours/dalat-enduro-tour-two-day,TO BOOK,https://t.me/mototourvietnam,https://t.me/mototourvietnam,external,,
/all-tours/dalat-enduro-tour-two-day,READ MORE,https://enduro-vietnam.com/all-tours/5-day-motorbike-tour-from-saigon-ho-chi-minh-city,/all-tours/5-day-motorbike-tour-from-saigon-ho-chi-minh-city,internal,200,/all-tours/5-day-motorbike-tour-from-saigon-ho-chi-minh-city
/all-tours/dalat-enduro-tour-two-day,TO BOOK,https://t.me/mototourvietnam,https://t.me/mototourvietnam,external,,
/all-tours/dalat-enduro-tour-two-day,READ MORE,https://enduro-vietnam.com/all-tours/mekong-delta-and-coastline-vietnam-motorbike-tour-6-days,/all-tours/mekong-delta-and-coastline-vietnam-motorbike-tour-6-days,internal,200,/all-tours/mekong-delta-and-coastline-vietnam-motorbike-tour-6-days
/all-tours/dalat-enduro-tour-two-day,TO BOOK,https://t.me/mototourvietnam,https://t.me/mototourvietnam,external,,
/all-tours/dalat-enduro-tour-two-day,READ MORE,https://enduro-vietnam.com/all-tours/motorcycle-tour-on-coastline-and-highlands-vietnam-7-days,/all-tours/motorcycle-tour-on-coastline-and-highlands-vietnam-7-days,internal,200,/all-tours/motorcycle-tour-on-coastline-and-highlands-vietnam-7-days
/all-tours/dalat-enduro-tour-two-day,TO BOOK,https://t.me/mototourvietnam,https://t.me/mototourvietnam,external,,
/all-tours/dalat-enduro-tour-two-day,READ MORE,https://enduro-vietnam.com/all-tours/saigon-motorbike-tour-10-days,/all-tours/saigon-motorbike-tour-10-days,internal,200,/all-tours/saigon-motorbike-tour-10-days
/all-tours/dalat-enduro-tour-two-day,TO BOOK,https://t.me/mototourvietnam,https://t.me/mototourvietnam,external,,
/all-tours/dalat-enduro-tour-two-day,READ MORE,https://enduro-vietnam.com/all-tours/south-vietnam-motorbike-tour-7-days,/all-tours/south-vietnam-motorbike-tour-7-days,internal,200,/all-tours/south-vietnam-motorbike-tour-7-days
/all-tours/dalat-enduro-tour-two-day,/all-tours/dalat-enduro-tour-one-day,https://enduro-vietnam.com/all-tours/dalat-enduro-tour-one-day,/all-tours/dalat-enduro-tour-one-day,internal,200,/all-tours/dalat-enduro-tour-one-day
/all-tours/dalat-enduro-tour-two-day,READ MORE,https://enduro-vietnam.com/all-tours/dalat-enduro-tour-one-day,/all-tours/dalat-enduro-tour-one-day,internal,200,/all-tours/dalat-enduro-tour-one-day
/all-tours/dalat-enduro-tour-two-day,/all-tours/dalat-enduro-tour-advanced,https://enduro-vietnam.com/all-tours/dalat-enduro-tour-advanced,/all-tours/dalat-enduro-tour-advanced,internal,200,/all-tours/dalat-enduro-tour-advanced
/all-tours/dalat-enduro-tour-two-day,READ MORE,https://enduro-vietnam.com/all-tours/dalat-enduro-tour-advanced,/all-tours/dalat-enduro-tour-advanced,internal,200,/all-tours/dalat-enduro-tour-advanced
/all-tours/dalat-enduro-tour-two-day,/all-tours/dalat-enduro-tour-two-day,https://enduro-vietnam.com/all-tours/dalat-enduro-tour-two-day,/all-tours/dalat-enduro-tour-two-day,internal,200,/all-tours/dalat-enduro-tour-two-day
/all-tours/dalat-enduro-tour-two-day,READ MORE,https://enduro-vietnam.com/all-tours/dalat-enduro-tour-two-day,/all-tours/dalat-enduro-tour-two-day,internal,200,/all-tours/dalat-enduro-tour-two-day
/all-tours/dalat-enduro-tour-two-day,/all-tours/three-day-tour-dalat-nhatrang,https://enduro-vietnam.com/all-tours/three-day-tour-dalat-nhatrang,/all-tours/three-day-tour-dalat-nhatrang,internal,200,/all-tours/three-day-tour-dalat-nhatrang
/all-tours/dalat-enduro-tour-two-day,READ MORE,https://enduro-vietnam.com/all-tours/three-day-tour-dalat-nhatrang,/all-tours/three-day-tour-dalat-nhatrang,internal,200,/all-tours/three-day-tour-dalat-nhatrang
/all-tours/dalat-enduro-tour-two-day,/all-tours/three-day-tour-dalat-muine,https://enduro-vietnam.com/all-tours/three-day-tour-dalat-muine,/all-tours/three-day-tour-dalat-muine,internal,200,/all-tours/three-day-tour-dalat-muine
/all-tours/dalat-enduro-tour-two-day,READ MORE,https://enduro-vietnam.com/all-tours/three-day-tour-dalat-muine,/all-tours/three-day-tour-dalat-muine,internal,200,/all-tours/three-day-tour-dalat-muine
/all-tours/dalat-enduro-tour-two-day,/all-tours/dalat-easy-rider-enduro-beginners,https://enduro-vietnam.com/all-tours/dalat-easy-rider-enduro-beginners,/all-tours/dalat-easy-rider-enduro-beginners,internal,200,/all-tours/dalat-easy-rider-enduro-beginners
/all-tours/dalat-enduro-tour-two-day,READ MORE,https://enduro-vietnam.com/all-tours/dalat-easy-rider-enduro-beginners,/all-tours/dalat-easy-rider-enduro-beginners,internal,200,/all-tours/dalat-easy-rider-enduro-beginners
/all-tours/dalat-enduro-tour-two-day,/all-tours/nhatrang-enduro-tour-one-day,https://enduro-vietnam.com/all-tours/nhatrang-enduro-tour-one-day,/all-tours/nhatrang-enduro-tour-one-day,internal,200,/all-tours/nhatrang-enduro-tour-one-day
/all-tours/dalat-enduro-tour-two-day,READ MORE,https://enduro-vietnam.com/all-tours/nhatrang-enduro-tour-one-day,/all-tours/nhatrang-enduro-tour-one-day,internal,200,/all-tours/nhatrang-enduro-tour-one-day
/all-tours/dalat-enduro-tour-two-day,/all-tours/nhatrang-enduro-tour-advanced,https://enduro-vietnam.com/all-tours/nhatrang-enduro-tour-advanced,/all-tours/nhatrang-enduro-tour-advanced,internal,200,/all-tours/nhatrang-enduro-tour-advanced
/all-tours/dalat-enduro-tour-two-day,READ MORE,https://enduro-vietnam.com/all-tours/nhatrang-enduro-tour-advanced,/all-tours/nhatrang-enduro-tour-advanced,internal,200,/all-tours/nhatrang-enduro-tour-advanced
/all-tours/dalat-enduro-tour-two-day,/all-tours/motorbike-tour-south-vietnam-4-days,https://enduro-vietnam.com/all-tours/motorbike-tour-south-vietnam-4-days,/all-tours/motorbike-tour-south-vietnam-4-days,internal,200,/all-tours/motorbike-tour-south-vietnam-4-days
/all-tours/dalat-enduro-tour-two-day,READ MORE,https://enduro-vietnam.com/all-tours/motorbike-tour-south-vietnam-4-days,/all-tours/motorbike-tour-south-vietnam-4-days,internal,200,/all-tours/motorbike-tour-south-vietnam-4-days
/all-tours/dalat-enduro-tour-two-day,/all-tours/5-day-motorbike-tour-from-saigon-ho-chi-minh-city,https://enduro-vietnam.com/all-tours/5-day-motorbike-tour-from-saigon-ho-chi-minh-city,/all-tours/5-day-motorbike-tour-from-saigon-ho-chi-minh-city,internal,200,/all-tours/5-day-motorbike-tour-from-saigon-ho-chi-minh-city
/all-tours/dalat-enduro-tour-two-day,READ MORE,https://enduro-vietnam.com/all-tours/5-day-motorbike-tour-from-saigon-ho-chi-minh-city,/all-tours/5-day-motorbike-tour-from-saigon-ho-chi-minh-city,internal,200,/all-tours/5-day-motorbike-tour-from-saigon-ho-chi-minh-city
/all-tours/dalat-enduro-tour-two-day,/all-tours/mekong-delta-and-coastline-vietnam-motorbike-tour-6-days,https://enduro-vietnam.com/all-tours/mekong-delta-and-coastline-vietnam-motorbike-tour-6-days,/all-tours/mekong-delta-and-coastline-vietnam-motorbike-tour-6-days,internal,200,/all-tours/mekong-delta-and-coastline-vietnam-motorbike-tour-6-days
/all-tours/dalat-enduro-tour-two-day,READ MORE,https://enduro-vietnam.com/all-tours/mekong-delta-and-coastline-vietnam-motorbike-tour-6-days,/all-tours/mekong-delta-and-coastline-vietnam-motorbike-tour-6-days,internal,200,/all-tours/mekong-delta-and-coastline-vietnam-motorbike-tour-6-days
/all-tours/dalat-enduro-tour-two-day,/all-tours/motorcycle-tour-on-coastline-and-highlands-vietnam-7-days,https://enduro-vietnam.com/all-tours/motorcycle-tour-on-coastline-and-highlands-vietnam-7-days,/all-tours/motorcycle-tour-on-coastline-and-highlands-vietnam-7-days,internal,200,/all-tours/motorcycle-tour-on-coastline-and-highlands-vietnam-7-days
/all-tours/dalat-enduro-tour-two-day,READ MORE,https://enduro-vietnam.com/all-tours/motorcycle-tour-on-coastline-and-highlands-vietnam-7-days,/all-tours/motorcycle-tour-on-coastline-and-highlands-vietnam-7-days,internal,200,/all-tours/motorcycle-tour-on-coastline-and-highlands-vietnam-7-days
/all-tours/dalat-enduro-tour-two-day,/all-tours/saigon-motorbike-tour-10-days,https://enduro-vietnam.com/all-tours/saigon-motorbike-tour-10-days,/all-tours/saigon-motorbike-tour-10-days,internal,200,/all-tours/saigon-motorbike-tour-10-days
/all-tours/dalat-enduro-tour-two-day,READ MORE,https://enduro-vietnam.com/all-tours/saigon-motorbike-tour-10-days,/all-tours/saigon-motorbike-tour-10-days,internal,200,/all-tours/saigon-motorbike-tour-10-days
/all-tours/dalat-enduro-tour-two-day,/all-tours/south-vietnam-motorbike-tour-7-days,https://enduro-vietnam.com/all-tours/south-vietnam-motorbike-tour-7-days,/all-tours/south-vietnam-motorbike-tour-7-days,internal,200,/all-tours/south-vietnam-motorbike-tour-7-days
/all-tours/dalat-enduro-tour-two-day,READ MORE,https://enduro-vietnam.com/all-tours/south-vietnam-motorbike-tour-7-days,/all-tours/south-vietnam-motorbike-tour-7-days,internal,200,/all-tours/south-vietnam-motorbike-tour-7-days
/all-tours/dalat-enduro-tour-two-day,https://t.me/mototourvietnam,https://t.me/mototourvietnam,https://t.me/mototourvietnam,external,,
/all-tours/dalat-enduro-tour-two-day,https://www.instagram.com/enduro.vietnam,https://www.instagram.com/enduro.vietnam,https://www.instagram.com/enduro.vietnam,external,,
/all-tours/dalat-enduro-tour-two-day,https://wa.me/79994564498,https://wa.me/79994564498,https://wa.me/79994564498,external,,
/all-tours/dalat-enduro-tour-two-day,https://t.me/mototourvietnam,https://t.me/mototourvietnam,https://t.me/mototourvietnam,external,,
/all-tours/dalat-enduro-tour-two-day,https://www.instagram.com/enduro.vietnam,https://www.instagram.com/enduro.vietnam,https://www.instagram.com/enduro.vietnam,external,,
/all-tours/dalat-enduro-tour-two-day,https://wa.me/79994564498,https://wa.me/79994564498,https://wa.me/79994564498,external,,
/all-tours/dalat-enduro-tour-two-day,https://t.me/mototourvietnam,https://t.me/mototourvietnam,https://t.me/mototourvietnam,external,,
/all-tours/dalat-enduro-tour-two-day,https://www.instagram.com/enduro.vietnam,https://www.instagram.com/enduro.vietnam,https://www.instagram.com/enduro.vietnam,external,,
/all-tours/dalat-enduro-tour-two-day,https://wa.me/79994564498,https://wa.me/79994564498,https://wa.me/79994564498,external,,
/all-tours/dalat-enduro-tour-two-day,https://t.me/mototourvietnam,https://t.me/mototourvietnam,https://t.me/mototourvietnam,external,,
/all-tours/dalat-enduro-tour-two-day,https://www.instagram.com/enduro.vietnam,https://www.instagram.com/enduro.vietnam,https://www.instagram.com/enduro.vietnam,external,,
/all-tours/dalat-enduro-tour-two-day,https://wa.me/79994564498,https://wa.me/79994564498,https://wa.me/79994564498,external,,
/all-tours/dalat-enduro-tour-two-day,https://t.me/mototourvietnam,https://t.me/mototourvietnam,https://t.me/mototourvietnam,external,,
/all-tours/dalat-enduro-tour-two-day,https://www.instagram.com/enduro.vietnam,https://www.instagram.com/enduro.vietnam,https://www.instagram.com/enduro.vietnam,external,,
/all-tours/dalat-enduro-tour-two-day,https://wa.me/79994564498,https://wa.me/79994564498,https://wa.me/79994564498,external,,
/all-tours/dalat-enduro-tour-two-day,logo YouTube,https://youtube.com/@enduro.vietnam?si=FDMtZYMkF863JBpP,https://youtube.com/@enduro.vietnam?si=FDMtZYMkF863JBpP,external,,
/all-tours/dalat-enduro-tour-two-day,youtube.com/@enduro.vietnam,https://youtube.com/@enduro.vietnam?si=FDMtZYMkF863JBpP,https://youtube.com/@enduro.vietnam?si=FDMtZYMkF863JBpP,external,,
/all-tours/dalat-enduro-tour-two-day,logo Instagram,https://www.instagram.com/enduro.vietnam/,https://www.instagram.com/enduro.vietnam/,external,,
/all-tours/dalat-enduro-tour-two-day,instagram.com/enduro.vietnam,https://www.instagram.com/enduro.vietnam/,https://www.instagram.com/enduro.vietnam/,external,,
/all-tours/dalat-enduro-tour-two-day,processing of personal data,/privacy,/privacy,internal,200,/privacy
/all-tours/dalat-enduro-tour-two-day,Главная страница,/ru,/ru,internal,200,/ru
/all-tours/dalat-enduro-tour-two-day,Эндуро туры в Далате,/ru/dalat,/ru/dalat,internal,200,/ru/dalat
/all-tours/dalat-enduro-tour-two-day,Эндуро туры в Нячанге,/ru/nhatrang,/ru/nhatrang,internal,200,/ru/nhatrang
/all-tours/dalat-enduro-tour-two-day,Эндуро туры в Дананге,/ru/danang,/ru/danang,internal,200,/ru/danang
/all-tours/dalat-enduro-tour-two-day,Эндуро туры в Муйне,/ru/muine,/ru/muine,internal,200,/ru/muine
/all-tours/dalat-enduro-tour-two-day,Все туры,/ru/all-tours,/ru/all-tours,internal,200,/ru/all-tours
/all-tours/dalat-enduro-tour-two-day,Аренда скутеров Далат,ru/rent-motorbike-dalat,/ru/rent-motorbike-dalat,internal,404,/all-tours/ru/rent-motorbike-dalat
/all-tours/dalat-enduro-tour-two-day,Аренда скутеров Нячанг,ru/rent-scooter-nhatrang,/ru/rent-scooter-nhatrang,internal,404,/all-tours/ru/rent-scooter-nhatrang
/all-tours/dalat-enduro-tour-two-day,/aboutourclinic,/aboutourclinic,,unavailable,404,/aboutourclinic
/all-tours/dalat-enduro-tour-two-day,Enduro tours in Vietnam,/,/,internal,200,/
/all-tours/dalat-enduro-tour-two-day,Dalat,/dalat,/dalat,internal,200,/dalat
/all-tours/dalat-enduro-tour-two-day,Nha Trang,/nhatrang,/nhatrang,internal,200,/nhatrang
/all-tours/dalat-enduro-tour-two-day,Danang,/danang,/danang,internal,200,/danang
/all-tours/dalat-enduro-tour-two-day,Muine,/muine,/muine,internal,200,/muine
/all-tours/dalat-enduro-tour-two-day,All tours,/all-tours,/all-tours,internal,200,/all-tours
/all-tours/dalat-enduro-tour-two-day,Scooter rental in Dalat,/rent-motorbike-dalat,/rent-motorbike-dalat,internal,200,/rent-motorbike-dalat
/all-tours/dalat-enduro-tour-two-day,Scooter rental in Nha Trang,/rent-scooter-nhatrang,/rent-scooter-nhatrang,internal,200,/rent-scooter-nhatrang
/all-tours/dalat-enduro-tour-two-day,Vietnam,https://maps.app.goo.gl/hvewF4aRPsdtciud6,https://maps.app.goo.gl/hvewF4aRPsdtciud6,external,,
/all-tours/dalat-enduro-tour-two-day,https://t.me/mototourvietnam,https://t.me/mototourvietnam,https://t.me/mototourvietnam,external,,
/all-tours/dalat-enduro-tour-two-day,https://www.instagram.com/enduro.vietnam,https://www.instagram.com/enduro.vietnam,https://www.instagram.com/enduro.vietnam,external,,
/all-tours/dalat-enduro-tour-two-day,https://wa.me/79994564498,https://wa.me/79994564498,https://wa.me/79994564498,external,,
/all-tours/dalat-enduro-tour-two-day,Enduro tours in Vietnam,/,/,internal,200,/
/all-tours/dalat-enduro-tour-two-day,Dalat,/dalat,/dalat,internal,200,/dalat
/all-tours/dalat-enduro-tour-two-day,Nha Trang,/nhatrang,/nhatrang,internal,200,/nhatrang
/all-tours/dalat-enduro-tour-two-day,Danang,/danang,/danang,internal,200,/danang
/all-tours/dalat-enduro-tour-two-day,All tours,/all-tours,/all-tours,internal,200,/all-tours
/all-tours/dalat-enduro-tour-two-day,Scooter rental in Dalat,/rent-motorbike-dalat,/rent-motorbike-dalat,internal,200,/rent-motorbike-dalat
/all-tours/dalat-enduro-tour-two-day,Мототуры по всему Вьетнаму,/ru,/ru,internal,200,/ru
/all-tours/dalat-enduro-tour-two-day,Аренда Dirt байков и эндуро туры в Муйне,/ru/muine,/ru/muine,internal,200,/ru/muine
/all-tours/dalat-enduro-tour-two-day,Аренда эндуро мотоциклов и мото туры в Далате,/ru/dalat,/ru/dalat,internal,200,/ru/dalat
/all-tours/dalat-enduro-tour-two-day,Эндуро туры в Нячанге,/ru/nhatrang,/ru/nhatrang,internal,200,/ru/nhatrang
/all-tours/dalat-enduro-tour-two-day,https://t.me/mototourvietnam,https://t.me/mototourvietnam,https://t.me/mototourvietnam,external,,
/all-tours/dalat-enduro-tour-two-day,https://www.instagram.com/enduro.vietnam,https://www.instagram.com/enduro.vietnam,https://www.instagram.com/enduro.vietnam,external,,
/all-tours/dalat-enduro-tour-two-day,https://wa.me/79994564498,https://wa.me/79994564498,https://wa.me/79994564498,external,,
/all-tours/dalat-enduro-tour-two-day,https://t.me/mototourvietnam,https://t.me/mototourvietnam,https://t.me/mototourvietnam,external,,
/all-tours/dalat-enduro-tour-two-day,Creatium,https://creatium.app,https://creatium.app,external,,
/all-tours/danang-enduro-tour-advanced,/,/,/,internal,200,/
/all-tours/danang-enduro-tour-advanced,All tours,/all-tours,/all-tours,internal,200,/all-tours
/all-tours/danang-enduro-tour-advanced,https://t.me/mototourvietnam,https://t.me/mototourvietnam,https://t.me/mototourvietnam,external,,
/all-tours/danang-enduro-tour-advanced,https://www.instagram.com/enduro.vietnam,https://www.instagram.com/enduro.vietnam,https://www.instagram.com/enduro.vietnam,external,,
/all-tours/danang-enduro-tour-advanced,https://wa.me/79994564498,https://wa.me/79994564498,https://wa.me/79994564498,external,,
/all-tours/danang-enduro-tour-advanced,/,/,/,internal,200,/
/all-tours/danang-enduro-tour-advanced,Type: Mini-band,http://,http://,external,,
/all-tours/danang-enduro-tour-advanced,Group size: 4 people,http://,http://,external,,
/all-tours/danang-enduro-tour-advanced,Duration: 6 hours,http://,http://,external,,
/all-tours/danang-enduro-tour-advanced,"Booking confirmation: record at least 2 days in advance. The organizer will confirm the booking for the date you have chosen, after which you will make a 30% prepayment.",http://,http://,external,,
/all-tours/danang-enduro-tour-advanced,https://t.me/mototourvietnam,https://t.me/mototourvietnam,https://t.me/mototourvietnam,external,,
/all-tours/danang-enduro-tour-advanced,https://www.instagram.com/enduro.vietnam,https://www.instagram.com/enduro.vietnam,https://www.instagram.com/enduro.vietnam,external,,
/all-tours/danang-enduro-tour-advanced,https://wa.me/79994564498,https://wa.me/79994564498,https://wa.me/79994564498,external,,
/all-tours/danang-enduro-tour-advanced,Enduro Vietnam,/,/,internal,200,/
/all-tours/danang-enduro-tour-advanced,All tours,/all-tours,/all-tours,internal,200,/all-tours
/all-tours/danang-enduro-tour-advanced,To book,https://t.me/mototourvietnam,https://t.me/mototourvietnam,external,,
/all-tours/danang-enduro-tour-advanced,To book,https://t.me/mototourvietnam,https://t.me/mototourvietnam,external,,
/all-tours/danang-enduro-tour-advanced,https://t.me/mototourvietnam,https://t.me/mototourvietnam,https://t.me/mototourvietnam,external,,
/all-tours/danang-enduro-tour-advanced,https://www.instagram.com/enduro.vietnam,https://www.instagram.com/enduro.vietnam,https://www.instagram.com/enduro.vietnam,external,,
/all-tours/danang-enduro-tour-advanced,https://wa.me/79994564498,https://wa.me/79994564498,https://wa.me/79994564498,external,,
/all-tours/danang-enduro-tour-advanced,Enduro Vietnam,/,/,internal,200,/
/all-tours/danang-enduro-tour-advanced,All tours,/all-tours,/all-tours,internal,200,/all-tours
/all-tours/danang-enduro-tour-advanced,Watch more tours,https://enduro-vietnam.com/all-tours/,/all-tours,internal,200,/all-tours
/all-tours/danang-enduro-tour-advanced,/all-tours/dalat-enduro-tour-one-day,https://enduro-vietnam.com/all-tours/dalat-enduro-tour-one-day,/all-tours/dalat-enduro-tour-one-day,internal,200,/all-tours/dalat-enduro-tour-one-day
/all-tours/danang-enduro-tour-advanced,READ MORE,https://enduro-vietnam.com/all-tours/dalat-enduro-tour-one-day,/all-tours/dalat-enduro-tour-one-day,internal,200,/all-tours/dalat-enduro-tour-one-day
/all-tours/danang-enduro-tour-advanced,/all-tours/dalat-enduro-tour-advanced,https://enduro-vietnam.com/all-tours/dalat-enduro-tour-advanced,/all-tours/dalat-enduro-tour-advanced,internal,200,/all-tours/dalat-enduro-tour-advanced
/all-tours/danang-enduro-tour-advanced,READ MORE,https://enduro-vietnam.com/all-tours/dalat-enduro-tour-advanced,/all-tours/dalat-enduro-tour-advanced,internal,200,/all-tours/dalat-enduro-tour-advanced
/all-tours/danang-enduro-tour-advanced,/all-tours/dalat-enduro-tour-two-day,https://enduro-vietnam.com/all-tours/dalat-enduro-tour-two-day,/all-tours/dalat-enduro-tour-two-day,internal,200,/all-tours/dalat-enduro-tour-two-day
/all-tours/danang-enduro-tour-advanced,READ MORE,https://enduro-vietnam.com/all-tours/dalat-enduro-tour-two-day,/all-tours/dalat-enduro-tour-two-day,internal,200,/all-tours/dalat-enduro-tour-two-day
/all-tours/danang-enduro-tour-advanced,/all-tours/three-day-tour-dalat-nhatrang,https://enduro-vietnam.com/all-tours/three-day-tour-dalat-nhatrang,/all-tours/three-day-tour-dalat-nhatrang,internal,200,/all-tours/three-day-tour-dalat-nhatrang
/all-tours/danang-enduro-tour-advanced,READ MORE,https://enduro-vietnam.com/all-tours/three-day-tour-dalat-nhatrang,/all-tours/three-day-tour-dalat-nhatrang,internal,200,/all-tours/three-day-tour-dalat-nhatrang
/all-tours/danang-enduro-tour-advanced,/all-tours/three-day-tour-dalat-muine,https://enduro-vietnam.com/all-tours/three-day-tour-dalat-muine,/all-tours/three-day-tour-dalat-muine,internal,200,/all-tours/three-day-tour-dalat-muine
/all-tours/danang-enduro-tour-advanced,READ MORE,https://enduro-vietnam.com/all-tours/three-day-tour-dalat-muine,/all-tours/three-day-tour-dalat-muine,internal,200,/all-tours/three-day-tour-dalat-muine
/all-tours/danang-enduro-tour-advanced,/all-tours/dalat-easy-rider-enduro-beginners,https://enduro-vietnam.com/all-tours/dalat-easy-rider-enduro-beginners,/all-tours/dalat-easy-rider-enduro-beginners,internal,200,/all-tours/dalat-easy-rider-enduro-beginners
/all-tours/danang-enduro-tour-advanced,READ MORE,https://enduro-vietnam.com/all-tours/dalat-easy-rider-enduro-beginners,/all-tours/dalat-easy-rider-enduro-beginners,internal,200,/all-tours/dalat-easy-rider-enduro-beginners
/all-tours/danang-enduro-tour-advanced,/all-tours/nhatrang-enduro-tour-one-day,https://enduro-vietnam.com/all-tours/nhatrang-enduro-tour-one-day,/all-tours/nhatrang-enduro-tour-one-day,internal,200,/all-tours/nhatrang-enduro-tour-one-day
/all-tours/danang-enduro-tour-advanced,READ MORE,https://enduro-vietnam.com/all-tours/nhatrang-enduro-tour-one-day,/all-tours/nhatrang-enduro-tour-one-day,internal,200,/all-tours/nhatrang-enduro-tour-one-day
/all-tours/danang-enduro-tour-advanced,/all-tours/nhatrang-enduro-tour-advanced,https://enduro-vietnam.com/all-tours/nhatrang-enduro-tour-advanced,/all-tours/nhatrang-enduro-tour-advanced,internal,200,/all-tours/nhatrang-enduro-tour-advanced
/all-tours/danang-enduro-tour-advanced,READ MORE,https://enduro-vietnam.com/all-tours/nhatrang-enduro-tour-advanced,/all-tours/nhatrang-enduro-tour-advanced,internal,200,/all-tours/nhatrang-enduro-tour-advanced
/all-tours/danang-enduro-tour-advanced,/all-tours/motorbike-tour-south-vietnam-4-days,https://enduro-vietnam.com/all-tours/motorbike-tour-south-vietnam-4-days,/all-tours/motorbike-tour-south-vietnam-4-days,internal,200,/all-tours/motorbike-tour-south-vietnam-4-days
/all-tours/danang-enduro-tour-advanced,READ MORE,https://enduro-vietnam.com/all-tours/motorbike-tour-south-vietnam-4-days,/all-tours/motorbike-tour-south-vietnam-4-days,internal,200,/all-tours/motorbike-tour-south-vietnam-4-days
/all-tours/danang-enduro-tour-advanced,Watch more tours,https://enduro-vietnam.com/all-tours/,/all-tours,internal,200,/all-tours
/all-tours/danang-enduro-tour-advanced,TO BOOK,https://t.me/mototourvietnam,https://t.me/mototourvietnam,external,,
/all-tours/danang-enduro-tour-advanced,READ MORE,https://enduro-vietnam.com/all-tours/dalat-enduro-tour-one-day,/all-tours/dalat-enduro-tour-one-day,internal,200,/all-tours/dalat-enduro-tour-one-day
/all-tours/danang-enduro-tour-advanced,TO BOOK,https://t.me/mototourvietnam,https://t.me/mototourvietnam,external,,
/all-tours/danang-enduro-tour-advanced,READ MORE,https://enduro-vietnam.com/all-tours/dalat-enduro-tour-advanced,/all-tours/dalat-enduro-tour-advanced,internal,200,/all-tours/dalat-enduro-tour-advanced
/all-tours/danang-enduro-tour-advanced,TO BOOK,https://t.me/mototourvietnam,https://t.me/mototourvietnam,external,,
/all-tours/danang-enduro-tour-advanced,READ MORE,https://enduro-vietnam.com/all-tours/dalat-enduro-tour-two-day,/all-tours/dalat-enduro-tour-two-day,internal,200,/all-tours/dalat-enduro-tour-two-day
/all-tours/danang-enduro-tour-advanced,TO BOOK,https://t.me/mototourvietnam,https://t.me/mototourvietnam,external,,
/all-tours/danang-enduro-tour-advanced,READ MORE,https://enduro-vietnam.com/all-tours/three-day-tour-dalat-nhatrang,/all-tours/three-day-tour-dalat-nhatrang,internal,200,/all-tours/three-day-tour-dalat-nhatrang
/all-tours/danang-enduro-tour-advanced,TO BOOK,https://t.me/mototourvietnam,https://t.me/mototourvietnam,external,,
/all-tours/danang-enduro-tour-advanced,READ MORE,https://enduro-vietnam.com/all-tours/three-day-tour-dalat-muine,/all-tours/three-day-tour-dalat-muine,internal,200,/all-tours/three-day-tour-dalat-muine
/all-tours/danang-enduro-tour-advanced,TO BOOK,https://t.me/mototourvietnam,https://t.me/mototourvietnam,external,,
/all-tours/danang-enduro-tour-advanced,READ MORE,https://enduro-vietnam.com/all-tours/dalat-easy-rider-enduro-beginners,/all-tours/dalat-easy-rider-enduro-beginners,internal,200,/all-tours/dalat-easy-rider-enduro-beginners
/all-tours/danang-enduro-tour-advanced,TO BOOK,https://t.me/mototourvietnam,https://t.me/mototourvietnam,external,,
/all-tours/danang-enduro-tour-advanced,READ MORE,https://enduro-vietnam.com/all-tours/nhatrang-enduro-tour-one-day,/all-tours/nhatrang-enduro-tour-one-day,internal,200,/all-tours/nhatrang-enduro-tour-one-day
/all-tours/danang-enduro-tour-advanced,TO BOOK,https://t.me/mototourvietnam,https://t.me/mototourvietnam,external,,
/all-tours/danang-enduro-tour-advanced,READ MORE,https://enduro-vietnam.com/all-tours/nhatrang-enduro-tour-advanced,/all-tours/nhatrang-enduro-tour-advanced,internal,200,/all-tours/nhatrang-enduro-tour-advanced
/all-tours/danang-enduro-tour-advanced,TO BOOK,https://t.me/mototourvietnam,https://t.me/mototourvietnam,external,,
/all-tours/danang-enduro-tour-advanced,READ MORE,https://enduro-vietnam.com/all-tours/motorbike-tour-south-vietnam-4-days,/all-tours/motorbike-tour-south-vietnam-4-days,internal,200,/all-tours/motorbike-tour-south-vietnam-4-days
/all-tours/danang-enduro-tour-advanced,TO BOOK,https://t.me/mototourvietnam,https://t.me/mototourvietnam,external,,
/all-tours/danang-enduro-tour-advanced,READ MORE,https://enduro-vietnam.com/all-tours/5-day-motorbike-tour-from-saigon-ho-chi-minh-city,/all-tours/5-day-motorbike-tour-from-saigon-ho-chi-minh-city,internal,200,/all-tours/5-day-motorbike-tour-from-saigon-ho-chi-minh-city
/all-tours/danang-enduro-tour-advanced,TO BOOK,https://t.me/mototourvietnam,https://t.me/mototourvietnam,external,,
/all-tours/danang-enduro-tour-advanced,READ MORE,https://enduro-vietnam.com/all-tours/mekong-delta-and-coastline-vietnam-motorbike-tour-6-days,/all-tours/mekong-delta-and-coastline-vietnam-motorbike-tour-6-days,internal,200,/all-tours/mekong-delta-and-coastline-vietnam-motorbike-tour-6-days
/all-tours/danang-enduro-tour-advanced,TO BOOK,https://t.me/mototourvietnam,https://t.me/mototourvietnam,external,,
/all-tours/danang-enduro-tour-advanced,READ MORE,https://enduro-vietnam.com/all-tours/motorcycle-tour-on-coastline-and-highlands-vietnam-7-days,/all-tours/motorcycle-tour-on-coastline-and-highlands-vietnam-7-days,internal,200,/all-tours/motorcycle-tour-on-coastline-and-highlands-vietnam-7-days
/all-tours/danang-enduro-tour-advanced,TO BOOK,https://t.me/mototourvietnam,https://t.me/mototourvietnam,external,,
/all-tours/danang-enduro-tour-advanced,READ MORE,https://enduro-vietnam.com/all-tours/saigon-motorbike-tour-10-days,/all-tours/saigon-motorbike-tour-10-days,internal,200,/all-tours/saigon-motorbike-tour-10-days
/all-tours/danang-enduro-tour-advanced,TO BOOK,https://t.me/mototourvietnam,https://t.me/mototourvietnam,external,,
/all-tours/danang-enduro-tour-advanced,READ MORE,https://enduro-vietnam.com/all-tours/south-vietnam-motorbike-tour-7-days,/all-tours/south-vietnam-motorbike-tour-7-days,internal,200,/all-tours/south-vietnam-motorbike-tour-7-days
/all-tours/danang-enduro-tour-advanced,/all-tours/dalat-enduro-tour-one-day,https://enduro-vietnam.com/all-tours/dalat-enduro-tour-one-day,/all-tours/dalat-enduro-tour-one-day,internal,200,/all-tours/dalat-enduro-tour-one-day
/all-tours/danang-enduro-tour-advanced,READ MORE,https://enduro-vietnam.com/all-tours/dalat-enduro-tour-one-day,/all-tours/dalat-enduro-tour-one-day,internal,200,/all-tours/dalat-enduro-tour-one-day
/all-tours/danang-enduro-tour-advanced,/all-tours/dalat-enduro-tour-advanced,https://enduro-vietnam.com/all-tours/dalat-enduro-tour-advanced,/all-tours/dalat-enduro-tour-advanced,internal,200,/all-tours/dalat-enduro-tour-advanced
/all-tours/danang-enduro-tour-advanced,READ MORE,https://enduro-vietnam.com/all-tours/dalat-enduro-tour-advanced,/all-tours/dalat-enduro-tour-advanced,internal,200,/all-tours/dalat-enduro-tour-advanced
/all-tours/danang-enduro-tour-advanced,/all-tours/dalat-enduro-tour-two-day,https://enduro-vietnam.com/all-tours/dalat-enduro-tour-two-day,/all-tours/dalat-enduro-tour-two-day,internal,200,/all-tours/dalat-enduro-tour-two-day
/all-tours/danang-enduro-tour-advanced,READ MORE,https://enduro-vietnam.com/all-tours/dalat-enduro-tour-two-day,/all-tours/dalat-enduro-tour-two-day,internal,200,/all-tours/dalat-enduro-tour-two-day
/all-tours/danang-enduro-tour-advanced,/all-tours/three-day-tour-dalat-nhatrang,https://enduro-vietnam.com/all-tours/three-day-tour-dalat-nhatrang,/all-tours/three-day-tour-dalat-nhatrang,internal,200,/all-tours/three-day-tour-dalat-nhatrang
/all-tours/danang-enduro-tour-advanced,READ MORE,https://enduro-vietnam.com/all-tours/three-day-tour-dalat-nhatrang,/all-tours/three-day-tour-dalat-nhatrang,internal,200,/all-tours/three-day-tour-dalat-nhatrang
/all-tours/danang-enduro-tour-advanced,/all-tours/three-day-tour-dalat-muine,https://enduro-vietnam.com/all-tours/three-day-tour-dalat-muine,/all-tours/three-day-tour-dalat-muine,internal,200,/all-tours/three-day-tour-dalat-muine
/all-tours/danang-enduro-tour-advanced,READ MORE,https://enduro-vietnam.com/all-tours/three-day-tour-dalat-muine,/all-tours/three-day-tour-dalat-muine,internal,200,/all-tours/three-day-tour-dalat-muine
/all-tours/danang-enduro-tour-advanced,/all-tours/dalat-easy-rider-enduro-beginners,https://enduro-vietnam.com/all-tours/dalat-easy-rider-enduro-beginners,/all-tours/dalat-easy-rider-enduro-beginners,internal,200,/all-tours/dalat-easy-rider-enduro-beginners
/all-tours/danang-enduro-tour-advanced,READ MORE,https://enduro-vietnam.com/all-tours/dalat-easy-rider-enduro-beginners,/all-tours/dalat-easy-rider-enduro-beginners,internal,200,/all-tours/dalat-easy-rider-enduro-beginners
/all-tours/danang-enduro-tour-advanced,/all-tours/nhatrang-enduro-tour-one-day,https://enduro-vietnam.com/all-tours/nhatrang-enduro-tour-one-day,/all-tours/nhatrang-enduro-tour-one-day,internal,200,/all-tours/nhatrang-enduro-tour-one-day
/all-tours/danang-enduro-tour-advanced,READ MORE,https://enduro-vietnam.com/all-tours/nhatrang-enduro-tour-one-day,/all-tours/nhatrang-enduro-tour-one-day,internal,200,/all-tours/nhatrang-enduro-tour-one-day
/all-tours/danang-enduro-tour-advanced,/all-tours/nhatrang-enduro-tour-advanced,https://enduro-vietnam.com/all-tours/nhatrang-enduro-tour-advanced,/all-tours/nhatrang-enduro-tour-advanced,internal,200,/all-tours/nhatrang-enduro-tour-advanced
/all-tours/danang-enduro-tour-advanced,READ MORE,https://enduro-vietnam.com/all-tours/nhatrang-enduro-tour-advanced,/all-tours/nhatrang-enduro-tour-advanced,internal,200,/all-tours/nhatrang-enduro-tour-advanced
/all-tours/danang-enduro-tour-advanced,/all-tours/motorbike-tour-south-vietnam-4-days,https://enduro-vietnam.com/all-tours/motorbike-tour-south-vietnam-4-days,/all-tours/motorbike-tour-south-vietnam-4-days,internal,200,/all-tours/motorbike-tour-south-vietnam-4-days
/all-tours/danang-enduro-tour-advanced,READ MORE,https://enduro-vietnam.com/all-tours/motorbike-tour-south-vietnam-4-days,/all-tours/motorbike-tour-south-vietnam-4-days,internal,200,/all-tours/motorbike-tour-south-vietnam-4-days
/all-tours/danang-enduro-tour-advanced,/all-tours/5-day-motorbike-tour-from-saigon-ho-chi-minh-city,https://enduro-vietnam.com/all-tours/5-day-motorbike-tour-from-saigon-ho-chi-minh-city,/all-tours/5-day-motorbike-tour-from-saigon-ho-chi-minh-city,internal,200,/all-tours/5-day-motorbike-tour-from-saigon-ho-chi-minh-city
/all-tours/danang-enduro-tour-advanced,READ MORE,https://enduro-vietnam.com/all-tours/5-day-motorbike-tour-from-saigon-ho-chi-minh-city,/all-tours/5-day-motorbike-tour-from-saigon-ho-chi-minh-city,internal,200,/all-tours/5-day-motorbike-tour-from-saigon-ho-chi-minh-city
/all-tours/danang-enduro-tour-advanced,/all-tours/mekong-delta-and-coastline-vietnam-motorbike-tour-6-days,https://enduro-vietnam.com/all-tours/mekong-delta-and-coastline-vietnam-motorbike-tour-6-days,/all-tours/mekong-delta-and-coastline-vietnam-motorbike-tour-6-days,internal,200,/all-tours/mekong-delta-and-coastline-vietnam-motorbike-tour-6-days
/all-tours/danang-enduro-tour-advanced,READ MORE,https://enduro-vietnam.com/all-tours/mekong-delta-and-coastline-vietnam-motorbike-tour-6-days,/all-tours/mekong-delta-and-coastline-vietnam-motorbike-tour-6-days,internal,200,/all-tours/mekong-delta-and-coastline-vietnam-motorbike-tour-6-days
/all-tours/danang-enduro-tour-advanced,/all-tours/motorcycle-tour-on-coastline-and-highlands-vietnam-7-days,https://enduro-vietnam.com/all-tours/motorcycle-tour-on-coastline-and-highlands-vietnam-7-days,/all-tours/motorcycle-tour-on-coastline-and-highlands-vietnam-7-days,internal,200,/all-tours/motorcycle-tour-on-coastline-and-highlands-vietnam-7-days
/all-tours/danang-enduro-tour-advanced,READ MORE,https://enduro-vietnam.com/all-tours/motorcycle-tour-on-coastline-and-highlands-vietnam-7-days,/all-tours/motorcycle-tour-on-coastline-and-highlands-vietnam-7-days,internal,200,/all-tours/motorcycle-tour-on-coastline-and-highlands-vietnam-7-days
/all-tours/danang-enduro-tour-advanced,/all-tours/saigon-motorbike-tour-10-days,https://enduro-vietnam.com/all-tours/saigon-motorbike-tour-10-days,/all-tours/saigon-motorbike-tour-10-days,internal,200,/all-tours/saigon-motorbike-tour-10-days
/all-tours/danang-enduro-tour-advanced,READ MORE,https://enduro-vietnam.com/all-tours/saigon-motorbike-tour-10-days,/all-tours/saigon-motorbike-tour-10-days,internal,200,/all-tours/saigon-motorbike-tour-10-days
/all-tours/danang-enduro-tour-advanced,/all-tours/south-vietnam-motorbike-tour-7-days,https://enduro-vietnam.com/all-tours/south-vietnam-motorbike-tour-7-days,/all-tours/south-vietnam-motorbike-tour-7-days,internal,200,/all-tours/south-vietnam-motorbike-tour-7-days
/all-tours/danang-enduro-tour-advanced,READ MORE,https://enduro-vietnam.com/all-tours/south-vietnam-motorbike-tour-7-days,/all-tours/south-vietnam-motorbike-tour-7-days,internal,200,/all-tours/south-vietnam-motorbike-tour-7-days
/all-tours/danang-enduro-tour-advanced,https://t.me/mototourvietnam,https://t.me/mototourvietnam,https://t.me/mototourvietnam,external,,
/all-tours/danang-enduro-tour-advanced,https://www.instagram.com/enduro.vietnam,https://www.instagram.com/enduro.vietnam,https://www.instagram.com/enduro.vietnam,external,,
/all-tours/danang-enduro-tour-advanced,https://wa.me/79994564498,https://wa.me/79994564498,https://wa.me/79994564498,external,,
/all-tours/danang-enduro-tour-advanced,https://t.me/mototourvietnam,https://t.me/mototourvietnam,https://t.me/mototourvietnam,external,,
/all-tours/danang-enduro-tour-advanced,https://www.instagram.com/enduro.vietnam,https://www.instagram.com/enduro.vietnam,https://www.instagram.com/enduro.vietnam,external,,
/all-tours/danang-enduro-tour-advanced,https://wa.me/79994564498,https://wa.me/79994564498,https://wa.me/79994564498,external,,
/all-tours/danang-enduro-tour-advanced,https://t.me/mototourvietnam,https://t.me/mototourvietnam,https://t.me/mototourvietnam,external,,
/all-tours/danang-enduro-tour-advanced,https://www.instagram.com/enduro.vietnam,https://www.instagram.com/enduro.vietnam,https://www.instagram.com/enduro.vietnam,external,,
/all-tours/danang-enduro-tour-advanced,https://wa.me/79994564498,https://wa.me/79994564498,https://wa.me/79994564498,external,,
/all-tours/danang-enduro-tour-advanced,https://t.me/mototourvietnam,https://t.me/mototourvietnam,https://t.me/mototourvietnam,external,,
/all-tours/danang-enduro-tour-advanced,https://www.instagram.com/enduro.vietnam,https://www.instagram.com/enduro.vietnam,https://www.instagram.com/enduro.vietnam,external,,
/all-tours/danang-enduro-tour-advanced,https://wa.me/79994564498,https://wa.me/79994564498,https://wa.me/79994564498,external,,
/all-tours/danang-enduro-tour-advanced,https://t.me/mototourvietnam,https://t.me/mototourvietnam,https://t.me/mototourvietnam,external,,
/all-tours/danang-enduro-tour-advanced,https://www.instagram.com/enduro.vietnam,https://www.instagram.com/enduro.vietnam,https://www.instagram.com/enduro.vietnam,external,,
/all-tours/danang-enduro-tour-advanced,https://wa.me/79994564498,https://wa.me/79994564498,https://wa.me/79994564498,external,,
/all-tours/danang-enduro-tour-advanced,logo YouTube,https://youtube.com/@enduro.vietnam?si=FDMtZYMkF863JBpP,https://youtube.com/@enduro.vietnam?si=FDMtZYMkF863JBpP,external,,
/all-tours/danang-enduro-tour-advanced,youtube.com/@enduro.vietnam,https://youtube.com/@enduro.vietnam?si=FDMtZYMkF863JBpP,https://youtube.com/@enduro.vietnam?si=FDMtZYMkF863JBpP,external,,
/all-tours/danang-enduro-tour-advanced,logo Instagram,https://www.instagram.com/enduro.vietnam/,https://www.instagram.com/enduro.vietnam/,external,,
/all-tours/danang-enduro-tour-advanced,instagram.com/enduro.vietnam,https://www.instagram.com/enduro.vietnam/,https://www.instagram.com/enduro.vietnam/,external,,
/all-tours/danang-enduro-tour-advanced,processing of personal data,/privacy,/privacy,internal,200,/privacy
/all-tours/danang-enduro-tour-advanced,Главная страница,/ru,/ru,internal,200,/ru
/all-tours/danang-enduro-tour-advanced,Эндуро туры в Далате,/ru/dalat,/ru/dalat,internal,200,/ru/dalat
/all-tours/danang-enduro-tour-advanced,Эндуро туры в Нячанге,/ru/nhatrang,/ru/nhatrang,internal,200,/ru/nhatrang
/all-tours/danang-enduro-tour-advanced,Эндуро туры в Дананге,/ru/danang,/ru/danang,internal,200,/ru/danang
/all-tours/danang-enduro-tour-advanced,Эндуро туры в Муйне,/ru/muine,/ru/muine,internal,200,/ru/muine
/all-tours/danang-enduro-tour-advanced,Все туры,/ru/all-tours,/ru/all-tours,internal,200,/ru/all-tours
/all-tours/danang-enduro-tour-advanced,Аренда скутеров Далат,ru/rent-motorbike-dalat,/ru/rent-motorbike-dalat,internal,404,/all-tours/ru/rent-motorbike-dalat
/all-tours/danang-enduro-tour-advanced,Аренда скутеров Нячанг,ru/rent-scooter-nhatrang,/ru/rent-scooter-nhatrang,internal,404,/all-tours/ru/rent-scooter-nhatrang
/all-tours/danang-enduro-tour-advanced,/aboutourclinic,/aboutourclinic,,unavailable,404,/aboutourclinic
/all-tours/danang-enduro-tour-advanced,Enduro tours in Vietnam,/,/,internal,200,/
/all-tours/danang-enduro-tour-advanced,Dalat,/dalat,/dalat,internal,200,/dalat
/all-tours/danang-enduro-tour-advanced,Nha Trang,/nhatrang,/nhatrang,internal,200,/nhatrang
/all-tours/danang-enduro-tour-advanced,Danang,/danang,/danang,internal,200,/danang
/all-tours/danang-enduro-tour-advanced,Muine,/muine,/muine,internal,200,/muine
/all-tours/danang-enduro-tour-advanced,All tours,/all-tours,/all-tours,internal,200,/all-tours
/all-tours/danang-enduro-tour-advanced,Scooter rental in Dalat,/rent-motorbike-dalat,/rent-motorbike-dalat,internal,200,/rent-motorbike-dalat
/all-tours/danang-enduro-tour-advanced,Scooter rental in Nha Trang,/rent-scooter-nhatrang,/rent-scooter-nhatrang,internal,200,/rent-scooter-nhatrang
/all-tours/danang-enduro-tour-advanced,Vietnam,https://maps.app.goo.gl/hvewF4aRPsdtciud6,https://maps.app.goo.gl/hvewF4aRPsdtciud6,external,,
/all-tours/danang-enduro-tour-advanced,https://t.me/mototourvietnam,https://t.me/mototourvietnam,https://t.me/mototourvietnam,external,,
/all-tours/danang-enduro-tour-advanced,https://www.instagram.com/enduro.vietnam,https://www.instagram.com/enduro.vietnam,https://www.instagram.com/enduro.vietnam,external,,
/all-tours/danang-enduro-tour-advanced,https://wa.me/79994564498,https://wa.me/79994564498,https://wa.me/79994564498,external,,
/all-tours/danang-enduro-tour-advanced,Enduro tours in Vietnam,/,/,internal,200,/
/all-tours/danang-enduro-tour-advanced,Dalat,/dalat,/dalat,internal,200,/dalat
/all-tours/danang-enduro-tour-advanced,Nha Trang,/nhatrang,/nhatrang,internal,200,/nhatrang
/all-tours/danang-enduro-tour-advanced,Danang,/danang,/danang,internal,200,/danang
/all-tours/danang-enduro-tour-advanced,All tours,/all-tours,/all-tours,internal,200,/all-tours
/all-tours/danang-enduro-tour-advanced,Scooter rental in Dalat,/rent-motorbike-dalat,/rent-motorbike-dalat,internal,200,/rent-motorbike-dalat
/all-tours/danang-enduro-tour-advanced,Мототуры по всему Вьетнаму,/ru,/ru,internal,200,/ru
/all-tours/danang-enduro-tour-advanced,Аренда Dirt байков и эндуро туры в Муйне,/ru/muine,/ru/muine,internal,200,/ru/muine
/all-tours/danang-enduro-tour-advanced,Аренда эндуро мотоциклов и мото туры в Далате,/ru/dalat,/ru/dalat,internal,200,/ru/dalat
/all-tours/danang-enduro-tour-advanced,Эндуро туры в Нячанге,/ru/nhatrang,/ru/nhatrang,internal,200,/ru/nhatrang
/all-tours/danang-enduro-tour-advanced,https://t.me/mototourvietnam,https://t.me/mototourvietnam,https://t.me/mototourvietnam,external,,
/all-tours/danang-enduro-tour-advanced,https://www.instagram.com/enduro.vietnam,https://www.instagram.com/enduro.vietnam,https://www.instagram.com/enduro.vietnam,external,,
/all-tours/danang-enduro-tour-advanced,https://wa.me/79994564498,https://wa.me/79994564498,https://wa.me/79994564498,external,,
/all-tours/danang-enduro-tour-advanced,https://t.me/mototourvietnam,https://t.me/mototourvietnam,https://t.me/mototourvietnam,external,,
/all-tours/danang-enduro-tour-advanced,Creatium,https://creatium.app,https://creatium.app,external,,
/all-tours/danang-enduro-tour-one-day,/,/,/,internal,200,/
/all-tours/danang-enduro-tour-one-day,All tours,/all-tours,/all-tours,internal,200,/all-tours
/all-tours/danang-enduro-tour-one-day,https://t.me/mototourvietnam,https://t.me/mototourvietnam,https://t.me/mototourvietnam,external,,
/all-tours/danang-enduro-tour-one-day,https://www.instagram.com/enduro.vietnam,https://www.instagram.com/enduro.vietnam,https://www.instagram.com/enduro.vietnam,external,,
/all-tours/danang-enduro-tour-one-day,https://wa.me/79994564498,https://wa.me/79994564498,https://wa.me/79994564498,external,,
/all-tours/danang-enduro-tour-one-day,/,/,/,internal,200,/
/all-tours/danang-enduro-tour-one-day,Type: Mini-band,http://,http://,external,,
/all-tours/danang-enduro-tour-one-day,Group size: 4 people,http://,http://,external,,
/all-tours/danang-enduro-tour-one-day,Duration: 3 hours,http://,http://,external,,
/all-tours/danang-enduro-tour-one-day,"Booking confirmation: record at least 2 days in advance. The organizer will confirm the booking for the date you have chosen, after which you will make a 30% prepayment.",http://,http://,external,,
/all-tours/danang-enduro-tour-one-day,https://t.me/mototourvietnam,https://t.me/mototourvietnam,https://t.me/mototourvietnam,external,,
/all-tours/danang-enduro-tour-one-day,https://www.instagram.com/enduro.vietnam,https://www.instagram.com/enduro.vietnam,https://www.instagram.com/enduro.vietnam,external,,
/all-tours/danang-enduro-tour-one-day,https://wa.me/79994564498,https://wa.me/79994564498,https://wa.me/79994564498,external,,
/all-tours/danang-enduro-tour-one-day,Enduro Vietnam,/,/,internal,200,/
/all-tours/danang-enduro-tour-one-day,All tours,/all-tours,/all-tours,internal,200,/all-tours
/all-tours/danang-enduro-tour-one-day,To book,https://t.me/mototourvietnam,https://t.me/mototourvietnam,external,,
/all-tours/danang-enduro-tour-one-day,To book,https://t.me/mototourvietnam,https://t.me/mototourvietnam,external,,
/all-tours/danang-enduro-tour-one-day,https://t.me/mototourvietnam,https://t.me/mototourvietnam,https://t.me/mototourvietnam,external,,
/all-tours/danang-enduro-tour-one-day,https://www.instagram.com/enduro.vietnam,https://www.instagram.com/enduro.vietnam,https://www.instagram.com/enduro.vietnam,external,,
/all-tours/danang-enduro-tour-one-day,https://wa.me/79994564498,https://wa.me/79994564498,https://wa.me/79994564498,external,,
/all-tours/danang-enduro-tour-one-day,Enduro Vietnam,/,/,internal,200,/
/all-tours/danang-enduro-tour-one-day,All tours,/all-tours,/all-tours,internal,200,/all-tours
/all-tours/danang-enduro-tour-one-day,Watch more tours,https://enduro-vietnam.com/all-tours/,/all-tours,internal,200,/all-tours
/all-tours/danang-enduro-tour-one-day,/all-tours/dalat-enduro-tour-one-day,https://enduro-vietnam.com/all-tours/dalat-enduro-tour-one-day,/all-tours/dalat-enduro-tour-one-day,internal,200,/all-tours/dalat-enduro-tour-one-day
/all-tours/danang-enduro-tour-one-day,READ MORE,https://enduro-vietnam.com/all-tours/dalat-enduro-tour-one-day,/all-tours/dalat-enduro-tour-one-day,internal,200,/all-tours/dalat-enduro-tour-one-day
/all-tours/danang-enduro-tour-one-day,/all-tours/dalat-enduro-tour-advanced,https://enduro-vietnam.com/all-tours/dalat-enduro-tour-advanced,/all-tours/dalat-enduro-tour-advanced,internal,200,/all-tours/dalat-enduro-tour-advanced
/all-tours/danang-enduro-tour-one-day,READ MORE,https://enduro-vietnam.com/all-tours/dalat-enduro-tour-advanced,/all-tours/dalat-enduro-tour-advanced,internal,200,/all-tours/dalat-enduro-tour-advanced
/all-tours/danang-enduro-tour-one-day,/all-tours/dalat-enduro-tour-two-day,https://enduro-vietnam.com/all-tours/dalat-enduro-tour-two-day,/all-tours/dalat-enduro-tour-two-day,internal,200,/all-tours/dalat-enduro-tour-two-day
/all-tours/danang-enduro-tour-one-day,READ MORE,https://enduro-vietnam.com/all-tours/dalat-enduro-tour-two-day,/all-tours/dalat-enduro-tour-two-day,internal,200,/all-tours/dalat-enduro-tour-two-day
/all-tours/danang-enduro-tour-one-day,/all-tours/three-day-tour-dalat-nhatrang,https://enduro-vietnam.com/all-tours/three-day-tour-dalat-nhatrang,/all-tours/three-day-tour-dalat-nhatrang,internal,200,/all-tours/three-day-tour-dalat-nhatrang
/all-tours/danang-enduro-tour-one-day,READ MORE,https://enduro-vietnam.com/all-tours/three-day-tour-dalat-nhatrang,/all-tours/three-day-tour-dalat-nhatrang,internal,200,/all-tours/three-day-tour-dalat-nhatrang
/all-tours/danang-enduro-tour-one-day,/all-tours/three-day-tour-dalat-muine,https://enduro-vietnam.com/all-tours/three-day-tour-dalat-muine,/all-tours/three-day-tour-dalat-muine,internal,200,/all-tours/three-day-tour-dalat-muine
/all-tours/danang-enduro-tour-one-day,READ MORE,https://enduro-vietnam.com/all-tours/three-day-tour-dalat-muine,/all-tours/three-day-tour-dalat-muine,internal,200,/all-tours/three-day-tour-dalat-muine
/all-tours/danang-enduro-tour-one-day,/all-tours/dalat-easy-rider-enduro-beginners,https://enduro-vietnam.com/all-tours/dalat-easy-rider-enduro-beginners,/all-tours/dalat-easy-rider-enduro-beginners,internal,200,/all-tours/dalat-easy-rider-enduro-beginners
/all-tours/danang-enduro-tour-one-day,READ MORE,https://enduro-vietnam.com/all-tours/dalat-easy-rider-enduro-beginners,/all-tours/dalat-easy-rider-enduro-beginners,internal,200,/all-tours/dalat-easy-rider-enduro-beginners
/all-tours/danang-enduro-tour-one-day,/all-tours/nhatrang-enduro-tour-one-day,https://enduro-vietnam.com/all-tours/nhatrang-enduro-tour-one-day,/all-tours/nhatrang-enduro-tour-one-day,internal,200,/all-tours/nhatrang-enduro-tour-one-day
/all-tours/danang-enduro-tour-one-day,READ MORE,https://enduro-vietnam.com/all-tours/nhatrang-enduro-tour-one-day,/all-tours/nhatrang-enduro-tour-one-day,internal,200,/all-tours/nhatrang-enduro-tour-one-day
/all-tours/danang-enduro-tour-one-day,/all-tours/nhatrang-enduro-tour-advanced,https://enduro-vietnam.com/all-tours/nhatrang-enduro-tour-advanced,/all-tours/nhatrang-enduro-tour-advanced,internal,200,/all-tours/nhatrang-enduro-tour-advanced
/all-tours/danang-enduro-tour-one-day,READ MORE,https://enduro-vietnam.com/all-tours/nhatrang-enduro-tour-advanced,/all-tours/nhatrang-enduro-tour-advanced,internal,200,/all-tours/nhatrang-enduro-tour-advanced
/all-tours/danang-enduro-tour-one-day,/all-tours/motorbike-tour-south-vietnam-4-days,https://enduro-vietnam.com/all-tours/motorbike-tour-south-vietnam-4-days,/all-tours/motorbike-tour-south-vietnam-4-days,internal,200,/all-tours/motorbike-tour-south-vietnam-4-days
/all-tours/danang-enduro-tour-one-day,READ MORE,https://enduro-vietnam.com/all-tours/motorbike-tour-south-vietnam-4-days,/all-tours/motorbike-tour-south-vietnam-4-days,internal,200,/all-tours/motorbike-tour-south-vietnam-4-days
/all-tours/danang-enduro-tour-one-day,Watch more tours,https://enduro-vietnam.com/all-tours/,/all-tours,internal,200,/all-tours
/all-tours/danang-enduro-tour-one-day,TO BOOK,https://t.me/mototourvietnam,https://t.me/mototourvietnam,external,,
/all-tours/danang-enduro-tour-one-day,READ MORE,https://enduro-vietnam.com/all-tours/dalat-enduro-tour-one-day,/all-tours/dalat-enduro-tour-one-day,internal,200,/all-tours/dalat-enduro-tour-one-day
/all-tours/danang-enduro-tour-one-day,TO BOOK,https://t.me/mototourvietnam,https://t.me/mototourvietnam,external,,
/all-tours/danang-enduro-tour-one-day,READ MORE,https://enduro-vietnam.com/all-tours/dalat-enduro-tour-advanced,/all-tours/dalat-enduro-tour-advanced,internal,200,/all-tours/dalat-enduro-tour-advanced
/all-tours/danang-enduro-tour-one-day,TO BOOK,https://t.me/mototourvietnam,https://t.me/mototourvietnam,external,,
/all-tours/danang-enduro-tour-one-day,READ MORE,https://enduro-vietnam.com/all-tours/dalat-enduro-tour-two-day,/all-tours/dalat-enduro-tour-two-day,internal,200,/all-tours/dalat-enduro-tour-two-day
/all-tours/danang-enduro-tour-one-day,TO BOOK,https://t.me/mototourvietnam,https://t.me/mototourvietnam,external,,
/all-tours/danang-enduro-tour-one-day,READ MORE,https://enduro-vietnam.com/all-tours/three-day-tour-dalat-nhatrang,/all-tours/three-day-tour-dalat-nhatrang,internal,200,/all-tours/three-day-tour-dalat-nhatrang
/all-tours/danang-enduro-tour-one-day,TO BOOK,https://t.me/mototourvietnam,https://t.me/mototourvietnam,external,,
/all-tours/danang-enduro-tour-one-day,READ MORE,https://enduro-vietnam.com/all-tours/three-day-tour-dalat-muine,/all-tours/three-day-tour-dalat-muine,internal,200,/all-tours/three-day-tour-dalat-muine
/all-tours/danang-enduro-tour-one-day,TO BOOK,https://t.me/mototourvietnam,https://t.me/mototourvietnam,external,,
/all-tours/danang-enduro-tour-one-day,READ MORE,https://enduro-vietnam.com/all-tours/dalat-easy-rider-enduro-beginners,/all-tours/dalat-easy-rider-enduro-beginners,internal,200,/all-tours/dalat-easy-rider-enduro-beginners
/all-tours/danang-enduro-tour-one-day,TO BOOK,https://t.me/mototourvietnam,https://t.me/mototourvietnam,external,,
/all-tours/danang-enduro-tour-one-day,READ MORE,https://enduro-vietnam.com/all-tours/nhatrang-enduro-tour-one-day,/all-tours/nhatrang-enduro-tour-one-day,internal,200,/all-tours/nhatrang-enduro-tour-one-day
/all-tours/danang-enduro-tour-one-day,TO BOOK,https://t.me/mototourvietnam,https://t.me/mototourvietnam,external,,
/all-tours/danang-enduro-tour-one-day,READ MORE,https://enduro-vietnam.com/all-tours/nhatrang-enduro-tour-advanced,/all-tours/nhatrang-enduro-tour-advanced,internal,200,/all-tours/nhatrang-enduro-tour-advanced
/all-tours/danang-enduro-tour-one-day,TO BOOK,https://t.me/mototourvietnam,https://t.me/mototourvietnam,external,,
/all-tours/danang-enduro-tour-one-day,READ MORE,https://enduro-vietnam.com/all-tours/motorbike-tour-south-vietnam-4-days,/all-tours/motorbike-tour-south-vietnam-4-days,internal,200,/all-tours/motorbike-tour-south-vietnam-4-days
/all-tours/danang-enduro-tour-one-day,TO BOOK,https://t.me/mototourvietnam,https://t.me/mototourvietnam,external,,
/all-tours/danang-enduro-tour-one-day,READ MORE,https://enduro-vietnam.com/all-tours/5-day-motorbike-tour-from-saigon-ho-chi-minh-city,/all-tours/5-day-motorbike-tour-from-saigon-ho-chi-minh-city,internal,200,/all-tours/5-day-motorbike-tour-from-saigon-ho-chi-minh-city
/all-tours/danang-enduro-tour-one-day,TO BOOK,https://t.me/mototourvietnam,https://t.me/mototourvietnam,external,,
/all-tours/danang-enduro-tour-one-day,READ MORE,https://enduro-vietnam.com/all-tours/mekong-delta-and-coastline-vietnam-motorbike-tour-6-days,/all-tours/mekong-delta-and-coastline-vietnam-motorbike-tour-6-days,internal,200,/all-tours/mekong-delta-and-coastline-vietnam-motorbike-tour-6-days
/all-tours/danang-enduro-tour-one-day,TO BOOK,https://t.me/mototourvietnam,https://t.me/mototourvietnam,external,,
/all-tours/danang-enduro-tour-one-day,READ MORE,https://enduro-vietnam.com/all-tours/motorcycle-tour-on-coastline-and-highlands-vietnam-7-days,/all-tours/motorcycle-tour-on-coastline-and-highlands-vietnam-7-days,internal,200,/all-tours/motorcycle-tour-on-coastline-and-highlands-vietnam-7-days
/all-tours/danang-enduro-tour-one-day,TO BOOK,https://t.me/mototourvietnam,https://t.me/mototourvietnam,external,,
/all-tours/danang-enduro-tour-one-day,READ MORE,https://enduro-vietnam.com/all-tours/saigon-motorbike-tour-10-days,/all-tours/saigon-motorbike-tour-10-days,internal,200,/all-tours/saigon-motorbike-tour-10-days
/all-tours/danang-enduro-tour-one-day,TO BOOK,https://t.me/mototourvietnam,https://t.me/mototourvietnam,external,,
/all-tours/danang-enduro-tour-one-day,READ MORE,https://enduro-vietnam.com/all-tours/south-vietnam-motorbike-tour-7-days,/all-tours/south-vietnam-motorbike-tour-7-days,internal,200,/all-tours/south-vietnam-motorbike-tour-7-days
/all-tours/danang-enduro-tour-one-day,/all-tours/dalat-enduro-tour-one-day,https://enduro-vietnam.com/all-tours/dalat-enduro-tour-one-day,/all-tours/dalat-enduro-tour-one-day,internal,200,/all-tours/dalat-enduro-tour-one-day
/all-tours/danang-enduro-tour-one-day,READ MORE,https://enduro-vietnam.com/all-tours/dalat-enduro-tour-one-day,/all-tours/dalat-enduro-tour-one-day,internal,200,/all-tours/dalat-enduro-tour-one-day
/all-tours/danang-enduro-tour-one-day,/all-tours/dalat-enduro-tour-advanced,https://enduro-vietnam.com/all-tours/dalat-enduro-tour-advanced,/all-tours/dalat-enduro-tour-advanced,internal,200,/all-tours/dalat-enduro-tour-advanced
/all-tours/danang-enduro-tour-one-day,READ MORE,https://enduro-vietnam.com/all-tours/dalat-enduro-tour-advanced,/all-tours/dalat-enduro-tour-advanced,internal,200,/all-tours/dalat-enduro-tour-advanced
/all-tours/danang-enduro-tour-one-day,/all-tours/dalat-enduro-tour-two-day,https://enduro-vietnam.com/all-tours/dalat-enduro-tour-two-day,/all-tours/dalat-enduro-tour-two-day,internal,200,/all-tours/dalat-enduro-tour-two-day
/all-tours/danang-enduro-tour-one-day,READ MORE,https://enduro-vietnam.com/all-tours/dalat-enduro-tour-two-day,/all-tours/dalat-enduro-tour-two-day,internal,200,/all-tours/dalat-enduro-tour-two-day
/all-tours/danang-enduro-tour-one-day,/all-tours/three-day-tour-dalat-nhatrang,https://enduro-vietnam.com/all-tours/three-day-tour-dalat-nhatrang,/all-tours/three-day-tour-dalat-nhatrang,internal,200,/all-tours/three-day-tour-dalat-nhatrang
/all-tours/danang-enduro-tour-one-day,READ MORE,https://enduro-vietnam.com/all-tours/three-day-tour-dalat-nhatrang,/all-tours/three-day-tour-dalat-nhatrang,internal,200,/all-tours/three-day-tour-dalat-nhatrang
/all-tours/danang-enduro-tour-one-day,/all-tours/three-day-tour-dalat-muine,https://enduro-vietnam.com/all-tours/three-day-tour-dalat-muine,/all-tours/three-day-tour-dalat-muine,internal,200,/all-tours/three-day-tour-dalat-muine
/all-tours/danang-enduro-tour-one-day,READ MORE,https://enduro-vietnam.com/all-tours/three-day-tour-dalat-muine,/all-tours/three-day-tour-dalat-muine,internal,200,/all-tours/three-day-tour-dalat-muine
/all-tours/danang-enduro-tour-one-day,/all-tours/dalat-easy-rider-enduro-beginners,https://enduro-vietnam.com/all-tours/dalat-easy-rider-enduro-beginners,/all-tours/dalat-easy-rider-enduro-beginners,internal,200,/all-tours/dalat-easy-rider-enduro-beginners
/all-tours/danang-enduro-tour-one-day,READ MORE,https://enduro-vietnam.com/all-tours/dalat-easy-rider-enduro-beginners,/all-tours/dalat-easy-rider-enduro-beginners,internal,200,/all-tours/dalat-easy-rider-enduro-beginners
/all-tours/danang-enduro-tour-one-day,/all-tours/nhatrang-enduro-tour-one-day,https://enduro-vietnam.com/all-tours/nhatrang-enduro-tour-one-day,/all-tours/nhatrang-enduro-tour-one-day,internal,200,/all-tours/nhatrang-enduro-tour-one-day
/all-tours/danang-enduro-tour-one-day,READ MORE,https://enduro-vietnam.com/all-tours/nhatrang-enduro-tour-one-day,/all-tours/nhatrang-enduro-tour-one-day,internal,200,/all-tours/nhatrang-enduro-tour-one-day
/all-tours/danang-enduro-tour-one-day,/all-tours/nhatrang-enduro-tour-advanced,https://enduro-vietnam.com/all-tours/nhatrang-enduro-tour-advanced,/all-tours/nhatrang-enduro-tour-advanced,internal,200,/all-tours/nhatrang-enduro-tour-advanced
/all-tours/danang-enduro-tour-one-day,READ MORE,https://enduro-vietnam.com/all-tours/nhatrang-enduro-tour-advanced,/all-tours/nhatrang-enduro-tour-advanced,internal,200,/all-tours/nhatrang-enduro-tour-advanced
/all-tours/danang-enduro-tour-one-day,/all-tours/motorbike-tour-south-vietnam-4-days,https://enduro-vietnam.com/all-tours/motorbike-tour-south-vietnam-4-days,/all-tours/motorbike-tour-south-vietnam-4-days,internal,200,/all-tours/motorbike-tour-south-vietnam-4-days
/all-tours/danang-enduro-tour-one-day,READ MORE,https://enduro-vietnam.com/all-tours/motorbike-tour-south-vietnam-4-days,/all-tours/motorbike-tour-south-vietnam-4-days,internal,200,/all-tours/motorbike-tour-south-vietnam-4-days
/all-tours/danang-enduro-tour-one-day,/all-tours/5-day-motorbike-tour-from-saigon-ho-chi-minh-city,https://enduro-vietnam.com/all-tours/5-day-motorbike-tour-from-saigon-ho-chi-minh-city,/all-tours/5-day-motorbike-tour-from-saigon-ho-chi-minh-city,internal,200,/all-tours/5-day-motorbike-tour-from-saigon-ho-chi-minh-city
/all-tours/danang-enduro-tour-one-day,READ MORE,https://enduro-vietnam.com/all-tours/5-day-motorbike-tour-from-saigon-ho-chi-minh-city,/all-tours/5-day-motorbike-tour-from-saigon-ho-chi-minh-city,internal,200,/all-tours/5-day-motorbike-tour-from-saigon-ho-chi-minh-city
/all-tours/danang-enduro-tour-one-day,/all-tours/mekong-delta-and-coastline-vietnam-motorbike-tour-6-days,https://enduro-vietnam.com/all-tours/mekong-delta-and-coastline-vietnam-motorbike-tour-6-days,/all-tours/mekong-delta-and-coastline-vietnam-motorbike-tour-6-days,internal,200,/all-tours/mekong-delta-and-coastline-vietnam-motorbike-tour-6-days
/all-tours/danang-enduro-tour-one-day,READ MORE,https://enduro-vietnam.com/all-tours/mekong-delta-and-coastline-vietnam-motorbike-tour-6-days,/all-tours/mekong-delta-and-coastline-vietnam-motorbike-tour-6-days,internal,200,/all-tours/mekong-delta-and-coastline-vietnam-motorbike-tour-6-days
/all-tours/danang-enduro-tour-one-day,/all-tours/motorcycle-tour-on-coastline-and-highlands-vietnam-7-days,https://enduro-vietnam.com/all-tours/motorcycle-tour-on-coastline-and-highlands-vietnam-7-days,/all-tours/motorcycle-tour-on-coastline-and-highlands-vietnam-7-days,internal,200,/all-tours/motorcycle-tour-on-coastline-and-highlands-vietnam-7-days
/all-tours/danang-enduro-tour-one-day,READ MORE,https://enduro-vietnam.com/all-tours/motorcycle-tour-on-coastline-and-highlands-vietnam-7-days,/all-tours/motorcycle-tour-on-coastline-and-highlands-vietnam-7-days,internal,200,/all-tours/motorcycle-tour-on-coastline-and-highlands-vietnam-7-days
/all-tours/danang-enduro-tour-one-day,/all-tours/saigon-motorbike-tour-10-days,https://enduro-vietnam.com/all-tours/saigon-motorbike-tour-10-days,/all-tours/saigon-motorbike-tour-10-days,internal,200,/all-tours/saigon-motorbike-tour-10-days
/all-tours/danang-enduro-tour-one-day,READ MORE,https://enduro-vietnam.com/all-tours/saigon-motorbike-tour-10-days,/all-tours/saigon-motorbike-tour-10-days,internal,200,/all-tours/saigon-motorbike-tour-10-days
/all-tours/danang-enduro-tour-one-day,/all-tours/south-vietnam-motorbike-tour-7-days,https://enduro-vietnam.com/all-tours/south-vietnam-motorbike-tour-7-days,/all-tours/south-vietnam-motorbike-tour-7-days,internal,200,/all-tours/south-vietnam-motorbike-tour-7-days
/all-tours/danang-enduro-tour-one-day,READ MORE,https://enduro-vietnam.com/all-tours/south-vietnam-motorbike-tour-7-days,/all-tours/south-vietnam-motorbike-tour-7-days,internal,200,/all-tours/south-vietnam-motorbike-tour-7-days
/all-tours/danang-enduro-tour-one-day,https://t.me/mototourvietnam,https://t.me/mototourvietnam,https://t.me/mototourvietnam,external,,
/all-tours/danang-enduro-tour-one-day,https://www.instagram.com/enduro.vietnam,https://www.instagram.com/enduro.vietnam,https://www.instagram.com/enduro.vietnam,external,,
/all-tours/danang-enduro-tour-one-day,https://wa.me/79994564498,https://wa.me/79994564498,https://wa.me/79994564498,external,,
/all-tours/danang-enduro-tour-one-day,https://t.me/mototourvietnam,https://t.me/mototourvietnam,https://t.me/mototourvietnam,external,,
/all-tours/danang-enduro-tour-one-day,https://www.instagram.com/enduro.vietnam,https://www.instagram.com/enduro.vietnam,https://www.instagram.com/enduro.vietnam,external,,
/all-tours/danang-enduro-tour-one-day,https://wa.me/79994564498,https://wa.me/79994564498,https://wa.me/79994564498,external,,
/all-tours/danang-enduro-tour-one-day,https://t.me/mototourvietnam,https://t.me/mototourvietnam,https://t.me/mototourvietnam,external,,
/all-tours/danang-enduro-tour-one-day,https://www.instagram.com/enduro.vietnam,https://www.instagram.com/enduro.vietnam,https://www.instagram.com/enduro.vietnam,external,,
/all-tours/danang-enduro-tour-one-day,https://wa.me/79994564498,https://wa.me/79994564498,https://wa.me/79994564498,external,,
/all-tours/danang-enduro-tour-one-day,https://t.me/mototourvietnam,https://t.me/mototourvietnam,https://t.me/mototourvietnam,external,,
/all-tours/danang-enduro-tour-one-day,https://www.instagram.com/enduro.vietnam,https://www.instagram.com/enduro.vietnam,https://www.instagram.com/enduro.vietnam,external,,
/all-tours/danang-enduro-tour-one-day,https://wa.me/79994564498,https://wa.me/79994564498,https://wa.me/79994564498,external,,
/all-tours/danang-enduro-tour-one-day,https://t.me/mototourvietnam,https://t.me/mototourvietnam,https://t.me/mototourvietnam,external,,
/all-tours/danang-enduro-tour-one-day,https://www.instagram.com/enduro.vietnam,https://www.instagram.com/enduro.vietnam,https://www.instagram.com/enduro.vietnam,external,,
/all-tours/danang-enduro-tour-one-day,https://wa.me/79994564498,https://wa.me/79994564498,https://wa.me/79994564498,external,,
/all-tours/danang-enduro-tour-one-day,logo YouTube,https://youtube.com/@enduro.vietnam?si=FDMtZYMkF863JBpP,https://youtube.com/@enduro.vietnam?si=FDMtZYMkF863JBpP,external,,
/all-tours/danang-enduro-tour-one-day,youtube.com/@enduro.vietnam,https://youtube.com/@enduro.vietnam?si=FDMtZYMkF863JBpP,https://youtube.com/@enduro.vietnam?si=FDMtZYMkF863JBpP,external,,
/all-tours/danang-enduro-tour-one-day,logo Instagram,https://www.instagram.com/enduro.vietnam/,https://www.instagram.com/enduro.vietnam/,external,,
/all-tours/danang-enduro-tour-one-day,instagram.com/enduro.vietnam,https://www.instagram.com/enduro.vietnam/,https://www.instagram.com/enduro.vietnam/,external,,
/all-tours/danang-enduro-tour-one-day,processing of personal data,/privacy,/privacy,internal,200,/privacy
/all-tours/danang-enduro-tour-one-day,Главная страница,/ru,/ru,internal,200,/ru
/all-tours/danang-enduro-tour-one-day,Эндуро туры в Далате,/ru/dalat,/ru/dalat,internal,200,/ru/dalat
/all-tours/danang-enduro-tour-one-day,Эндуро туры в Нячанге,/ru/nhatrang,/ru/nhatrang,internal,200,/ru/nhatrang
/all-tours/danang-enduro-tour-one-day,Эндуро туры в Дананге,/ru/danang,/ru/danang,internal,200,/ru/danang
/all-tours/danang-enduro-tour-one-day,Эндуро туры в Муйне,/ru/muine,/ru/muine,internal,200,/ru/muine
/all-tours/danang-enduro-tour-one-day,Все туры,/ru/all-tours,/ru/all-tours,internal,200,/ru/all-tours
/all-tours/danang-enduro-tour-one-day,Аренда скутеров Далат,ru/rent-motorbike-dalat,/ru/rent-motorbike-dalat,internal,404,/all-tours/ru/rent-motorbike-dalat
/all-tours/danang-enduro-tour-one-day,Аренда скутеров Нячанг,ru/rent-scooter-nhatrang,/ru/rent-scooter-nhatrang,internal,404,/all-tours/ru/rent-scooter-nhatrang
/all-tours/danang-enduro-tour-one-day,/aboutourclinic,/aboutourclinic,,unavailable,404,/aboutourclinic
/all-tours/danang-enduro-tour-one-day,Enduro tours in Vietnam,/,/,internal,200,/
/all-tours/danang-enduro-tour-one-day,Dalat,/dalat,/dalat,internal,200,/dalat
/all-tours/danang-enduro-tour-one-day,Nha Trang,/nhatrang,/nhatrang,internal,200,/nhatrang
/all-tours/danang-enduro-tour-one-day,Danang,/danang,/danang,internal,200,/danang
/all-tours/danang-enduro-tour-one-day,Muine,/muine,/muine,internal,200,/muine
/all-tours/danang-enduro-tour-one-day,All tours,/all-tours,/all-tours,internal,200,/all-tours
/all-tours/danang-enduro-tour-one-day,Scooter rental in Dalat,/rent-motorbike-dalat,/rent-motorbike-dalat,internal,200,/rent-motorbike-dalat
/all-tours/danang-enduro-tour-one-day,Scooter rental in Nha Trang,/rent-scooter-nhatrang,/rent-scooter-nhatrang,internal,200,/rent-scooter-nhatrang
/all-tours/danang-enduro-tour-one-day,Vietnam,https://maps.app.goo.gl/hvewF4aRPsdtciud6,https://maps.app.goo.gl/hvewF4aRPsdtciud6,external,,
/all-tours/danang-enduro-tour-one-day,https://t.me/mototourvietnam,https://t.me/mototourvietnam,https://t.me/mototourvietnam,external,,
/all-tours/danang-enduro-tour-one-day,https://www.instagram.com/enduro.vietnam,https://www.instagram.com/enduro.vietnam,https://www.instagram.com/enduro.vietnam,external,,
/all-tours/danang-enduro-tour-one-day,https://wa.me/79994564498,https://wa.me/79994564498,https://wa.me/79994564498,external,,
/all-tours/danang-enduro-tour-one-day,Enduro tours in Vietnam,/,/,internal,200,/
/all-tours/danang-enduro-tour-one-day,Dalat,/dalat,/dalat,internal,200,/dalat
/all-tours/danang-enduro-tour-one-day,Nha Trang,/nhatrang,/nhatrang,internal,200,/nhatrang
/all-tours/danang-enduro-tour-one-day,Danang,/danang,/danang,internal,200,/danang
/all-tours/danang-enduro-tour-one-day,All tours,/all-tours,/all-tours,internal,200,/all-tours
/all-tours/danang-enduro-tour-one-day,Scooter rental in Dalat,/rent-motorbike-dalat,/rent-motorbike-dalat,internal,200,/rent-motorbike-dalat
/all-tours/danang-enduro-tour-one-day,Мототуры по всему Вьетнаму,/ru,/ru,internal,200,/ru
/all-tours/danang-enduro-tour-one-day,Аренда Dirt байков и эндуро туры в Муйне,/ru/muine,/ru/muine,internal,200,/ru/muine
/all-tours/danang-enduro-tour-one-day,Аренда эндуро мотоциклов и мото туры в Далате,/ru/dalat,/ru/dalat,internal,200,/ru/dalat
/all-tours/danang-enduro-tour-one-day,Эндуро туры в Нячанге,/ru/nhatrang,/ru/nhatrang,internal,200,/ru/nhatrang
/all-tours/danang-enduro-tour-one-day,https://t.me/mototourvietnam,https://t.me/mototourvietnam,https://t.me/mototourvietnam,external,,
/all-tours/danang-enduro-tour-one-day,https://www.instagram.com/enduro.vietnam,https://www.instagram.com/enduro.vietnam,https://www.instagram.com/enduro.vietnam,external,,
/all-tours/danang-enduro-tour-one-day,https://wa.me/79994564498,https://wa.me/79994564498,https://wa.me/79994564498,external,,
/all-tours/danang-enduro-tour-one-day,https://t.me/mototourvietnam,https://t.me/mototourvietnam,https://t.me/mototourvietnam,external,,
/all-tours/danang-enduro-tour-one-day,Creatium,https://creatium.app,https://creatium.app,external,,
/all-tours/mekong-delta-and-coastline-vietnam-motorbike-tour-6-days,/,/,/,internal,200,/
/all-tours/mekong-delta-and-coastline-vietnam-motorbike-tour-6-days,All tours,/all-tours,/all-tours,internal,200,/all-tours
/all-tours/mekong-delta-and-coastline-vietnam-motorbike-tour-6-days,https://t.me/mototourvietnam,https://t.me/mototourvietnam,https://t.me/mototourvietnam,external,,
/all-tours/mekong-delta-and-coastline-vietnam-motorbike-tour-6-days,https://www.instagram.com/enduro.vietnam,https://www.instagram.com/enduro.vietnam,https://www.instagram.com/enduro.vietnam,external,,
/all-tours/mekong-delta-and-coastline-vietnam-motorbike-tour-6-days,https://wa.me/79994564498,https://wa.me/79994564498,https://wa.me/79994564498,external,,
/all-tours/mekong-delta-and-coastline-vietnam-motorbike-tour-6-days,/,/,/,internal,200,/
/all-tours/mekong-delta-and-coastline-vietnam-motorbike-tour-6-days,Type: Mini-band,http://,http://,external,,
/all-tours/mekong-delta-and-coastline-vietnam-motorbike-tour-6-days,Group size: 4 people,http://,http://,external,,
/all-tours/mekong-delta-and-coastline-vietnam-motorbike-tour-6-days,Duration: 6 days,http://,http://,external,,
/all-tours/mekong-delta-and-coastline-vietnam-motorbike-tour-6-days,"Booking confirmation: record at least 2 days in advance. The organizer will confirm the booking for the date you have chosen, after which you will make a 30% prepayment.",http://,http://,external,,
/all-tours/mekong-delta-and-coastline-vietnam-motorbike-tour-6-days,https://t.me/mototourvietnam,https://t.me/mototourvietnam,https://t.me/mototourvietnam,external,,
/all-tours/mekong-delta-and-coastline-vietnam-motorbike-tour-6-days,https://www.instagram.com/enduro.vietnam,https://www.instagram.com/enduro.vietnam,https://www.instagram.com/enduro.vietnam,external,,
/all-tours/mekong-delta-and-coastline-vietnam-motorbike-tour-6-days,https://wa.me/79994564498,https://wa.me/79994564498,https://wa.me/79994564498,external,,
/all-tours/mekong-delta-and-coastline-vietnam-motorbike-tour-6-days,Enduro Vietnam,/,/,internal,200,/
/all-tours/mekong-delta-and-coastline-vietnam-motorbike-tour-6-days,All tours,/all-tours,/all-tours,internal,200,/all-tours
/all-tours/mekong-delta-and-coastline-vietnam-motorbike-tour-6-days,To book,https://t.me/mototourvietnam,https://t.me/mototourvietnam,external,,
/all-tours/mekong-delta-and-coastline-vietnam-motorbike-tour-6-days,To book,https://t.me/mototourvietnam,https://t.me/mototourvietnam,external,,
/all-tours/mekong-delta-and-coastline-vietnam-motorbike-tour-6-days,https://t.me/mototourvietnam,https://t.me/mototourvietnam,https://t.me/mototourvietnam,external,,
/all-tours/mekong-delta-and-coastline-vietnam-motorbike-tour-6-days,https://www.instagram.com/enduro.vietnam,https://www.instagram.com/enduro.vietnam,https://www.instagram.com/enduro.vietnam,external,,
/all-tours/mekong-delta-and-coastline-vietnam-motorbike-tour-6-days,https://wa.me/79994564498,https://wa.me/79994564498,https://wa.me/79994564498,external,,
/all-tours/mekong-delta-and-coastline-vietnam-motorbike-tour-6-days,Enduro Vietnam,/,/,internal,200,/
/all-tours/mekong-delta-and-coastline-vietnam-motorbike-tour-6-days,All tours,/all-tours,/all-tours,internal,200,/all-tours
/all-tours/mekong-delta-and-coastline-vietnam-motorbike-tour-6-days,Watch more tours,https://enduro-vietnam.com/all-tours/,/all-tours,internal,200,/all-tours
/all-tours/mekong-delta-and-coastline-vietnam-motorbike-tour-6-days,/all-tours/dalat-enduro-tour-one-day,https://enduro-vietnam.com/all-tours/dalat-enduro-tour-one-day,/all-tours/dalat-enduro-tour-one-day,internal,200,/all-tours/dalat-enduro-tour-one-day
/all-tours/mekong-delta-and-coastline-vietnam-motorbike-tour-6-days,READ MORE,https://enduro-vietnam.com/all-tours/dalat-enduro-tour-one-day,/all-tours/dalat-enduro-tour-one-day,internal,200,/all-tours/dalat-enduro-tour-one-day
/all-tours/mekong-delta-and-coastline-vietnam-motorbike-tour-6-days,/all-tours/dalat-enduro-tour-advanced,https://enduro-vietnam.com/all-tours/dalat-enduro-tour-advanced,/all-tours/dalat-enduro-tour-advanced,internal,200,/all-tours/dalat-enduro-tour-advanced
/all-tours/mekong-delta-and-coastline-vietnam-motorbike-tour-6-days,READ MORE,https://enduro-vietnam.com/all-tours/dalat-enduro-tour-advanced,/all-tours/dalat-enduro-tour-advanced,internal,200,/all-tours/dalat-enduro-tour-advanced
/all-tours/mekong-delta-and-coastline-vietnam-motorbike-tour-6-days,/all-tours/dalat-enduro-tour-two-day,https://enduro-vietnam.com/all-tours/dalat-enduro-tour-two-day,/all-tours/dalat-enduro-tour-two-day,internal,200,/all-tours/dalat-enduro-tour-two-day
/all-tours/mekong-delta-and-coastline-vietnam-motorbike-tour-6-days,READ MORE,https://enduro-vietnam.com/all-tours/dalat-enduro-tour-two-day,/all-tours/dalat-enduro-tour-two-day,internal,200,/all-tours/dalat-enduro-tour-two-day
/all-tours/mekong-delta-and-coastline-vietnam-motorbike-tour-6-days,/all-tours/three-day-tour-dalat-nhatrang,https://enduro-vietnam.com/all-tours/three-day-tour-dalat-nhatrang,/all-tours/three-day-tour-dalat-nhatrang,internal,200,/all-tours/three-day-tour-dalat-nhatrang
/all-tours/mekong-delta-and-coastline-vietnam-motorbike-tour-6-days,READ MORE,https://enduro-vietnam.com/all-tours/three-day-tour-dalat-nhatrang,/all-tours/three-day-tour-dalat-nhatrang,internal,200,/all-tours/three-day-tour-dalat-nhatrang
/all-tours/mekong-delta-and-coastline-vietnam-motorbike-tour-6-days,/all-tours/three-day-tour-dalat-muine,https://enduro-vietnam.com/all-tours/three-day-tour-dalat-muine,/all-tours/three-day-tour-dalat-muine,internal,200,/all-tours/three-day-tour-dalat-muine
/all-tours/mekong-delta-and-coastline-vietnam-motorbike-tour-6-days,READ MORE,https://enduro-vietnam.com/all-tours/three-day-tour-dalat-muine,/all-tours/three-day-tour-dalat-muine,internal,200,/all-tours/three-day-tour-dalat-muine
/all-tours/mekong-delta-and-coastline-vietnam-motorbike-tour-6-days,/all-tours/dalat-easy-rider-enduro-beginners,https://enduro-vietnam.com/all-tours/dalat-easy-rider-enduro-beginners,/all-tours/dalat-easy-rider-enduro-beginners,internal,200,/all-tours/dalat-easy-rider-enduro-beginners
/all-tours/mekong-delta-and-coastline-vietnam-motorbike-tour-6-days,READ MORE,https://enduro-vietnam.com/all-tours/dalat-easy-rider-enduro-beginners,/all-tours/dalat-easy-rider-enduro-beginners,internal,200,/all-tours/dalat-easy-rider-enduro-beginners
/all-tours/mekong-delta-and-coastline-vietnam-motorbike-tour-6-days,/all-tours/nhatrang-enduro-tour-one-day,https://enduro-vietnam.com/all-tours/nhatrang-enduro-tour-one-day,/all-tours/nhatrang-enduro-tour-one-day,internal,200,/all-tours/nhatrang-enduro-tour-one-day
/all-tours/mekong-delta-and-coastline-vietnam-motorbike-tour-6-days,READ MORE,https://enduro-vietnam.com/all-tours/nhatrang-enduro-tour-one-day,/all-tours/nhatrang-enduro-tour-one-day,internal,200,/all-tours/nhatrang-enduro-tour-one-day
/all-tours/mekong-delta-and-coastline-vietnam-motorbike-tour-6-days,/all-tours/nhatrang-enduro-tour-advanced,https://enduro-vietnam.com/all-tours/nhatrang-enduro-tour-advanced,/all-tours/nhatrang-enduro-tour-advanced,internal,200,/all-tours/nhatrang-enduro-tour-advanced
/all-tours/mekong-delta-and-coastline-vietnam-motorbike-tour-6-days,READ MORE,https://enduro-vietnam.com/all-tours/nhatrang-enduro-tour-advanced,/all-tours/nhatrang-enduro-tour-advanced,internal,200,/all-tours/nhatrang-enduro-tour-advanced
/all-tours/mekong-delta-and-coastline-vietnam-motorbike-tour-6-days,/all-tours/motorbike-tour-south-vietnam-4-days,https://enduro-vietnam.com/all-tours/motorbike-tour-south-vietnam-4-days,/all-tours/motorbike-tour-south-vietnam-4-days,internal,200,/all-tours/motorbike-tour-south-vietnam-4-days
/all-tours/mekong-delta-and-coastline-vietnam-motorbike-tour-6-days,READ MORE,https://enduro-vietnam.com/all-tours/motorbike-tour-south-vietnam-4-days,/all-tours/motorbike-tour-south-vietnam-4-days,internal,200,/all-tours/motorbike-tour-south-vietnam-4-days
/all-tours/mekong-delta-and-coastline-vietnam-motorbike-tour-6-days,Watch more tours,https://enduro-vietnam.com/all-tours/,/all-tours,internal,200,/all-tours
/all-tours/mekong-delta-and-coastline-vietnam-motorbike-tour-6-days,TO BOOK,https://t.me/mototourvietnam,https://t.me/mototourvietnam,external,,
/all-tours/mekong-delta-and-coastline-vietnam-motorbike-tour-6-days,READ MORE,https://enduro-vietnam.com/all-tours/dalat-enduro-tour-one-day,/all-tours/dalat-enduro-tour-one-day,internal,200,/all-tours/dalat-enduro-tour-one-day
/all-tours/mekong-delta-and-coastline-vietnam-motorbike-tour-6-days,TO BOOK,https://t.me/mototourvietnam,https://t.me/mototourvietnam,external,,
/all-tours/mekong-delta-and-coastline-vietnam-motorbike-tour-6-days,READ MORE,https://enduro-vietnam.com/all-tours/dalat-enduro-tour-advanced,/all-tours/dalat-enduro-tour-advanced,internal,200,/all-tours/dalat-enduro-tour-advanced
/all-tours/mekong-delta-and-coastline-vietnam-motorbike-tour-6-days,TO BOOK,https://t.me/mototourvietnam,https://t.me/mototourvietnam,external,,
/all-tours/mekong-delta-and-coastline-vietnam-motorbike-tour-6-days,READ MORE,https://enduro-vietnam.com/all-tours/dalat-enduro-tour-two-day,/all-tours/dalat-enduro-tour-two-day,internal,200,/all-tours/dalat-enduro-tour-two-day
/all-tours/mekong-delta-and-coastline-vietnam-motorbike-tour-6-days,TO BOOK,https://t.me/mototourvietnam,https://t.me/mototourvietnam,external,,
/all-tours/mekong-delta-and-coastline-vietnam-motorbike-tour-6-days,READ MORE,https://enduro-vietnam.com/all-tours/three-day-tour-dalat-nhatrang,/all-tours/three-day-tour-dalat-nhatrang,internal,200,/all-tours/three-day-tour-dalat-nhatrang
/all-tours/mekong-delta-and-coastline-vietnam-motorbike-tour-6-days,TO BOOK,https://t.me/mototourvietnam,https://t.me/mototourvietnam,external,,
/all-tours/mekong-delta-and-coastline-vietnam-motorbike-tour-6-days,READ MORE,https://enduro-vietnam.com/all-tours/three-day-tour-dalat-muine,/all-tours/three-day-tour-dalat-muine,internal,200,/all-tours/three-day-tour-dalat-muine
/all-tours/mekong-delta-and-coastline-vietnam-motorbike-tour-6-days,TO BOOK,https://t.me/mototourvietnam,https://t.me/mototourvietnam,external,,
/all-tours/mekong-delta-and-coastline-vietnam-motorbike-tour-6-days,READ MORE,https://enduro-vietnam.com/all-tours/dalat-easy-rider-enduro-beginners,/all-tours/dalat-easy-rider-enduro-beginners,internal,200,/all-tours/dalat-easy-rider-enduro-beginners
/all-tours/mekong-delta-and-coastline-vietnam-motorbike-tour-6-days,TO BOOK,https://t.me/mototourvietnam,https://t.me/mototourvietnam,external,,
/all-tours/mekong-delta-and-coastline-vietnam-motorbike-tour-6-days,READ MORE,https://enduro-vietnam.com/all-tours/nhatrang-enduro-tour-one-day,/all-tours/nhatrang-enduro-tour-one-day,internal,200,/all-tours/nhatrang-enduro-tour-one-day
/all-tours/mekong-delta-and-coastline-vietnam-motorbike-tour-6-days,TO BOOK,https://t.me/mototourvietnam,https://t.me/mototourvietnam,external,,
/all-tours/mekong-delta-and-coastline-vietnam-motorbike-tour-6-days,READ MORE,https://enduro-vietnam.com/all-tours/nhatrang-enduro-tour-advanced,/all-tours/nhatrang-enduro-tour-advanced,internal,200,/all-tours/nhatrang-enduro-tour-advanced
/all-tours/mekong-delta-and-coastline-vietnam-motorbike-tour-6-days,TO BOOK,https://t.me/mototourvietnam,https://t.me/mototourvietnam,external,,
/all-tours/mekong-delta-and-coastline-vietnam-motorbike-tour-6-days,READ MORE,https://enduro-vietnam.com/all-tours/motorbike-tour-south-vietnam-4-days,/all-tours/motorbike-tour-south-vietnam-4-days,internal,200,/all-tours/motorbike-tour-south-vietnam-4-days
/all-tours/mekong-delta-and-coastline-vietnam-motorbike-tour-6-days,TO BOOK,https://t.me/mototourvietnam,https://t.me/mototourvietnam,external,,
/all-tours/mekong-delta-and-coastline-vietnam-motorbike-tour-6-days,READ MORE,https://enduro-vietnam.com/all-tours/5-day-motorbike-tour-from-saigon-ho-chi-minh-city,/all-tours/5-day-motorbike-tour-from-saigon-ho-chi-minh-city,internal,200,/all-tours/5-day-motorbike-tour-from-saigon-ho-chi-minh-city
/all-tours/mekong-delta-and-coastline-vietnam-motorbike-tour-6-days,TO BOOK,https://t.me/mototourvietnam,https://t.me/mototourvietnam,external,,
/all-tours/mekong-delta-and-coastline-vietnam-motorbike-tour-6-days,READ MORE,https://enduro-vietnam.com/all-tours/mekong-delta-and-coastline-vietnam-motorbike-tour-6-days,/all-tours/mekong-delta-and-coastline-vietnam-motorbike-tour-6-days,internal,200,/all-tours/mekong-delta-and-coastline-vietnam-motorbike-tour-6-days
/all-tours/mekong-delta-and-coastline-vietnam-motorbike-tour-6-days,TO BOOK,https://t.me/mototourvietnam,https://t.me/mototourvietnam,external,,
/all-tours/mekong-delta-and-coastline-vietnam-motorbike-tour-6-days,READ MORE,https://enduro-vietnam.com/all-tours/motorcycle-tour-on-coastline-and-highlands-vietnam-7-days,/all-tours/motorcycle-tour-on-coastline-and-highlands-vietnam-7-days,internal,200,/all-tours/motorcycle-tour-on-coastline-and-highlands-vietnam-7-days
/all-tours/mekong-delta-and-coastline-vietnam-motorbike-tour-6-days,TO BOOK,https://t.me/mototourvietnam,https://t.me/mototourvietnam,external,,
/all-tours/mekong-delta-and-coastline-vietnam-motorbike-tour-6-days,READ MORE,https://enduro-vietnam.com/all-tours/saigon-motorbike-tour-10-days,/all-tours/saigon-motorbike-tour-10-days,internal,200,/all-tours/saigon-motorbike-tour-10-days
/all-tours/mekong-delta-and-coastline-vietnam-motorbike-tour-6-days,TO BOOK,https://t.me/mototourvietnam,https://t.me/mototourvietnam,external,,
/all-tours/mekong-delta-and-coastline-vietnam-motorbike-tour-6-days,READ MORE,https://enduro-vietnam.com/all-tours/south-vietnam-motorbike-tour-7-days,/all-tours/south-vietnam-motorbike-tour-7-days,internal,200,/all-tours/south-vietnam-motorbike-tour-7-days
/all-tours/mekong-delta-and-coastline-vietnam-motorbike-tour-6-days,/all-tours/dalat-enduro-tour-one-day,https://enduro-vietnam.com/all-tours/dalat-enduro-tour-one-day,/all-tours/dalat-enduro-tour-one-day,internal,200,/all-tours/dalat-enduro-tour-one-day
/all-tours/mekong-delta-and-coastline-vietnam-motorbike-tour-6-days,READ MORE,https://enduro-vietnam.com/all-tours/dalat-enduro-tour-one-day,/all-tours/dalat-enduro-tour-one-day,internal,200,/all-tours/dalat-enduro-tour-one-day
/all-tours/mekong-delta-and-coastline-vietnam-motorbike-tour-6-days,/all-tours/dalat-enduro-tour-advanced,https://enduro-vietnam.com/all-tours/dalat-enduro-tour-advanced,/all-tours/dalat-enduro-tour-advanced,internal,200,/all-tours/dalat-enduro-tour-advanced
/all-tours/mekong-delta-and-coastline-vietnam-motorbike-tour-6-days,READ MORE,https://enduro-vietnam.com/all-tours/dalat-enduro-tour-advanced,/all-tours/dalat-enduro-tour-advanced,internal,200,/all-tours/dalat-enduro-tour-advanced
/all-tours/mekong-delta-and-coastline-vietnam-motorbike-tour-6-days,/all-tours/dalat-enduro-tour-two-day,https://enduro-vietnam.com/all-tours/dalat-enduro-tour-two-day,/all-tours/dalat-enduro-tour-two-day,internal,200,/all-tours/dalat-enduro-tour-two-day
/all-tours/mekong-delta-and-coastline-vietnam-motorbike-tour-6-days,READ MORE,https://enduro-vietnam.com/all-tours/dalat-enduro-tour-two-day,/all-tours/dalat-enduro-tour-two-day,internal,200,/all-tours/dalat-enduro-tour-two-day
/all-tours/mekong-delta-and-coastline-vietnam-motorbike-tour-6-days,/all-tours/three-day-tour-dalat-nhatrang,https://enduro-vietnam.com/all-tours/three-day-tour-dalat-nhatrang,/all-tours/three-day-tour-dalat-nhatrang,internal,200,/all-tours/three-day-tour-dalat-nhatrang
/all-tours/mekong-delta-and-coastline-vietnam-motorbike-tour-6-days,READ MORE,https://enduro-vietnam.com/all-tours/three-day-tour-dalat-nhatrang,/all-tours/three-day-tour-dalat-nhatrang,internal,200,/all-tours/three-day-tour-dalat-nhatrang
/all-tours/mekong-delta-and-coastline-vietnam-motorbike-tour-6-days,/all-tours/three-day-tour-dalat-muine,https://enduro-vietnam.com/all-tours/three-day-tour-dalat-muine,/all-tours/three-day-tour-dalat-muine,internal,200,/all-tours/three-day-tour-dalat-muine
/all-tours/mekong-delta-and-coastline-vietnam-motorbike-tour-6-days,READ MORE,https://enduro-vietnam.com/all-tours/three-day-tour-dalat-muine,/all-tours/three-day-tour-dalat-muine,internal,200,/all-tours/three-day-tour-dalat-muine
/all-tours/mekong-delta-and-coastline-vietnam-motorbike-tour-6-days,/all-tours/dalat-easy-rider-enduro-beginners,https://enduro-vietnam.com/all-tours/dalat-easy-rider-enduro-beginners,/all-tours/dalat-easy-rider-enduro-beginners,internal,200,/all-tours/dalat-easy-rider-enduro-beginners
/all-tours/mekong-delta-and-coastline-vietnam-motorbike-tour-6-days,READ MORE,https://enduro-vietnam.com/all-tours/dalat-easy-rider-enduro-beginners,/all-tours/dalat-easy-rider-enduro-beginners,internal,200,/all-tours/dalat-easy-rider-enduro-beginners
/all-tours/mekong-delta-and-coastline-vietnam-motorbike-tour-6-days,/all-tours/nhatrang-enduro-tour-one-day,https://enduro-vietnam.com/all-tours/nhatrang-enduro-tour-one-day,/all-tours/nhatrang-enduro-tour-one-day,internal,200,/all-tours/nhatrang-enduro-tour-one-day
/all-tours/mekong-delta-and-coastline-vietnam-motorbike-tour-6-days,READ MORE,https://enduro-vietnam.com/all-tours/nhatrang-enduro-tour-one-day,/all-tours/nhatrang-enduro-tour-one-day,internal,200,/all-tours/nhatrang-enduro-tour-one-day
/all-tours/mekong-delta-and-coastline-vietnam-motorbike-tour-6-days,/all-tours/nhatrang-enduro-tour-advanced,https://enduro-vietnam.com/all-tours/nhatrang-enduro-tour-advanced,/all-tours/nhatrang-enduro-tour-advanced,internal,200,/all-tours/nhatrang-enduro-tour-advanced
/all-tours/mekong-delta-and-coastline-vietnam-motorbike-tour-6-days,READ MORE,https://enduro-vietnam.com/all-tours/nhatrang-enduro-tour-advanced,/all-tours/nhatrang-enduro-tour-advanced,internal,200,/all-tours/nhatrang-enduro-tour-advanced
/all-tours/mekong-delta-and-coastline-vietnam-motorbike-tour-6-days,/all-tours/motorbike-tour-south-vietnam-4-days,https://enduro-vietnam.com/all-tours/motorbike-tour-south-vietnam-4-days,/all-tours/motorbike-tour-south-vietnam-4-days,internal,200,/all-tours/motorbike-tour-south-vietnam-4-days
/all-tours/mekong-delta-and-coastline-vietnam-motorbike-tour-6-days,READ MORE,https://enduro-vietnam.com/all-tours/motorbike-tour-south-vietnam-4-days,/all-tours/motorbike-tour-south-vietnam-4-days,internal,200,/all-tours/motorbike-tour-south-vietnam-4-days
/all-tours/mekong-delta-and-coastline-vietnam-motorbike-tour-6-days,/all-tours/5-day-motorbike-tour-from-saigon-ho-chi-minh-city,https://enduro-vietnam.com/all-tours/5-day-motorbike-tour-from-saigon-ho-chi-minh-city,/all-tours/5-day-motorbike-tour-from-saigon-ho-chi-minh-city,internal,200,/all-tours/5-day-motorbike-tour-from-saigon-ho-chi-minh-city
/all-tours/mekong-delta-and-coastline-vietnam-motorbike-tour-6-days,READ MORE,https://enduro-vietnam.com/all-tours/5-day-motorbike-tour-from-saigon-ho-chi-minh-city,/all-tours/5-day-motorbike-tour-from-saigon-ho-chi-minh-city,internal,200,/all-tours/5-day-motorbike-tour-from-saigon-ho-chi-minh-city
/all-tours/mekong-delta-and-coastline-vietnam-motorbike-tour-6-days,/all-tours/mekong-delta-and-coastline-vietnam-motorbike-tour-6-days,https://enduro-vietnam.com/all-tours/mekong-delta-and-coastline-vietnam-motorbike-tour-6-days,/all-tours/mekong-delta-and-coastline-vietnam-motorbike-tour-6-days,internal,200,/all-tours/mekong-delta-and-coastline-vietnam-motorbike-tour-6-days
/all-tours/mekong-delta-and-coastline-vietnam-motorbike-tour-6-days,READ MORE,https://enduro-vietnam.com/all-tours/mekong-delta-and-coastline-vietnam-motorbike-tour-6-days,/all-tours/mekong-delta-and-coastline-vietnam-motorbike-tour-6-days,internal,200,/all-tours/mekong-delta-and-coastline-vietnam-motorbike-tour-6-days
/all-tours/mekong-delta-and-coastline-vietnam-motorbike-tour-6-days,/all-tours/motorcycle-tour-on-coastline-and-highlands-vietnam-7-days,https://enduro-vietnam.com/all-tours/motorcycle-tour-on-coastline-and-highlands-vietnam-7-days,/all-tours/motorcycle-tour-on-coastline-and-highlands-vietnam-7-days,internal,200,/all-tours/motorcycle-tour-on-coastline-and-highlands-vietnam-7-days
/all-tours/mekong-delta-and-coastline-vietnam-motorbike-tour-6-days,READ MORE,https://enduro-vietnam.com/all-tours/motorcycle-tour-on-coastline-and-highlands-vietnam-7-days,/all-tours/motorcycle-tour-on-coastline-and-highlands-vietnam-7-days,internal,200,/all-tours/motorcycle-tour-on-coastline-and-highlands-vietnam-7-days
/all-tours/mekong-delta-and-coastline-vietnam-motorbike-tour-6-days,/all-tours/saigon-motorbike-tour-10-days,https://enduro-vietnam.com/all-tours/saigon-motorbike-tour-10-days,/all-tours/saigon-motorbike-tour-10-days,internal,200,/all-tours/saigon-motorbike-tour-10-days
/all-tours/mekong-delta-and-coastline-vietnam-motorbike-tour-6-days,READ MORE,https://enduro-vietnam.com/all-tours/saigon-motorbike-tour-10-days,/all-tours/saigon-motorbike-tour-10-days,internal,200,/all-tours/saigon-motorbike-tour-10-days
/all-tours/mekong-delta-and-coastline-vietnam-motorbike-tour-6-days,/all-tours/south-vietnam-motorbike-tour-7-days,https://enduro-vietnam.com/all-tours/south-vietnam-motorbike-tour-7-days,/all-tours/south-vietnam-motorbike-tour-7-days,internal,200,/all-tours/south-vietnam-motorbike-tour-7-days
/all-tours/mekong-delta-and-coastline-vietnam-motorbike-tour-6-days,READ MORE,https://enduro-vietnam.com/all-tours/south-vietnam-motorbike-tour-7-days,/all-tours/south-vietnam-motorbike-tour-7-days,internal,200,/all-tours/south-vietnam-motorbike-tour-7-days
/all-tours/mekong-delta-and-coastline-vietnam-motorbike-tour-6-days,https://t.me/mototourvietnam,https://t.me/mototourvietnam,https://t.me/mototourvietnam,external,,
/all-tours/mekong-delta-and-coastline-vietnam-motorbike-tour-6-days,https://www.instagram.com/enduro.vietnam,https://www.instagram.com/enduro.vietnam,https://www.instagram.com/enduro.vietnam,external,,
/all-tours/mekong-delta-and-coastline-vietnam-motorbike-tour-6-days,https://wa.me/79994564498,https://wa.me/79994564498,https://wa.me/79994564498,external,,
/all-tours/mekong-delta-and-coastline-vietnam-motorbike-tour-6-days,https://t.me/mototourvietnam,https://t.me/mototourvietnam,https://t.me/mototourvietnam,external,,
/all-tours/mekong-delta-and-coastline-vietnam-motorbike-tour-6-days,https://www.instagram.com/enduro.vietnam,https://www.instagram.com/enduro.vietnam,https://www.instagram.com/enduro.vietnam,external,,
/all-tours/mekong-delta-and-coastline-vietnam-motorbike-tour-6-days,https://wa.me/79994564498,https://wa.me/79994564498,https://wa.me/79994564498,external,,
/all-tours/mekong-delta-and-coastline-vietnam-motorbike-tour-6-days,https://t.me/mototourvietnam,https://t.me/mototourvietnam,https://t.me/mototourvietnam,external,,
/all-tours/mekong-delta-and-coastline-vietnam-motorbike-tour-6-days,https://www.instagram.com/enduro.vietnam,https://www.instagram.com/enduro.vietnam,https://www.instagram.com/enduro.vietnam,external,,
/all-tours/mekong-delta-and-coastline-vietnam-motorbike-tour-6-days,https://wa.me/79994564498,https://wa.me/79994564498,https://wa.me/79994564498,external,,
/all-tours/mekong-delta-and-coastline-vietnam-motorbike-tour-6-days,https://t.me/mototourvietnam,https://t.me/mototourvietnam,https://t.me/mototourvietnam,external,,
/all-tours/mekong-delta-and-coastline-vietnam-motorbike-tour-6-days,https://www.instagram.com/enduro.vietnam,https://www.instagram.com/enduro.vietnam,https://www.instagram.com/enduro.vietnam,external,,
/all-tours/mekong-delta-and-coastline-vietnam-motorbike-tour-6-days,https://wa.me/79994564498,https://wa.me/79994564498,https://wa.me/79994564498,external,,
/all-tours/mekong-delta-and-coastline-vietnam-motorbike-tour-6-days,https://t.me/mototourvietnam,https://t.me/mototourvietnam,https://t.me/mototourvietnam,external,,
/all-tours/mekong-delta-and-coastline-vietnam-motorbike-tour-6-days,https://www.instagram.com/enduro.vietnam,https://www.instagram.com/enduro.vietnam,https://www.instagram.com/enduro.vietnam,external,,
/all-tours/mekong-delta-and-coastline-vietnam-motorbike-tour-6-days,https://wa.me/79994564498,https://wa.me/79994564498,https://wa.me/79994564498,external,,
/all-tours/mekong-delta-and-coastline-vietnam-motorbike-tour-6-days,logo YouTube,https://youtube.com/@enduro.vietnam?si=FDMtZYMkF863JBpP,https://youtube.com/@enduro.vietnam?si=FDMtZYMkF863JBpP,external,,
/all-tours/mekong-delta-and-coastline-vietnam-motorbike-tour-6-days,youtube.com/@enduro.vietnam,https://youtube.com/@enduro.vietnam?si=FDMtZYMkF863JBpP,https://youtube.com/@enduro.vietnam?si=FDMtZYMkF863JBpP,external,,
/all-tours/mekong-delta-and-coastline-vietnam-motorbike-tour-6-days,logo Instagram,https://www.instagram.com/enduro.vietnam/,https://www.instagram.com/enduro.vietnam/,external,,
/all-tours/mekong-delta-and-coastline-vietnam-motorbike-tour-6-days,instagram.com/enduro.vietnam,https://www.instagram.com/enduro.vietnam/,https://www.instagram.com/enduro.vietnam/,external,,
/all-tours/mekong-delta-and-coastline-vietnam-motorbike-tour-6-days,processing of personal data,/privacy,/privacy,internal,200,/privacy
/all-tours/mekong-delta-and-coastline-vietnam-motorbike-tour-6-days,Главная страница,/ru,/ru,internal,200,/ru
/all-tours/mekong-delta-and-coastline-vietnam-motorbike-tour-6-days,Эндуро туры в Далате,/ru/dalat,/ru/dalat,internal,200,/ru/dalat
/all-tours/mekong-delta-and-coastline-vietnam-motorbike-tour-6-days,Эндуро туры в Нячанге,/ru/nhatrang,/ru/nhatrang,internal,200,/ru/nhatrang
/all-tours/mekong-delta-and-coastline-vietnam-motorbike-tour-6-days,Эндуро туры в Дананге,/ru/danang,/ru/danang,internal,200,/ru/danang
/all-tours/mekong-delta-and-coastline-vietnam-motorbike-tour-6-days,Эндуро туры в Муйне,/ru/muine,/ru/muine,internal,200,/ru/muine
/all-tours/mekong-delta-and-coastline-vietnam-motorbike-tour-6-days,Все туры,/ru/all-tours,/ru/all-tours,internal,200,/ru/all-tours
/all-tours/mekong-delta-and-coastline-vietnam-motorbike-tour-6-days,Аренда скутеров Далат,ru/rent-motorbike-dalat,/ru/rent-motorbike-dalat,internal,404,/all-tours/ru/rent-motorbike-dalat
/all-tours/mekong-delta-and-coastline-vietnam-motorbike-tour-6-days,Аренда скутеров Нячанг,ru/rent-scooter-nhatrang,/ru/rent-scooter-nhatrang,internal,404,/all-tours/ru/rent-scooter-nhatrang
/all-tours/mekong-delta-and-coastline-vietnam-motorbike-tour-6-days,/aboutourclinic,/aboutourclinic,,unavailable,404,/aboutourclinic
/all-tours/mekong-delta-and-coastline-vietnam-motorbike-tour-6-days,Enduro tours in Vietnam,/,/,internal,200,/
/all-tours/mekong-delta-and-coastline-vietnam-motorbike-tour-6-days,Dalat,/dalat,/dalat,internal,200,/dalat
/all-tours/mekong-delta-and-coastline-vietnam-motorbike-tour-6-days,Nha Trang,/nhatrang,/nhatrang,internal,200,/nhatrang
/all-tours/mekong-delta-and-coastline-vietnam-motorbike-tour-6-days,Danang,/danang,/danang,internal,200,/danang
/all-tours/mekong-delta-and-coastline-vietnam-motorbike-tour-6-days,Muine,/muine,/muine,internal,200,/muine
/all-tours/mekong-delta-and-coastline-vietnam-motorbike-tour-6-days,All tours,/all-tours,/all-tours,internal,200,/all-tours
/all-tours/mekong-delta-and-coastline-vietnam-motorbike-tour-6-days,Scooter rental in Dalat,/rent-motorbike-dalat,/rent-motorbike-dalat,internal,200,/rent-motorbike-dalat
/all-tours/mekong-delta-and-coastline-vietnam-motorbike-tour-6-days,Scooter rental in Nha Trang,/rent-scooter-nhatrang,/rent-scooter-nhatrang,internal,200,/rent-scooter-nhatrang
/all-tours/mekong-delta-and-coastline-vietnam-motorbike-tour-6-days,Vietnam,https://maps.app.goo.gl/hvewF4aRPsdtciud6,https://maps.app.goo.gl/hvewF4aRPsdtciud6,external,,
/all-tours/mekong-delta-and-coastline-vietnam-motorbike-tour-6-days,https://t.me/mototourvietnam,https://t.me/mototourvietnam,https://t.me/mototourvietnam,external,,
/all-tours/mekong-delta-and-coastline-vietnam-motorbike-tour-6-days,https://www.instagram.com/enduro.vietnam,https://www.instagram.com/enduro.vietnam,https://www.instagram.com/enduro.vietnam,external,,
/all-tours/mekong-delta-and-coastline-vietnam-motorbike-tour-6-days,https://wa.me/79994564498,https://wa.me/79994564498,https://wa.me/79994564498,external,,
/all-tours/mekong-delta-and-coastline-vietnam-motorbike-tour-6-days,Enduro tours in Vietnam,/,/,internal,200,/
/all-tours/mekong-delta-and-coastline-vietnam-motorbike-tour-6-days,Dalat,/dalat,/dalat,internal,200,/dalat
/all-tours/mekong-delta-and-coastline-vietnam-motorbike-tour-6-days,Nha Trang,/nhatrang,/nhatrang,internal,200,/nhatrang
/all-tours/mekong-delta-and-coastline-vietnam-motorbike-tour-6-days,Danang,/danang,/danang,internal,200,/danang
/all-tours/mekong-delta-and-coastline-vietnam-motorbike-tour-6-days,All tours,/all-tours,/all-tours,internal,200,/all-tours
/all-tours/mekong-delta-and-coastline-vietnam-motorbike-tour-6-days,Scooter rental in Dalat,/rent-motorbike-dalat,/rent-motorbike-dalat,internal,200,/rent-motorbike-dalat
/all-tours/mekong-delta-and-coastline-vietnam-motorbike-tour-6-days,Мототуры по всему Вьетнаму,/ru,/ru,internal,200,/ru
/all-tours/mekong-delta-and-coastline-vietnam-motorbike-tour-6-days,Аренда Dirt байков и эндуро туры в Муйне,/ru/muine,/ru/muine,internal,200,/ru/muine
/all-tours/mekong-delta-and-coastline-vietnam-motorbike-tour-6-days,Аренда эндуро мотоциклов и мото туры в Далате,/ru/dalat,/ru/dalat,internal,200,/ru/dalat
/all-tours/mekong-delta-and-coastline-vietnam-motorbike-tour-6-days,Эндуро туры в Нячанге,/ru/nhatrang,/ru/nhatrang,internal,200,/ru/nhatrang
/all-tours/mekong-delta-and-coastline-vietnam-motorbike-tour-6-days,https://t.me/mototourvietnam,https://t.me/mototourvietnam,https://t.me/mototourvietnam,external,,
/all-tours/mekong-delta-and-coastline-vietnam-motorbike-tour-6-days,https://www.instagram.com/enduro.vietnam,https://www.instagram.com/enduro.vietnam,https://www.instagram.com/enduro.vietnam,external,,
/all-tours/mekong-delta-and-coastline-vietnam-motorbike-tour-6-days,https://wa.me/79994564498,https://wa.me/79994564498,https://wa.me/79994564498,external,,
/all-tours/mekong-delta-and-coastline-vietnam-motorbike-tour-6-days,https://t.me/mototourvietnam,https://t.me/mototourvietnam,https://t.me/mototourvietnam,external,,
/all-tours/mekong-delta-and-coastline-vietnam-motorbike-tour-6-days,Creatium,https://creatium.app,https://creatium.app,external,,
/all-tours/motorbike-tour-south-vietnam-4-days,/,/,/,internal,200,/
/all-tours/motorbike-tour-south-vietnam-4-days,All tours,/all-tours,/all-tours,internal,200,/all-tours
/all-tours/motorbike-tour-south-vietnam-4-days,https://t.me/mototourvietnam,https://t.me/mototourvietnam,https://t.me/mototourvietnam,external,,
/all-tours/motorbike-tour-south-vietnam-4-days,https://www.instagram.com/enduro.vietnam,https://www.instagram.com/enduro.vietnam,https://www.instagram.com/enduro.vietnam,external,,
/all-tours/motorbike-tour-south-vietnam-4-days,https://wa.me/79994564498,https://wa.me/79994564498,https://wa.me/79994564498,external,,
/all-tours/motorbike-tour-south-vietnam-4-days,/,/,/,internal,200,/
/all-tours/motorbike-tour-south-vietnam-4-days,Type: Mini-band,http://,http://,external,,
/all-tours/motorbike-tour-south-vietnam-4-days,Group size: 4 people,http://,http://,external,,
/all-tours/motorbike-tour-south-vietnam-4-days,Duration: 4 days,http://,http://,external,,
/all-tours/motorbike-tour-south-vietnam-4-days,"Booking confirmation: record at least 2 days in advance. The organizer will confirm the booking for the date you have chosen, after which you will make a 30% prepayment.",http://,http://,external,,
/all-tours/motorbike-tour-south-vietnam-4-days,https://t.me/mototourvietnam,https://t.me/mototourvietnam,https://t.me/mototourvietnam,external,,
/all-tours/motorbike-tour-south-vietnam-4-days,https://www.instagram.com/enduro.vietnam,https://www.instagram.com/enduro.vietnam,https://www.instagram.com/enduro.vietnam,external,,
/all-tours/motorbike-tour-south-vietnam-4-days,https://wa.me/79994564498,https://wa.me/79994564498,https://wa.me/79994564498,external,,
/all-tours/motorbike-tour-south-vietnam-4-days,Enduro Vietnam,/,/,internal,200,/
/all-tours/motorbike-tour-south-vietnam-4-days,All tours,/all-tours,/all-tours,internal,200,/all-tours
/all-tours/motorbike-tour-south-vietnam-4-days,To book,https://t.me/mototourvietnam,https://t.me/mototourvietnam,external,,
/all-tours/motorbike-tour-south-vietnam-4-days,To book,https://t.me/mototourvietnam,https://t.me/mototourvietnam,external,,
/all-tours/motorbike-tour-south-vietnam-4-days,https://t.me/mototourvietnam,https://t.me/mototourvietnam,https://t.me/mototourvietnam,external,,
/all-tours/motorbike-tour-south-vietnam-4-days,https://www.instagram.com/enduro.vietnam,https://www.instagram.com/enduro.vietnam,https://www.instagram.com/enduro.vietnam,external,,
/all-tours/motorbike-tour-south-vietnam-4-days,https://wa.me/79994564498,https://wa.me/79994564498,https://wa.me/79994564498,external,,
/all-tours/motorbike-tour-south-vietnam-4-days,Enduro Vietnam,/,/,internal,200,/
/all-tours/motorbike-tour-south-vietnam-4-days,All tours,/all-tours,/all-tours,internal,200,/all-tours
/all-tours/motorbike-tour-south-vietnam-4-days,Watch more tours,https://enduro-vietnam.com/all-tours/,/all-tours,internal,200,/all-tours
/all-tours/motorbike-tour-south-vietnam-4-days,/all-tours/dalat-enduro-tour-one-day,https://enduro-vietnam.com/all-tours/dalat-enduro-tour-one-day,/all-tours/dalat-enduro-tour-one-day,internal,200,/all-tours/dalat-enduro-tour-one-day
/all-tours/motorbike-tour-south-vietnam-4-days,READ MORE,https://enduro-vietnam.com/all-tours/dalat-enduro-tour-one-day,/all-tours/dalat-enduro-tour-one-day,internal,200,/all-tours/dalat-enduro-tour-one-day
/all-tours/motorbike-tour-south-vietnam-4-days,/all-tours/dalat-enduro-tour-advanced,https://enduro-vietnam.com/all-tours/dalat-enduro-tour-advanced,/all-tours/dalat-enduro-tour-advanced,internal,200,/all-tours/dalat-enduro-tour-advanced
/all-tours/motorbike-tour-south-vietnam-4-days,READ MORE,https://enduro-vietnam.com/all-tours/dalat-enduro-tour-advanced,/all-tours/dalat-enduro-tour-advanced,internal,200,/all-tours/dalat-enduro-tour-advanced
/all-tours/motorbike-tour-south-vietnam-4-days,/all-tours/dalat-enduro-tour-two-day,https://enduro-vietnam.com/all-tours/dalat-enduro-tour-two-day,/all-tours/dalat-enduro-tour-two-day,internal,200,/all-tours/dalat-enduro-tour-two-day
/all-tours/motorbike-tour-south-vietnam-4-days,READ MORE,https://enduro-vietnam.com/all-tours/dalat-enduro-tour-two-day,/all-tours/dalat-enduro-tour-two-day,internal,200,/all-tours/dalat-enduro-tour-two-day
/all-tours/motorbike-tour-south-vietnam-4-days,/all-tours/three-day-tour-dalat-nhatrang,https://enduro-vietnam.com/all-tours/three-day-tour-dalat-nhatrang,/all-tours/three-day-tour-dalat-nhatrang,internal,200,/all-tours/three-day-tour-dalat-nhatrang
/all-tours/motorbike-tour-south-vietnam-4-days,READ MORE,https://enduro-vietnam.com/all-tours/three-day-tour-dalat-nhatrang,/all-tours/three-day-tour-dalat-nhatrang,internal,200,/all-tours/three-day-tour-dalat-nhatrang
/all-tours/motorbike-tour-south-vietnam-4-days,/all-tours/three-day-tour-dalat-muine,https://enduro-vietnam.com/all-tours/three-day-tour-dalat-muine,/all-tours/three-day-tour-dalat-muine,internal,200,/all-tours/three-day-tour-dalat-muine
/all-tours/motorbike-tour-south-vietnam-4-days,READ MORE,https://enduro-vietnam.com/all-tours/three-day-tour-dalat-muine,/all-tours/three-day-tour-dalat-muine,internal,200,/all-tours/three-day-tour-dalat-muine
/all-tours/motorbike-tour-south-vietnam-4-days,/all-tours/dalat-easy-rider-enduro-beginners,https://enduro-vietnam.com/all-tours/dalat-easy-rider-enduro-beginners,/all-tours/dalat-easy-rider-enduro-beginners,internal,200,/all-tours/dalat-easy-rider-enduro-beginners
/all-tours/motorbike-tour-south-vietnam-4-days,READ MORE,https://enduro-vietnam.com/all-tours/dalat-easy-rider-enduro-beginners,/all-tours/dalat-easy-rider-enduro-beginners,internal,200,/all-tours/dalat-easy-rider-enduro-beginners
/all-tours/motorbike-tour-south-vietnam-4-days,/all-tours/nhatrang-enduro-tour-one-day,https://enduro-vietnam.com/all-tours/nhatrang-enduro-tour-one-day,/all-tours/nhatrang-enduro-tour-one-day,internal,200,/all-tours/nhatrang-enduro-tour-one-day
/all-tours/motorbike-tour-south-vietnam-4-days,READ MORE,https://enduro-vietnam.com/all-tours/nhatrang-enduro-tour-one-day,/all-tours/nhatrang-enduro-tour-one-day,internal,200,/all-tours/nhatrang-enduro-tour-one-day
/all-tours/motorbike-tour-south-vietnam-4-days,/all-tours/nhatrang-enduro-tour-advanced,https://enduro-vietnam.com/all-tours/nhatrang-enduro-tour-advanced,/all-tours/nhatrang-enduro-tour-advanced,internal,200,/all-tours/nhatrang-enduro-tour-advanced
/all-tours/motorbike-tour-south-vietnam-4-days,READ MORE,https://enduro-vietnam.com/all-tours/nhatrang-enduro-tour-advanced,/all-tours/nhatrang-enduro-tour-advanced,internal,200,/all-tours/nhatrang-enduro-tour-advanced
/all-tours/motorbike-tour-south-vietnam-4-days,/all-tours/motorbike-tour-south-vietnam-4-days,https://enduro-vietnam.com/all-tours/motorbike-tour-south-vietnam-4-days,/all-tours/motorbike-tour-south-vietnam-4-days,internal,200,/all-tours/motorbike-tour-south-vietnam-4-days
/all-tours/motorbike-tour-south-vietnam-4-days,READ MORE,https://enduro-vietnam.com/all-tours/motorbike-tour-south-vietnam-4-days,/all-tours/motorbike-tour-south-vietnam-4-days,internal,200,/all-tours/motorbike-tour-south-vietnam-4-days
/all-tours/motorbike-tour-south-vietnam-4-days,Watch more tours,https://enduro-vietnam.com/all-tours/,/all-tours,internal,200,/all-tours
/all-tours/motorbike-tour-south-vietnam-4-days,TO BOOK,https://t.me/mototourvietnam,https://t.me/mototourvietnam,external,,
/all-tours/motorbike-tour-south-vietnam-4-days,READ MORE,https://enduro-vietnam.com/all-tours/dalat-enduro-tour-one-day,/all-tours/dalat-enduro-tour-one-day,internal,200,/all-tours/dalat-enduro-tour-one-day
/all-tours/motorbike-tour-south-vietnam-4-days,TO BOOK,https://t.me/mototourvietnam,https://t.me/mototourvietnam,external,,
/all-tours/motorbike-tour-south-vietnam-4-days,READ MORE,https://enduro-vietnam.com/all-tours/dalat-enduro-tour-advanced,/all-tours/dalat-enduro-tour-advanced,internal,200,/all-tours/dalat-enduro-tour-advanced
/all-tours/motorbike-tour-south-vietnam-4-days,TO BOOK,https://t.me/mototourvietnam,https://t.me/mototourvietnam,external,,
/all-tours/motorbike-tour-south-vietnam-4-days,READ MORE,https://enduro-vietnam.com/all-tours/dalat-enduro-tour-two-day,/all-tours/dalat-enduro-tour-two-day,internal,200,/all-tours/dalat-enduro-tour-two-day
/all-tours/motorbike-tour-south-vietnam-4-days,TO BOOK,https://t.me/mototourvietnam,https://t.me/mototourvietnam,external,,
/all-tours/motorbike-tour-south-vietnam-4-days,READ MORE,https://enduro-vietnam.com/all-tours/three-day-tour-dalat-nhatrang,/all-tours/three-day-tour-dalat-nhatrang,internal,200,/all-tours/three-day-tour-dalat-nhatrang
/all-tours/motorbike-tour-south-vietnam-4-days,TO BOOK,https://t.me/mototourvietnam,https://t.me/mototourvietnam,external,,
/all-tours/motorbike-tour-south-vietnam-4-days,READ MORE,https://enduro-vietnam.com/all-tours/three-day-tour-dalat-muine,/all-tours/three-day-tour-dalat-muine,internal,200,/all-tours/three-day-tour-dalat-muine
/all-tours/motorbike-tour-south-vietnam-4-days,TO BOOK,https://t.me/mototourvietnam,https://t.me/mototourvietnam,external,,
/all-tours/motorbike-tour-south-vietnam-4-days,READ MORE,https://enduro-vietnam.com/all-tours/dalat-easy-rider-enduro-beginners,/all-tours/dalat-easy-rider-enduro-beginners,internal,200,/all-tours/dalat-easy-rider-enduro-beginners
/all-tours/motorbike-tour-south-vietnam-4-days,TO BOOK,https://t.me/mototourvietnam,https://t.me/mototourvietnam,external,,
/all-tours/motorbike-tour-south-vietnam-4-days,READ MORE,https://enduro-vietnam.com/all-tours/nhatrang-enduro-tour-one-day,/all-tours/nhatrang-enduro-tour-one-day,internal,200,/all-tours/nhatrang-enduro-tour-one-day
/all-tours/motorbike-tour-south-vietnam-4-days,TO BOOK,https://t.me/mototourvietnam,https://t.me/mototourvietnam,external,,
/all-tours/motorbike-tour-south-vietnam-4-days,READ MORE,https://enduro-vietnam.com/all-tours/nhatrang-enduro-tour-advanced,/all-tours/nhatrang-enduro-tour-advanced,internal,200,/all-tours/nhatrang-enduro-tour-advanced
/all-tours/motorbike-tour-south-vietnam-4-days,TO BOOK,https://t.me/mototourvietnam,https://t.me/mototourvietnam,external,,
/all-tours/motorbike-tour-south-vietnam-4-days,READ MORE,https://enduro-vietnam.com/all-tours/motorbike-tour-south-vietnam-4-days,/all-tours/motorbike-tour-south-vietnam-4-days,internal,200,/all-tours/motorbike-tour-south-vietnam-4-days
/all-tours/motorbike-tour-south-vietnam-4-days,TO BOOK,https://t.me/mototourvietnam,https://t.me/mototourvietnam,external,,
/all-tours/motorbike-tour-south-vietnam-4-days,READ MORE,https://enduro-vietnam.com/all-tours/5-day-motorbike-tour-from-saigon-ho-chi-minh-city,/all-tours/5-day-motorbike-tour-from-saigon-ho-chi-minh-city,internal,200,/all-tours/5-day-motorbike-tour-from-saigon-ho-chi-minh-city
/all-tours/motorbike-tour-south-vietnam-4-days,TO BOOK,https://t.me/mototourvietnam,https://t.me/mototourvietnam,external,,
/all-tours/motorbike-tour-south-vietnam-4-days,READ MORE,https://enduro-vietnam.com/all-tours/mekong-delta-and-coastline-vietnam-motorbike-tour-6-days,/all-tours/mekong-delta-and-coastline-vietnam-motorbike-tour-6-days,internal,200,/all-tours/mekong-delta-and-coastline-vietnam-motorbike-tour-6-days
/all-tours/motorbike-tour-south-vietnam-4-days,TO BOOK,https://t.me/mototourvietnam,https://t.me/mototourvietnam,external,,
/all-tours/motorbike-tour-south-vietnam-4-days,READ MORE,https://enduro-vietnam.com/all-tours/motorcycle-tour-on-coastline-and-highlands-vietnam-7-days,/all-tours/motorcycle-tour-on-coastline-and-highlands-vietnam-7-days,internal,200,/all-tours/motorcycle-tour-on-coastline-and-highlands-vietnam-7-days
/all-tours/motorbike-tour-south-vietnam-4-days,TO BOOK,https://t.me/mototourvietnam,https://t.me/mototourvietnam,external,,
/all-tours/motorbike-tour-south-vietnam-4-days,READ MORE,https://enduro-vietnam.com/all-tours/saigon-motorbike-tour-10-days,/all-tours/saigon-motorbike-tour-10-days,internal,200,/all-tours/saigon-motorbike-tour-10-days
/all-tours/motorbike-tour-south-vietnam-4-days,TO BOOK,https://t.me/mototourvietnam,https://t.me/mototourvietnam,external,,
/all-tours/motorbike-tour-south-vietnam-4-days,READ MORE,https://enduro-vietnam.com/all-tours/south-vietnam-motorbike-tour-7-days,/all-tours/south-vietnam-motorbike-tour-7-days,internal,200,/all-tours/south-vietnam-motorbike-tour-7-days
/all-tours/motorbike-tour-south-vietnam-4-days,/all-tours/dalat-enduro-tour-one-day,https://enduro-vietnam.com/all-tours/dalat-enduro-tour-one-day,/all-tours/dalat-enduro-tour-one-day,internal,200,/all-tours/dalat-enduro-tour-one-day
/all-tours/motorbike-tour-south-vietnam-4-days,READ MORE,https://enduro-vietnam.com/all-tours/dalat-enduro-tour-one-day,/all-tours/dalat-enduro-tour-one-day,internal,200,/all-tours/dalat-enduro-tour-one-day
/all-tours/motorbike-tour-south-vietnam-4-days,/all-tours/dalat-enduro-tour-advanced,https://enduro-vietnam.com/all-tours/dalat-enduro-tour-advanced,/all-tours/dalat-enduro-tour-advanced,internal,200,/all-tours/dalat-enduro-tour-advanced
/all-tours/motorbike-tour-south-vietnam-4-days,READ MORE,https://enduro-vietnam.com/all-tours/dalat-enduro-tour-advanced,/all-tours/dalat-enduro-tour-advanced,internal,200,/all-tours/dalat-enduro-tour-advanced
/all-tours/motorbike-tour-south-vietnam-4-days,/all-tours/dalat-enduro-tour-two-day,https://enduro-vietnam.com/all-tours/dalat-enduro-tour-two-day,/all-tours/dalat-enduro-tour-two-day,internal,200,/all-tours/dalat-enduro-tour-two-day
/all-tours/motorbike-tour-south-vietnam-4-days,READ MORE,https://enduro-vietnam.com/all-tours/dalat-enduro-tour-two-day,/all-tours/dalat-enduro-tour-two-day,internal,200,/all-tours/dalat-enduro-tour-two-day
/all-tours/motorbike-tour-south-vietnam-4-days,/all-tours/three-day-tour-dalat-nhatrang,https://enduro-vietnam.com/all-tours/three-day-tour-dalat-nhatrang,/all-tours/three-day-tour-dalat-nhatrang,internal,200,/all-tours/three-day-tour-dalat-nhatrang
/all-tours/motorbike-tour-south-vietnam-4-days,READ MORE,https://enduro-vietnam.com/all-tours/three-day-tour-dalat-nhatrang,/all-tours/three-day-tour-dalat-nhatrang,internal,200,/all-tours/three-day-tour-dalat-nhatrang
/all-tours/motorbike-tour-south-vietnam-4-days,/all-tours/three-day-tour-dalat-muine,https://enduro-vietnam.com/all-tours/three-day-tour-dalat-muine,/all-tours/three-day-tour-dalat-muine,internal,200,/all-tours/three-day-tour-dalat-muine
/all-tours/motorbike-tour-south-vietnam-4-days,READ MORE,https://enduro-vietnam.com/all-tours/three-day-tour-dalat-muine,/all-tours/three-day-tour-dalat-muine,internal,200,/all-tours/three-day-tour-dalat-muine
/all-tours/motorbike-tour-south-vietnam-4-days,/all-tours/dalat-easy-rider-enduro-beginners,https://enduro-vietnam.com/all-tours/dalat-easy-rider-enduro-beginners,/all-tours/dalat-easy-rider-enduro-beginners,internal,200,/all-tours/dalat-easy-rider-enduro-beginners
/all-tours/motorbike-tour-south-vietnam-4-days,READ MORE,https://enduro-vietnam.com/all-tours/dalat-easy-rider-enduro-beginners,/all-tours/dalat-easy-rider-enduro-beginners,internal,200,/all-tours/dalat-easy-rider-enduro-beginners
/all-tours/motorbike-tour-south-vietnam-4-days,/all-tours/nhatrang-enduro-tour-one-day,https://enduro-vietnam.com/all-tours/nhatrang-enduro-tour-one-day,/all-tours/nhatrang-enduro-tour-one-day,internal,200,/all-tours/nhatrang-enduro-tour-one-day
/all-tours/motorbike-tour-south-vietnam-4-days,READ MORE,https://enduro-vietnam.com/all-tours/nhatrang-enduro-tour-one-day,/all-tours/nhatrang-enduro-tour-one-day,internal,200,/all-tours/nhatrang-enduro-tour-one-day
/all-tours/motorbike-tour-south-vietnam-4-days,/all-tours/nhatrang-enduro-tour-advanced,https://enduro-vietnam.com/all-tours/nhatrang-enduro-tour-advanced,/all-tours/nhatrang-enduro-tour-advanced,internal,200,/all-tours/nhatrang-enduro-tour-advanced
/all-tours/motorbike-tour-south-vietnam-4-days,READ MORE,https://enduro-vietnam.com/all-tours/nhatrang-enduro-tour-advanced,/all-tours/nhatrang-enduro-tour-advanced,internal,200,/all-tours/nhatrang-enduro-tour-advanced
/all-tours/motorbike-tour-south-vietnam-4-days,/all-tours/motorbike-tour-south-vietnam-4-days,https://enduro-vietnam.com/all-tours/motorbike-tour-south-vietnam-4-days,/all-tours/motorbike-tour-south-vietnam-4-days,internal,200,/all-tours/motorbike-tour-south-vietnam-4-days
/all-tours/motorbike-tour-south-vietnam-4-days,READ MORE,https://enduro-vietnam.com/all-tours/motorbike-tour-south-vietnam-4-days,/all-tours/motorbike-tour-south-vietnam-4-days,internal,200,/all-tours/motorbike-tour-south-vietnam-4-days
/all-tours/motorbike-tour-south-vietnam-4-days,/all-tours/5-day-motorbike-tour-from-saigon-ho-chi-minh-city,https://enduro-vietnam.com/all-tours/5-day-motorbike-tour-from-saigon-ho-chi-minh-city,/all-tours/5-day-motorbike-tour-from-saigon-ho-chi-minh-city,internal,200,/all-tours/5-day-motorbike-tour-from-saigon-ho-chi-minh-city
/all-tours/motorbike-tour-south-vietnam-4-days,READ MORE,https://enduro-vietnam.com/all-tours/5-day-motorbike-tour-from-saigon-ho-chi-minh-city,/all-tours/5-day-motorbike-tour-from-saigon-ho-chi-minh-city,internal,200,/all-tours/5-day-motorbike-tour-from-saigon-ho-chi-minh-city
/all-tours/motorbike-tour-south-vietnam-4-days,/all-tours/mekong-delta-and-coastline-vietnam-motorbike-tour-6-days,https://enduro-vietnam.com/all-tours/mekong-delta-and-coastline-vietnam-motorbike-tour-6-days,/all-tours/mekong-delta-and-coastline-vietnam-motorbike-tour-6-days,internal,200,/all-tours/mekong-delta-and-coastline-vietnam-motorbike-tour-6-days
/all-tours/motorbike-tour-south-vietnam-4-days,READ MORE,https://enduro-vietnam.com/all-tours/mekong-delta-and-coastline-vietnam-motorbike-tour-6-days,/all-tours/mekong-delta-and-coastline-vietnam-motorbike-tour-6-days,internal,200,/all-tours/mekong-delta-and-coastline-vietnam-motorbike-tour-6-days
/all-tours/motorbike-tour-south-vietnam-4-days,/all-tours/motorcycle-tour-on-coastline-and-highlands-vietnam-7-days,https://enduro-vietnam.com/all-tours/motorcycle-tour-on-coastline-and-highlands-vietnam-7-days,/all-tours/motorcycle-tour-on-coastline-and-highlands-vietnam-7-days,internal,200,/all-tours/motorcycle-tour-on-coastline-and-highlands-vietnam-7-days
/all-tours/motorbike-tour-south-vietnam-4-days,READ MORE,https://enduro-vietnam.com/all-tours/motorcycle-tour-on-coastline-and-highlands-vietnam-7-days,/all-tours/motorcycle-tour-on-coastline-and-highlands-vietnam-7-days,internal,200,/all-tours/motorcycle-tour-on-coastline-and-highlands-vietnam-7-days
/all-tours/motorbike-tour-south-vietnam-4-days,/all-tours/saigon-motorbike-tour-10-days,https://enduro-vietnam.com/all-tours/saigon-motorbike-tour-10-days,/all-tours/saigon-motorbike-tour-10-days,internal,200,/all-tours/saigon-motorbike-tour-10-days
/all-tours/motorbike-tour-south-vietnam-4-days,READ MORE,https://enduro-vietnam.com/all-tours/saigon-motorbike-tour-10-days,/all-tours/saigon-motorbike-tour-10-days,internal,200,/all-tours/saigon-motorbike-tour-10-days
/all-tours/motorbike-tour-south-vietnam-4-days,/all-tours/south-vietnam-motorbike-tour-7-days,https://enduro-vietnam.com/all-tours/south-vietnam-motorbike-tour-7-days,/all-tours/south-vietnam-motorbike-tour-7-days,internal,200,/all-tours/south-vietnam-motorbike-tour-7-days
/all-tours/motorbike-tour-south-vietnam-4-days,READ MORE,https://enduro-vietnam.com/all-tours/south-vietnam-motorbike-tour-7-days,/all-tours/south-vietnam-motorbike-tour-7-days,internal,200,/all-tours/south-vietnam-motorbike-tour-7-days
/all-tours/motorbike-tour-south-vietnam-4-days,https://t.me/mototourvietnam,https://t.me/mototourvietnam,https://t.me/mototourvietnam,external,,
/all-tours/motorbike-tour-south-vietnam-4-days,https://www.instagram.com/enduro.vietnam,https://www.instagram.com/enduro.vietnam,https://www.instagram.com/enduro.vietnam,external,,
/all-tours/motorbike-tour-south-vietnam-4-days,https://wa.me/79994564498,https://wa.me/79994564498,https://wa.me/79994564498,external,,
/all-tours/motorbike-tour-south-vietnam-4-days,https://t.me/mototourvietnam,https://t.me/mototourvietnam,https://t.me/mototourvietnam,external,,
/all-tours/motorbike-tour-south-vietnam-4-days,https://www.instagram.com/enduro.vietnam,https://www.instagram.com/enduro.vietnam,https://www.instagram.com/enduro.vietnam,external,,
/all-tours/motorbike-tour-south-vietnam-4-days,https://wa.me/79994564498,https://wa.me/79994564498,https://wa.me/79994564498,external,,
/all-tours/motorbike-tour-south-vietnam-4-days,https://t.me/mototourvietnam,https://t.me/mototourvietnam,https://t.me/mototourvietnam,external,,
/all-tours/motorbike-tour-south-vietnam-4-days,https://www.instagram.com/enduro.vietnam,https://www.instagram.com/enduro.vietnam,https://www.instagram.com/enduro.vietnam,external,,
/all-tours/motorbike-tour-south-vietnam-4-days,https://wa.me/79994564498,https://wa.me/79994564498,https://wa.me/79994564498,external,,
/all-tours/motorbike-tour-south-vietnam-4-days,https://t.me/mototourvietnam,https://t.me/mototourvietnam,https://t.me/mototourvietnam,external,,
/all-tours/motorbike-tour-south-vietnam-4-days,https://www.instagram.com/enduro.vietnam,https://www.instagram.com/enduro.vietnam,https://www.instagram.com/enduro.vietnam,external,,
/all-tours/motorbike-tour-south-vietnam-4-days,https://wa.me/79994564498,https://wa.me/79994564498,https://wa.me/79994564498,external,,
/all-tours/motorbike-tour-south-vietnam-4-days,https://t.me/mototourvietnam,https://t.me/mototourvietnam,https://t.me/mototourvietnam,external,,
/all-tours/motorbike-tour-south-vietnam-4-days,https://www.instagram.com/enduro.vietnam,https://www.instagram.com/enduro.vietnam,https://www.instagram.com/enduro.vietnam,external,,
/all-tours/motorbike-tour-south-vietnam-4-days,https://wa.me/79994564498,https://wa.me/79994564498,https://wa.me/79994564498,external,,
/all-tours/motorbike-tour-south-vietnam-4-days,logo YouTube,https://youtube.com/@enduro.vietnam?si=FDMtZYMkF863JBpP,https://youtube.com/@enduro.vietnam?si=FDMtZYMkF863JBpP,external,,
/all-tours/motorbike-tour-south-vietnam-4-days,youtube.com/@enduro.vietnam,https://youtube.com/@enduro.vietnam?si=FDMtZYMkF863JBpP,https://youtube.com/@enduro.vietnam?si=FDMtZYMkF863JBpP,external,,
/all-tours/motorbike-tour-south-vietnam-4-days,logo Instagram,https://www.instagram.com/enduro.vietnam/,https://www.instagram.com/enduro.vietnam/,external,,
/all-tours/motorbike-tour-south-vietnam-4-days,instagram.com/enduro.vietnam,https://www.instagram.com/enduro.vietnam/,https://www.instagram.com/enduro.vietnam/,external,,
/all-tours/motorbike-tour-south-vietnam-4-days,processing of personal data,/privacy,/privacy,internal,200,/privacy
/all-tours/motorbike-tour-south-vietnam-4-days,Главная страница,/ru,/ru,internal,200,/ru
/all-tours/motorbike-tour-south-vietnam-4-days,Эндуро туры в Далате,/ru/dalat,/ru/dalat,internal,200,/ru/dalat
/all-tours/motorbike-tour-south-vietnam-4-days,Эндуро туры в Нячанге,/ru/nhatrang,/ru/nhatrang,internal,200,/ru/nhatrang
/all-tours/motorbike-tour-south-vietnam-4-days,Эндуро туры в Дананге,/ru/danang,/ru/danang,internal,200,/ru/danang
/all-tours/motorbike-tour-south-vietnam-4-days,Эндуро туры в Муйне,/ru/muine,/ru/muine,internal,200,/ru/muine
/all-tours/motorbike-tour-south-vietnam-4-days,Все туры,/ru/all-tours,/ru/all-tours,internal,200,/ru/all-tours
/all-tours/motorbike-tour-south-vietnam-4-days,Аренда скутеров Далат,ru/rent-motorbike-dalat,/ru/rent-motorbike-dalat,internal,404,/all-tours/ru/rent-motorbike-dalat
/all-tours/motorbike-tour-south-vietnam-4-days,Аренда скутеров Нячанг,ru/rent-scooter-nhatrang,/ru/rent-scooter-nhatrang,internal,404,/all-tours/ru/rent-scooter-nhatrang
/all-tours/motorbike-tour-south-vietnam-4-days,/aboutourclinic,/aboutourclinic,,unavailable,404,/aboutourclinic
/all-tours/motorbike-tour-south-vietnam-4-days,Enduro tours in Vietnam,/,/,internal,200,/
/all-tours/motorbike-tour-south-vietnam-4-days,Dalat,/dalat,/dalat,internal,200,/dalat
/all-tours/motorbike-tour-south-vietnam-4-days,Nha Trang,/nhatrang,/nhatrang,internal,200,/nhatrang
/all-tours/motorbike-tour-south-vietnam-4-days,Danang,/danang,/danang,internal,200,/danang
/all-tours/motorbike-tour-south-vietnam-4-days,Muine,/muine,/muine,internal,200,/muine
/all-tours/motorbike-tour-south-vietnam-4-days,All tours,/all-tours,/all-tours,internal,200,/all-tours
/all-tours/motorbike-tour-south-vietnam-4-days,Scooter rental in Dalat,/rent-motorbike-dalat,/rent-motorbike-dalat,internal,200,/rent-motorbike-dalat
/all-tours/motorbike-tour-south-vietnam-4-days,Scooter rental in Nha Trang,/rent-scooter-nhatrang,/rent-scooter-nhatrang,internal,200,/rent-scooter-nhatrang
/all-tours/motorbike-tour-south-vietnam-4-days,Vietnam,https://maps.app.goo.gl/hvewF4aRPsdtciud6,https://maps.app.goo.gl/hvewF4aRPsdtciud6,external,,
/all-tours/motorbike-tour-south-vietnam-4-days,https://t.me/mototourvietnam,https://t.me/mototourvietnam,https://t.me/mototourvietnam,external,,
/all-tours/motorbike-tour-south-vietnam-4-days,https://www.instagram.com/enduro.vietnam,https://www.instagram.com/enduro.vietnam,https://www.instagram.com/enduro.vietnam,external,,
/all-tours/motorbike-tour-south-vietnam-4-days,https://wa.me/79994564498,https://wa.me/79994564498,https://wa.me/79994564498,external,,
/all-tours/motorbike-tour-south-vietnam-4-days,Enduro tours in Vietnam,/,/,internal,200,/
/all-tours/motorbike-tour-south-vietnam-4-days,Dalat,/dalat,/dalat,internal,200,/dalat
/all-tours/motorbike-tour-south-vietnam-4-days,Nha Trang,/nhatrang,/nhatrang,internal,200,/nhatrang
/all-tours/motorbike-tour-south-vietnam-4-days,Danang,/danang,/danang,internal,200,/danang
/all-tours/motorbike-tour-south-vietnam-4-days,All tours,/all-tours,/all-tours,internal,200,/all-tours
/all-tours/motorbike-tour-south-vietnam-4-days,Scooter rental in Dalat,/rent-motorbike-dalat,/rent-motorbike-dalat,internal,200,/rent-motorbike-dalat
/all-tours/motorbike-tour-south-vietnam-4-days,Мототуры по всему Вьетнаму,/ru,/ru,internal,200,/ru
/all-tours/motorbike-tour-south-vietnam-4-days,Аренда Dirt байков и эндуро туры в Муйне,/ru/muine,/ru/muine,internal,200,/ru/muine
/all-tours/motorbike-tour-south-vietnam-4-days,Аренда эндуро мотоциклов и мото туры в Далате,/ru/dalat,/ru/dalat,internal,200,/ru/dalat
/all-tours/motorbike-tour-south-vietnam-4-days,Эндуро туры в Нячанге,/ru/nhatrang,/ru/nhatrang,internal,200,/ru/nhatrang
/all-tours/motorbike-tour-south-vietnam-4-days,https://t.me/mototourvietnam,https://t.me/mototourvietnam,https://t.me/mototourvietnam,external,,
/all-tours/motorbike-tour-south-vietnam-4-days,https://www.instagram.com/enduro.vietnam,https://www.instagram.com/enduro.vietnam,https://www.instagram.com/enduro.vietnam,external,,
/all-tours/motorbike-tour-south-vietnam-4-days,https://wa.me/79994564498,https://wa.me/79994564498,https://wa.me/79994564498,external,,
/all-tours/motorbike-tour-south-vietnam-4-days,https://t.me/mototourvietnam,https://t.me/mototourvietnam,https://t.me/mototourvietnam,external,,
/all-tours/motorbike-tour-south-vietnam-4-days,Creatium,https://creatium.app,https://creatium.app,external,,
/all-tours/motorcycle-tour-on-coastline-and-highlands-vietnam-7-days,/,/,/,internal,200,/
/all-tours/motorcycle-tour-on-coastline-and-highlands-vietnam-7-days,All tours,/all-tours,/all-tours,internal,200,/all-tours
/all-tours/motorcycle-tour-on-coastline-and-highlands-vietnam-7-days,https://t.me/mototourvietnam,https://t.me/mototourvietnam,https://t.me/mototourvietnam,external,,
/all-tours/motorcycle-tour-on-coastline-and-highlands-vietnam-7-days,https://www.instagram.com/enduro.vietnam,https://www.instagram.com/enduro.vietnam,https://www.instagram.com/enduro.vietnam,external,,
/all-tours/motorcycle-tour-on-coastline-and-highlands-vietnam-7-days,https://wa.me/79994564498,https://wa.me/79994564498,https://wa.me/79994564498,external,,
/all-tours/motorcycle-tour-on-coastline-and-highlands-vietnam-7-days,/,/,/,internal,200,/
/all-tours/motorcycle-tour-on-coastline-and-highlands-vietnam-7-days,Type: Mini-band,http://,http://,external,,
/all-tours/motorcycle-tour-on-coastline-and-highlands-vietnam-7-days,Group size: 4 people,http://,http://,external,,
/all-tours/motorcycle-tour-on-coastline-and-highlands-vietnam-7-days,Duration: 7 days,http://,http://,external,,
/all-tours/motorcycle-tour-on-coastline-and-highlands-vietnam-7-days,"Booking confirmation: record at least 2 days in advance. The organizer will confirm the booking for the date you have chosen, after which you will make a 30% prepayment.",http://,http://,external,,
/all-tours/motorcycle-tour-on-coastline-and-highlands-vietnam-7-days,https://t.me/mototourvietnam,https://t.me/mototourvietnam,https://t.me/mototourvietnam,external,,
/all-tours/motorcycle-tour-on-coastline-and-highlands-vietnam-7-days,https://www.instagram.com/enduro.vietnam,https://www.instagram.com/enduro.vietnam,https://www.instagram.com/enduro.vietnam,external,,
/all-tours/motorcycle-tour-on-coastline-and-highlands-vietnam-7-days,https://wa.me/79994564498,https://wa.me/79994564498,https://wa.me/79994564498,external,,
/all-tours/motorcycle-tour-on-coastline-and-highlands-vietnam-7-days,Enduro Vietnam,/,/,internal,200,/
/all-tours/motorcycle-tour-on-coastline-and-highlands-vietnam-7-days,All tours,/all-tours,/all-tours,internal,200,/all-tours
/all-tours/motorcycle-tour-on-coastline-and-highlands-vietnam-7-days,To book,https://t.me/mototourvietnam,https://t.me/mototourvietnam,external,,
/all-tours/motorcycle-tour-on-coastline-and-highlands-vietnam-7-days,To book,https://t.me/mototourvietnam,https://t.me/mototourvietnam,external,,
/all-tours/motorcycle-tour-on-coastline-and-highlands-vietnam-7-days,https://t.me/mototourvietnam,https://t.me/mototourvietnam,https://t.me/mototourvietnam,external,,
/all-tours/motorcycle-tour-on-coastline-and-highlands-vietnam-7-days,https://www.instagram.com/enduro.vietnam,https://www.instagram.com/enduro.vietnam,https://www.instagram.com/enduro.vietnam,external,,
/all-tours/motorcycle-tour-on-coastline-and-highlands-vietnam-7-days,https://wa.me/79994564498,https://wa.me/79994564498,https://wa.me/79994564498,external,,
/all-tours/motorcycle-tour-on-coastline-and-highlands-vietnam-7-days,Enduro Vietnam,/,/,internal,200,/
/all-tours/motorcycle-tour-on-coastline-and-highlands-vietnam-7-days,All tours,/all-tours,/all-tours,internal,200,/all-tours
/all-tours/motorcycle-tour-on-coastline-and-highlands-vietnam-7-days,Watch more tours,https://enduro-vietnam.com/all-tours/,/all-tours,internal,200,/all-tours
/all-tours/motorcycle-tour-on-coastline-and-highlands-vietnam-7-days,/all-tours/dalat-enduro-tour-one-day,https://enduro-vietnam.com/all-tours/dalat-enduro-tour-one-day,/all-tours/dalat-enduro-tour-one-day,internal,200,/all-tours/dalat-enduro-tour-one-day
/all-tours/motorcycle-tour-on-coastline-and-highlands-vietnam-7-days,READ MORE,https://enduro-vietnam.com/all-tours/dalat-enduro-tour-one-day,/all-tours/dalat-enduro-tour-one-day,internal,200,/all-tours/dalat-enduro-tour-one-day
/all-tours/motorcycle-tour-on-coastline-and-highlands-vietnam-7-days,/all-tours/dalat-enduro-tour-advanced,https://enduro-vietnam.com/all-tours/dalat-enduro-tour-advanced,/all-tours/dalat-enduro-tour-advanced,internal,200,/all-tours/dalat-enduro-tour-advanced
/all-tours/motorcycle-tour-on-coastline-and-highlands-vietnam-7-days,READ MORE,https://enduro-vietnam.com/all-tours/dalat-enduro-tour-advanced,/all-tours/dalat-enduro-tour-advanced,internal,200,/all-tours/dalat-enduro-tour-advanced
/all-tours/motorcycle-tour-on-coastline-and-highlands-vietnam-7-days,/all-tours/dalat-enduro-tour-two-day,https://enduro-vietnam.com/all-tours/dalat-enduro-tour-two-day,/all-tours/dalat-enduro-tour-two-day,internal,200,/all-tours/dalat-enduro-tour-two-day
/all-tours/motorcycle-tour-on-coastline-and-highlands-vietnam-7-days,READ MORE,https://enduro-vietnam.com/all-tours/dalat-enduro-tour-two-day,/all-tours/dalat-enduro-tour-two-day,internal,200,/all-tours/dalat-enduro-tour-two-day
/all-tours/motorcycle-tour-on-coastline-and-highlands-vietnam-7-days,/all-tours/three-day-tour-dalat-nhatrang,https://enduro-vietnam.com/all-tours/three-day-tour-dalat-nhatrang,/all-tours/three-day-tour-dalat-nhatrang,internal,200,/all-tours/three-day-tour-dalat-nhatrang
/all-tours/motorcycle-tour-on-coastline-and-highlands-vietnam-7-days,READ MORE,https://enduro-vietnam.com/all-tours/three-day-tour-dalat-nhatrang,/all-tours/three-day-tour-dalat-nhatrang,internal,200,/all-tours/three-day-tour-dalat-nhatrang
/all-tours/motorcycle-tour-on-coastline-and-highlands-vietnam-7-days,/all-tours/three-day-tour-dalat-muine,https://enduro-vietnam.com/all-tours/three-day-tour-dalat-muine,/all-tours/three-day-tour-dalat-muine,internal,200,/all-tours/three-day-tour-dalat-muine
/all-tours/motorcycle-tour-on-coastline-and-highlands-vietnam-7-days,READ MORE,https://enduro-vietnam.com/all-tours/three-day-tour-dalat-muine,/all-tours/three-day-tour-dalat-muine,internal,200,/all-tours/three-day-tour-dalat-muine
/all-tours/motorcycle-tour-on-coastline-and-highlands-vietnam-7-days,/all-tours/dalat-easy-rider-enduro-beginners,https://enduro-vietnam.com/all-tours/dalat-easy-rider-enduro-beginners,/all-tours/dalat-easy-rider-enduro-beginners,internal,200,/all-tours/dalat-easy-rider-enduro-beginners
/all-tours/motorcycle-tour-on-coastline-and-highlands-vietnam-7-days,READ MORE,https://enduro-vietnam.com/all-tours/dalat-easy-rider-enduro-beginners,/all-tours/dalat-easy-rider-enduro-beginners,internal,200,/all-tours/dalat-easy-rider-enduro-beginners
/all-tours/motorcycle-tour-on-coastline-and-highlands-vietnam-7-days,/all-tours/nhatrang-enduro-tour-one-day,https://enduro-vietnam.com/all-tours/nhatrang-enduro-tour-one-day,/all-tours/nhatrang-enduro-tour-one-day,internal,200,/all-tours/nhatrang-enduro-tour-one-day
/all-tours/motorcycle-tour-on-coastline-and-highlands-vietnam-7-days,READ MORE,https://enduro-vietnam.com/all-tours/nhatrang-enduro-tour-one-day,/all-tours/nhatrang-enduro-tour-one-day,internal,200,/all-tours/nhatrang-enduro-tour-one-day
/all-tours/motorcycle-tour-on-coastline-and-highlands-vietnam-7-days,/all-tours/nhatrang-enduro-tour-advanced,https://enduro-vietnam.com/all-tours/nhatrang-enduro-tour-advanced,/all-tours/nhatrang-enduro-tour-advanced,internal,200,/all-tours/nhatrang-enduro-tour-advanced
/all-tours/motorcycle-tour-on-coastline-and-highlands-vietnam-7-days,READ MORE,https://enduro-vietnam.com/all-tours/nhatrang-enduro-tour-advanced,/all-tours/nhatrang-enduro-tour-advanced,internal,200,/all-tours/nhatrang-enduro-tour-advanced
/all-tours/motorcycle-tour-on-coastline-and-highlands-vietnam-7-days,/all-tours/motorbike-tour-south-vietnam-4-days,https://enduro-vietnam.com/all-tours/motorbike-tour-south-vietnam-4-days,/all-tours/motorbike-tour-south-vietnam-4-days,internal,200,/all-tours/motorbike-tour-south-vietnam-4-days
/all-tours/motorcycle-tour-on-coastline-and-highlands-vietnam-7-days,READ MORE,https://enduro-vietnam.com/all-tours/motorbike-tour-south-vietnam-4-days,/all-tours/motorbike-tour-south-vietnam-4-days,internal,200,/all-tours/motorbike-tour-south-vietnam-4-days
/all-tours/motorcycle-tour-on-coastline-and-highlands-vietnam-7-days,Watch more tours,https://enduro-vietnam.com/all-tours/,/all-tours,internal,200,/all-tours
/all-tours/motorcycle-tour-on-coastline-and-highlands-vietnam-7-days,TO BOOK,https://t.me/mototourvietnam,https://t.me/mototourvietnam,external,,
/all-tours/motorcycle-tour-on-coastline-and-highlands-vietnam-7-days,READ MORE,https://enduro-vietnam.com/all-tours/dalat-enduro-tour-one-day,/all-tours/dalat-enduro-tour-one-day,internal,200,/all-tours/dalat-enduro-tour-one-day
/all-tours/motorcycle-tour-on-coastline-and-highlands-vietnam-7-days,TO BOOK,https://t.me/mototourvietnam,https://t.me/mototourvietnam,external,,
/all-tours/motorcycle-tour-on-coastline-and-highlands-vietnam-7-days,READ MORE,https://enduro-vietnam.com/all-tours/dalat-enduro-tour-advanced,/all-tours/dalat-enduro-tour-advanced,internal,200,/all-tours/dalat-enduro-tour-advanced
/all-tours/motorcycle-tour-on-coastline-and-highlands-vietnam-7-days,TO BOOK,https://t.me/mototourvietnam,https://t.me/mototourvietnam,external,,
/all-tours/motorcycle-tour-on-coastline-and-highlands-vietnam-7-days,READ MORE,https://enduro-vietnam.com/all-tours/dalat-enduro-tour-two-day,/all-tours/dalat-enduro-tour-two-day,internal,200,/all-tours/dalat-enduro-tour-two-day
/all-tours/motorcycle-tour-on-coastline-and-highlands-vietnam-7-days,TO BOOK,https://t.me/mototourvietnam,https://t.me/mototourvietnam,external,,
/all-tours/motorcycle-tour-on-coastline-and-highlands-vietnam-7-days,READ MORE,https://enduro-vietnam.com/all-tours/three-day-tour-dalat-nhatrang,/all-tours/three-day-tour-dalat-nhatrang,internal,200,/all-tours/three-day-tour-dalat-nhatrang
/all-tours/motorcycle-tour-on-coastline-and-highlands-vietnam-7-days,TO BOOK,https://t.me/mototourvietnam,https://t.me/mototourvietnam,external,,
/all-tours/motorcycle-tour-on-coastline-and-highlands-vietnam-7-days,READ MORE,https://enduro-vietnam.com/all-tours/three-day-tour-dalat-muine,/all-tours/three-day-tour-dalat-muine,internal,200,/all-tours/three-day-tour-dalat-muine
/all-tours/motorcycle-tour-on-coastline-and-highlands-vietnam-7-days,TO BOOK,https://t.me/mototourvietnam,https://t.me/mototourvietnam,external,,
/all-tours/motorcycle-tour-on-coastline-and-highlands-vietnam-7-days,READ MORE,https://enduro-vietnam.com/all-tours/dalat-easy-rider-enduro-beginners,/all-tours/dalat-easy-rider-enduro-beginners,internal,200,/all-tours/dalat-easy-rider-enduro-beginners
/all-tours/motorcycle-tour-on-coastline-and-highlands-vietnam-7-days,TO BOOK,https://t.me/mototourvietnam,https://t.me/mototourvietnam,external,,
/all-tours/motorcycle-tour-on-coastline-and-highlands-vietnam-7-days,READ MORE,https://enduro-vietnam.com/all-tours/nhatrang-enduro-tour-one-day,/all-tours/nhatrang-enduro-tour-one-day,internal,200,/all-tours/nhatrang-enduro-tour-one-day
/all-tours/motorcycle-tour-on-coastline-and-highlands-vietnam-7-days,TO BOOK,https://t.me/mototourvietnam,https://t.me/mototourvietnam,external,,
/all-tours/motorcycle-tour-on-coastline-and-highlands-vietnam-7-days,READ MORE,https://enduro-vietnam.com/all-tours/nhatrang-enduro-tour-advanced,/all-tours/nhatrang-enduro-tour-advanced,internal,200,/all-tours/nhatrang-enduro-tour-advanced
/all-tours/motorcycle-tour-on-coastline-and-highlands-vietnam-7-days,TO BOOK,https://t.me/mototourvietnam,https://t.me/mototourvietnam,external,,
/all-tours/motorcycle-tour-on-coastline-and-highlands-vietnam-7-days,READ MORE,https://enduro-vietnam.com/all-tours/motorbike-tour-south-vietnam-4-days,/all-tours/motorbike-tour-south-vietnam-4-days,internal,200,/all-tours/motorbike-tour-south-vietnam-4-days
/all-tours/motorcycle-tour-on-coastline-and-highlands-vietnam-7-days,TO BOOK,https://t.me/mototourvietnam,https://t.me/mototourvietnam,external,,
/all-tours/motorcycle-tour-on-coastline-and-highlands-vietnam-7-days,READ MORE,https://enduro-vietnam.com/all-tours/5-day-motorbike-tour-from-saigon-ho-chi-minh-city,/all-tours/5-day-motorbike-tour-from-saigon-ho-chi-minh-city,internal,200,/all-tours/5-day-motorbike-tour-from-saigon-ho-chi-minh-city
/all-tours/motorcycle-tour-on-coastline-and-highlands-vietnam-7-days,TO BOOK,https://t.me/mototourvietnam,https://t.me/mototourvietnam,external,,
/all-tours/motorcycle-tour-on-coastline-and-highlands-vietnam-7-days,READ MORE,https://enduro-vietnam.com/all-tours/mekong-delta-and-coastline-vietnam-motorbike-tour-6-days,/all-tours/mekong-delta-and-coastline-vietnam-motorbike-tour-6-days,internal,200,/all-tours/mekong-delta-and-coastline-vietnam-motorbike-tour-6-days
/all-tours/motorcycle-tour-on-coastline-and-highlands-vietnam-7-days,TO BOOK,https://t.me/mototourvietnam,https://t.me/mototourvietnam,external,,
/all-tours/motorcycle-tour-on-coastline-and-highlands-vietnam-7-days,READ MORE,https://enduro-vietnam.com/all-tours/motorcycle-tour-on-coastline-and-highlands-vietnam-7-days,/all-tours/motorcycle-tour-on-coastline-and-highlands-vietnam-7-days,internal,200,/all-tours/motorcycle-tour-on-coastline-and-highlands-vietnam-7-days
/all-tours/motorcycle-tour-on-coastline-and-highlands-vietnam-7-days,TO BOOK,https://t.me/mototourvietnam,https://t.me/mototourvietnam,external,,
/all-tours/motorcycle-tour-on-coastline-and-highlands-vietnam-7-days,READ MORE,https://enduro-vietnam.com/all-tours/saigon-motorbike-tour-10-days,/all-tours/saigon-motorbike-tour-10-days,internal,200,/all-tours/saigon-motorbike-tour-10-days
/all-tours/motorcycle-tour-on-coastline-and-highlands-vietnam-7-days,TO BOOK,https://t.me/mototourvietnam,https://t.me/mototourvietnam,external,,
/all-tours/motorcycle-tour-on-coastline-and-highlands-vietnam-7-days,READ MORE,https://enduro-vietnam.com/all-tours/south-vietnam-motorbike-tour-7-days,/all-tours/south-vietnam-motorbike-tour-7-days,internal,200,/all-tours/south-vietnam-motorbike-tour-7-days
/all-tours/motorcycle-tour-on-coastline-and-highlands-vietnam-7-days,/all-tours/dalat-enduro-tour-one-day,https://enduro-vietnam.com/all-tours/dalat-enduro-tour-one-day,/all-tours/dalat-enduro-tour-one-day,internal,200,/all-tours/dalat-enduro-tour-one-day
/all-tours/motorcycle-tour-on-coastline-and-highlands-vietnam-7-days,READ MORE,https://enduro-vietnam.com/all-tours/dalat-enduro-tour-one-day,/all-tours/dalat-enduro-tour-one-day,internal,200,/all-tours/dalat-enduro-tour-one-day
/all-tours/motorcycle-tour-on-coastline-and-highlands-vietnam-7-days,/all-tours/dalat-enduro-tour-advanced,https://enduro-vietnam.com/all-tours/dalat-enduro-tour-advanced,/all-tours/dalat-enduro-tour-advanced,internal,200,/all-tours/dalat-enduro-tour-advanced
/all-tours/motorcycle-tour-on-coastline-and-highlands-vietnam-7-days,READ MORE,https://enduro-vietnam.com/all-tours/dalat-enduro-tour-advanced,/all-tours/dalat-enduro-tour-advanced,internal,200,/all-tours/dalat-enduro-tour-advanced
/all-tours/motorcycle-tour-on-coastline-and-highlands-vietnam-7-days,/all-tours/dalat-enduro-tour-two-day,https://enduro-vietnam.com/all-tours/dalat-enduro-tour-two-day,/all-tours/dalat-enduro-tour-two-day,internal,200,/all-tours/dalat-enduro-tour-two-day
/all-tours/motorcycle-tour-on-coastline-and-highlands-vietnam-7-days,READ MORE,https://enduro-vietnam.com/all-tours/dalat-enduro-tour-two-day,/all-tours/dalat-enduro-tour-two-day,internal,200,/all-tours/dalat-enduro-tour-two-day
/all-tours/motorcycle-tour-on-coastline-and-highlands-vietnam-7-days,/all-tours/three-day-tour-dalat-nhatrang,https://enduro-vietnam.com/all-tours/three-day-tour-dalat-nhatrang,/all-tours/three-day-tour-dalat-nhatrang,internal,200,/all-tours/three-day-tour-dalat-nhatrang
/all-tours/motorcycle-tour-on-coastline-and-highlands-vietnam-7-days,READ MORE,https://enduro-vietnam.com/all-tours/three-day-tour-dalat-nhatrang,/all-tours/three-day-tour-dalat-nhatrang,internal,200,/all-tours/three-day-tour-dalat-nhatrang
/all-tours/motorcycle-tour-on-coastline-and-highlands-vietnam-7-days,/all-tours/three-day-tour-dalat-muine,https://enduro-vietnam.com/all-tours/three-day-tour-dalat-muine,/all-tours/three-day-tour-dalat-muine,internal,200,/all-tours/three-day-tour-dalat-muine
/all-tours/motorcycle-tour-on-coastline-and-highlands-vietnam-7-days,READ MORE,https://enduro-vietnam.com/all-tours/three-day-tour-dalat-muine,/all-tours/three-day-tour-dalat-muine,internal,200,/all-tours/three-day-tour-dalat-muine
/all-tours/motorcycle-tour-on-coastline-and-highlands-vietnam-7-days,/all-tours/dalat-easy-rider-enduro-beginners,https://enduro-vietnam.com/all-tours/dalat-easy-rider-enduro-beginners,/all-tours/dalat-easy-rider-enduro-beginners,internal,200,/all-tours/dalat-easy-rider-enduro-beginners
/all-tours/motorcycle-tour-on-coastline-and-highlands-vietnam-7-days,READ MORE,https://enduro-vietnam.com/all-tours/dalat-easy-rider-enduro-beginners,/all-tours/dalat-easy-rider-enduro-beginners,internal,200,/all-tours/dalat-easy-rider-enduro-beginners
/all-tours/motorcycle-tour-on-coastline-and-highlands-vietnam-7-days,/all-tours/nhatrang-enduro-tour-one-day,https://enduro-vietnam.com/all-tours/nhatrang-enduro-tour-one-day,/all-tours/nhatrang-enduro-tour-one-day,internal,200,/all-tours/nhatrang-enduro-tour-one-day
/all-tours/motorcycle-tour-on-coastline-and-highlands-vietnam-7-days,READ MORE,https://enduro-vietnam.com/all-tours/nhatrang-enduro-tour-one-day,/all-tours/nhatrang-enduro-tour-one-day,internal,200,/all-tours/nhatrang-enduro-tour-one-day
/all-tours/motorcycle-tour-on-coastline-and-highlands-vietnam-7-days,/all-tours/nhatrang-enduro-tour-advanced,https://enduro-vietnam.com/all-tours/nhatrang-enduro-tour-advanced,/all-tours/nhatrang-enduro-tour-advanced,internal,200,/all-tours/nhatrang-enduro-tour-advanced
/all-tours/motorcycle-tour-on-coastline-and-highlands-vietnam-7-days,READ MORE,https://enduro-vietnam.com/all-tours/nhatrang-enduro-tour-advanced,/all-tours/nhatrang-enduro-tour-advanced,internal,200,/all-tours/nhatrang-enduro-tour-advanced
/all-tours/motorcycle-tour-on-coastline-and-highlands-vietnam-7-days,/all-tours/motorbike-tour-south-vietnam-4-days,https://enduro-vietnam.com/all-tours/motorbike-tour-south-vietnam-4-days,/all-tours/motorbike-tour-south-vietnam-4-days,internal,200,/all-tours/motorbike-tour-south-vietnam-4-days
/all-tours/motorcycle-tour-on-coastline-and-highlands-vietnam-7-days,READ MORE,https://enduro-vietnam.com/all-tours/motorbike-tour-south-vietnam-4-days,/all-tours/motorbike-tour-south-vietnam-4-days,internal,200,/all-tours/motorbike-tour-south-vietnam-4-days
/all-tours/motorcycle-tour-on-coastline-and-highlands-vietnam-7-days,/all-tours/5-day-motorbike-tour-from-saigon-ho-chi-minh-city,https://enduro-vietnam.com/all-tours/5-day-motorbike-tour-from-saigon-ho-chi-minh-city,/all-tours/5-day-motorbike-tour-from-saigon-ho-chi-minh-city,internal,200,/all-tours/5-day-motorbike-tour-from-saigon-ho-chi-minh-city
/all-tours/motorcycle-tour-on-coastline-and-highlands-vietnam-7-days,READ MORE,https://enduro-vietnam.com/all-tours/5-day-motorbike-tour-from-saigon-ho-chi-minh-city,/all-tours/5-day-motorbike-tour-from-saigon-ho-chi-minh-city,internal,200,/all-tours/5-day-motorbike-tour-from-saigon-ho-chi-minh-city
/all-tours/motorcycle-tour-on-coastline-and-highlands-vietnam-7-days,/all-tours/mekong-delta-and-coastline-vietnam-motorbike-tour-6-days,https://enduro-vietnam.com/all-tours/mekong-delta-and-coastline-vietnam-motorbike-tour-6-days,/all-tours/mekong-delta-and-coastline-vietnam-motorbike-tour-6-days,internal,200,/all-tours/mekong-delta-and-coastline-vietnam-motorbike-tour-6-days
/all-tours/motorcycle-tour-on-coastline-and-highlands-vietnam-7-days,READ MORE,https://enduro-vietnam.com/all-tours/mekong-delta-and-coastline-vietnam-motorbike-tour-6-days,/all-tours/mekong-delta-and-coastline-vietnam-motorbike-tour-6-days,internal,200,/all-tours/mekong-delta-and-coastline-vietnam-motorbike-tour-6-days
/all-tours/motorcycle-tour-on-coastline-and-highlands-vietnam-7-days,/all-tours/motorcycle-tour-on-coastline-and-highlands-vietnam-7-days,https://enduro-vietnam.com/all-tours/motorcycle-tour-on-coastline-and-highlands-vietnam-7-days,/all-tours/motorcycle-tour-on-coastline-and-highlands-vietnam-7-days,internal,200,/all-tours/motorcycle-tour-on-coastline-and-highlands-vietnam-7-days
/all-tours/motorcycle-tour-on-coastline-and-highlands-vietnam-7-days,READ MORE,https://enduro-vietnam.com/all-tours/motorcycle-tour-on-coastline-and-highlands-vietnam-7-days,/all-tours/motorcycle-tour-on-coastline-and-highlands-vietnam-7-days,internal,200,/all-tours/motorcycle-tour-on-coastline-and-highlands-vietnam-7-days
/all-tours/motorcycle-tour-on-coastline-and-highlands-vietnam-7-days,/all-tours/saigon-motorbike-tour-10-days,https://enduro-vietnam.com/all-tours/saigon-motorbike-tour-10-days,/all-tours/saigon-motorbike-tour-10-days,internal,200,/all-tours/saigon-motorbike-tour-10-days
/all-tours/motorcycle-tour-on-coastline-and-highlands-vietnam-7-days,READ MORE,https://enduro-vietnam.com/all-tours/saigon-motorbike-tour-10-days,/all-tours/saigon-motorbike-tour-10-days,internal,200,/all-tours/saigon-motorbike-tour-10-days
/all-tours/motorcycle-tour-on-coastline-and-highlands-vietnam-7-days,/all-tours/south-vietnam-motorbike-tour-7-days,https://enduro-vietnam.com/all-tours/south-vietnam-motorbike-tour-7-days,/all-tours/south-vietnam-motorbike-tour-7-days,internal,200,/all-tours/south-vietnam-motorbike-tour-7-days
/all-tours/motorcycle-tour-on-coastline-and-highlands-vietnam-7-days,READ MORE,https://enduro-vietnam.com/all-tours/south-vietnam-motorbike-tour-7-days,/all-tours/south-vietnam-motorbike-tour-7-days,internal,200,/all-tours/south-vietnam-motorbike-tour-7-days
/all-tours/motorcycle-tour-on-coastline-and-highlands-vietnam-7-days,https://t.me/mototourvietnam,https://t.me/mototourvietnam,https://t.me/mototourvietnam,external,,
/all-tours/motorcycle-tour-on-coastline-and-highlands-vietnam-7-days,https://www.instagram.com/enduro.vietnam,https://www.instagram.com/enduro.vietnam,https://www.instagram.com/enduro.vietnam,external,,
/all-tours/motorcycle-tour-on-coastline-and-highlands-vietnam-7-days,https://wa.me/79994564498,https://wa.me/79994564498,https://wa.me/79994564498,external,,
/all-tours/motorcycle-tour-on-coastline-and-highlands-vietnam-7-days,https://t.me/mototourvietnam,https://t.me/mototourvietnam,https://t.me/mototourvietnam,external,,
/all-tours/motorcycle-tour-on-coastline-and-highlands-vietnam-7-days,https://www.instagram.com/enduro.vietnam,https://www.instagram.com/enduro.vietnam,https://www.instagram.com/enduro.vietnam,external,,
/all-tours/motorcycle-tour-on-coastline-and-highlands-vietnam-7-days,https://wa.me/79994564498,https://wa.me/79994564498,https://wa.me/79994564498,external,,
/all-tours/motorcycle-tour-on-coastline-and-highlands-vietnam-7-days,https://t.me/mototourvietnam,https://t.me/mototourvietnam,https://t.me/mototourvietnam,external,,
/all-tours/motorcycle-tour-on-coastline-and-highlands-vietnam-7-days,https://www.instagram.com/enduro.vietnam,https://www.instagram.com/enduro.vietnam,https://www.instagram.com/enduro.vietnam,external,,
/all-tours/motorcycle-tour-on-coastline-and-highlands-vietnam-7-days,https://wa.me/79994564498,https://wa.me/79994564498,https://wa.me/79994564498,external,,
/all-tours/motorcycle-tour-on-coastline-and-highlands-vietnam-7-days,https://t.me/mototourvietnam,https://t.me/mototourvietnam,https://t.me/mototourvietnam,external,,
/all-tours/motorcycle-tour-on-coastline-and-highlands-vietnam-7-days,https://www.instagram.com/enduro.vietnam,https://www.instagram.com/enduro.vietnam,https://www.instagram.com/enduro.vietnam,external,,
/all-tours/motorcycle-tour-on-coastline-and-highlands-vietnam-7-days,https://wa.me/79994564498,https://wa.me/79994564498,https://wa.me/79994564498,external,,
/all-tours/motorcycle-tour-on-coastline-and-highlands-vietnam-7-days,https://t.me/mototourvietnam,https://t.me/mototourvietnam,https://t.me/mototourvietnam,external,,
/all-tours/motorcycle-tour-on-coastline-and-highlands-vietnam-7-days,https://www.instagram.com/enduro.vietnam,https://www.instagram.com/enduro.vietnam,https://www.instagram.com/enduro.vietnam,external,,
/all-tours/motorcycle-tour-on-coastline-and-highlands-vietnam-7-days,https://wa.me/79994564498,https://wa.me/79994564498,https://wa.me/79994564498,external,,
/all-tours/motorcycle-tour-on-coastline-and-highlands-vietnam-7-days,logo YouTube,https://youtube.com/@enduro.vietnam?si=FDMtZYMkF863JBpP,https://youtube.com/@enduro.vietnam?si=FDMtZYMkF863JBpP,external,,
/all-tours/motorcycle-tour-on-coastline-and-highlands-vietnam-7-days,youtube.com/@enduro.vietnam,https://youtube.com/@enduro.vietnam?si=FDMtZYMkF863JBpP,https://youtube.com/@enduro.vietnam?si=FDMtZYMkF863JBpP,external,,
/all-tours/motorcycle-tour-on-coastline-and-highlands-vietnam-7-days,logo Instagram,https://www.instagram.com/enduro.vietnam/,https://www.instagram.com/enduro.vietnam/,external,,
/all-tours/motorcycle-tour-on-coastline-and-highlands-vietnam-7-days,instagram.com/enduro.vietnam,https://www.instagram.com/enduro.vietnam/,https://www.instagram.com/enduro.vietnam/,external,,
/all-tours/motorcycle-tour-on-coastline-and-highlands-vietnam-7-days,processing of personal data,/privacy,/privacy,internal,200,/privacy
/all-tours/motorcycle-tour-on-coastline-and-highlands-vietnam-7-days,Главная страница,/ru,/ru,internal,200,/ru
/all-tours/motorcycle-tour-on-coastline-and-highlands-vietnam-7-days,Эндуро туры в Далате,/ru/dalat,/ru/dalat,internal,200,/ru/dalat
/all-tours/motorcycle-tour-on-coastline-and-highlands-vietnam-7-days,Эндуро туры в Нячанге,/ru/nhatrang,/ru/nhatrang,internal,200,/ru/nhatrang
/all-tours/motorcycle-tour-on-coastline-and-highlands-vietnam-7-days,Эндуро туры в Дананге,/ru/danang,/ru/danang,internal,200,/ru/danang
/all-tours/motorcycle-tour-on-coastline-and-highlands-vietnam-7-days,Эндуро туры в Муйне,/ru/muine,/ru/muine,internal,200,/ru/muine
/all-tours/motorcycle-tour-on-coastline-and-highlands-vietnam-7-days,Все туры,/ru/all-tours,/ru/all-tours,internal,200,/ru/all-tours
/all-tours/motorcycle-tour-on-coastline-and-highlands-vietnam-7-days,Аренда скутеров Далат,ru/rent-motorbike-dalat,/ru/rent-motorbike-dalat,internal,404,/all-tours/ru/rent-motorbike-dalat
/all-tours/motorcycle-tour-on-coastline-and-highlands-vietnam-7-days,Аренда скутеров Нячанг,ru/rent-scooter-nhatrang,/ru/rent-scooter-nhatrang,internal,404,/all-tours/ru/rent-scooter-nhatrang
/all-tours/motorcycle-tour-on-coastline-and-highlands-vietnam-7-days,/aboutourclinic,/aboutourclinic,,unavailable,404,/aboutourclinic
/all-tours/motorcycle-tour-on-coastline-and-highlands-vietnam-7-days,Enduro tours in Vietnam,/,/,internal,200,/
/all-tours/motorcycle-tour-on-coastline-and-highlands-vietnam-7-days,Dalat,/dalat,/dalat,internal,200,/dalat
/all-tours/motorcycle-tour-on-coastline-and-highlands-vietnam-7-days,Nha Trang,/nhatrang,/nhatrang,internal,200,/nhatrang
/all-tours/motorcycle-tour-on-coastline-and-highlands-vietnam-7-days,Danang,/danang,/danang,internal,200,/danang
/all-tours/motorcycle-tour-on-coastline-and-highlands-vietnam-7-days,Muine,/muine,/muine,internal,200,/muine
/all-tours/motorcycle-tour-on-coastline-and-highlands-vietnam-7-days,All tours,/all-tours,/all-tours,internal,200,/all-tours
/all-tours/motorcycle-tour-on-coastline-and-highlands-vietnam-7-days,Scooter rental in Dalat,/rent-motorbike-dalat,/rent-motorbike-dalat,internal,200,/rent-motorbike-dalat
/all-tours/motorcycle-tour-on-coastline-and-highlands-vietnam-7-days,Scooter rental in Nha Trang,/rent-scooter-nhatrang,/rent-scooter-nhatrang,internal,200,/rent-scooter-nhatrang
/all-tours/motorcycle-tour-on-coastline-and-highlands-vietnam-7-days,Vietnam,https://maps.app.goo.gl/hvewF4aRPsdtciud6,https://maps.app.goo.gl/hvewF4aRPsdtciud6,external,,
/all-tours/motorcycle-tour-on-coastline-and-highlands-vietnam-7-days,https://t.me/mototourvietnam,https://t.me/mototourvietnam,https://t.me/mototourvietnam,external,,
/all-tours/motorcycle-tour-on-coastline-and-highlands-vietnam-7-days,https://www.instagram.com/enduro.vietnam,https://www.instagram.com/enduro.vietnam,https://www.instagram.com/enduro.vietnam,external,,
/all-tours/motorcycle-tour-on-coastline-and-highlands-vietnam-7-days,https://wa.me/79994564498,https://wa.me/79994564498,https://wa.me/79994564498,external,,
/all-tours/motorcycle-tour-on-coastline-and-highlands-vietnam-7-days,Enduro tours in Vietnam,/,/,internal,200,/
/all-tours/motorcycle-tour-on-coastline-and-highlands-vietnam-7-days,Dalat,/dalat,/dalat,internal,200,/dalat
/all-tours/motorcycle-tour-on-coastline-and-highlands-vietnam-7-days,Nha Trang,/nhatrang,/nhatrang,internal,200,/nhatrang
/all-tours/motorcycle-tour-on-coastline-and-highlands-vietnam-7-days,Danang,/danang,/danang,internal,200,/danang
/all-tours/motorcycle-tour-on-coastline-and-highlands-vietnam-7-days,All tours,/all-tours,/all-tours,internal,200,/all-tours
/all-tours/motorcycle-tour-on-coastline-and-highlands-vietnam-7-days,Scooter rental in Dalat,/rent-motorbike-dalat,/rent-motorbike-dalat,internal,200,/rent-motorbike-dalat
/all-tours/motorcycle-tour-on-coastline-and-highlands-vietnam-7-days,Мототуры по всему Вьетнаму,/ru,/ru,internal,200,/ru
/all-tours/motorcycle-tour-on-coastline-and-highlands-vietnam-7-days,Аренда Dirt байков и эндуро туры в Муйне,/ru/muine,/ru/muine,internal,200,/ru/muine
/all-tours/motorcycle-tour-on-coastline-and-highlands-vietnam-7-days,Аренда эндуро мотоциклов и мото туры в Далате,/ru/dalat,/ru/dalat,internal,200,/ru/dalat
/all-tours/motorcycle-tour-on-coastline-and-highlands-vietnam-7-days,Эндуро туры в Нячанге,/ru/nhatrang,/ru/nhatrang,internal,200,/ru/nhatrang
/all-tours/motorcycle-tour-on-coastline-and-highlands-vietnam-7-days,https://t.me/mototourvietnam,https://t.me/mototourvietnam,https://t.me/mototourvietnam,external,,
/all-tours/motorcycle-tour-on-coastline-and-highlands-vietnam-7-days,https://www.instagram.com/enduro.vietnam,https://www.instagram.com/enduro.vietnam,https://www.instagram.com/enduro.vietnam,external,,
/all-tours/motorcycle-tour-on-coastline-and-highlands-vietnam-7-days,https://wa.me/79994564498,https://wa.me/79994564498,https://wa.me/79994564498,external,,
/all-tours/motorcycle-tour-on-coastline-and-highlands-vietnam-7-days,https://t.me/mototourvietnam,https://t.me/mototourvietnam,https://t.me/mototourvietnam,external,,
/all-tours/motorcycle-tour-on-coastline-and-highlands-vietnam-7-days,Creatium,https://creatium.app,https://creatium.app,external,,
/all-tours/nhatrang-enduro-tour-advanced,/,/,/,internal,200,/
/all-tours/nhatrang-enduro-tour-advanced,All tours,/all-tours,/all-tours,internal,200,/all-tours
/all-tours/nhatrang-enduro-tour-advanced,https://t.me/mototourvietnam,https://t.me/mototourvietnam,https://t.me/mototourvietnam,external,,
/all-tours/nhatrang-enduro-tour-advanced,https://www.instagram.com/enduro.vietnam,https://www.instagram.com/enduro.vietnam,https://www.instagram.com/enduro.vietnam,external,,
/all-tours/nhatrang-enduro-tour-advanced,https://wa.me/79994564498,https://wa.me/79994564498,https://wa.me/79994564498,external,,
/all-tours/nhatrang-enduro-tour-advanced,/,/,/,internal,200,/
/all-tours/nhatrang-enduro-tour-advanced,Type: Mini-band,http://,http://,external,,
/all-tours/nhatrang-enduro-tour-advanced,Group size: 2 people,http://,http://,external,,
/all-tours/nhatrang-enduro-tour-advanced,Duration: 4 hours,http://,http://,external,,
/all-tours/nhatrang-enduro-tour-advanced,"Booking confirmation: record at least 2 days in advance. The organizer will confirm the booking for the date you have chosen, after which you will make a 30% prepayment.",http://,http://,external,,
/all-tours/nhatrang-enduro-tour-advanced,https://t.me/mototourvietnam,https://t.me/mototourvietnam,https://t.me/mototourvietnam,external,,
/all-tours/nhatrang-enduro-tour-advanced,https://www.instagram.com/enduro.vietnam,https://www.instagram.com/enduro.vietnam,https://www.instagram.com/enduro.vietnam,external,,
/all-tours/nhatrang-enduro-tour-advanced,https://wa.me/79994564498,https://wa.me/79994564498,https://wa.me/79994564498,external,,
/all-tours/nhatrang-enduro-tour-advanced,Enduro Vietnam,/,/,internal,200,/
/all-tours/nhatrang-enduro-tour-advanced,All tours,/all-tours,/all-tours,internal,200,/all-tours
/all-tours/nhatrang-enduro-tour-advanced,To book,https://t.me/mototourvietnam,https://t.me/mototourvietnam,external,,
/all-tours/nhatrang-enduro-tour-advanced,To book,https://t.me/mototourvietnam,https://t.me/mototourvietnam,external,,
/all-tours/nhatrang-enduro-tour-advanced,https://t.me/mototourvietnam,https://t.me/mototourvietnam,https://t.me/mototourvietnam,external,,
/all-tours/nhatrang-enduro-tour-advanced,https://www.instagram.com/enduro.vietnam,https://www.instagram.com/enduro.vietnam,https://www.instagram.com/enduro.vietnam,external,,
/all-tours/nhatrang-enduro-tour-advanced,https://wa.me/79994564498,https://wa.me/79994564498,https://wa.me/79994564498,external,,
/all-tours/nhatrang-enduro-tour-advanced,Enduro Vietnam,/,/,internal,200,/
/all-tours/nhatrang-enduro-tour-advanced,All tours,/all-tours,/all-tours,internal,200,/all-tours
/all-tours/nhatrang-enduro-tour-advanced,Watch more tours,https://enduro-vietnam.com/all-tours/,/all-tours,internal,200,/all-tours
/all-tours/nhatrang-enduro-tour-advanced,/all-tours/dalat-enduro-tour-one-day,https://enduro-vietnam.com/all-tours/dalat-enduro-tour-one-day,/all-tours/dalat-enduro-tour-one-day,internal,200,/all-tours/dalat-enduro-tour-one-day
/all-tours/nhatrang-enduro-tour-advanced,READ MORE,https://enduro-vietnam.com/all-tours/dalat-enduro-tour-one-day,/all-tours/dalat-enduro-tour-one-day,internal,200,/all-tours/dalat-enduro-tour-one-day
/all-tours/nhatrang-enduro-tour-advanced,/all-tours/dalat-enduro-tour-advanced,https://enduro-vietnam.com/all-tours/dalat-enduro-tour-advanced,/all-tours/dalat-enduro-tour-advanced,internal,200,/all-tours/dalat-enduro-tour-advanced
/all-tours/nhatrang-enduro-tour-advanced,READ MORE,https://enduro-vietnam.com/all-tours/dalat-enduro-tour-advanced,/all-tours/dalat-enduro-tour-advanced,internal,200,/all-tours/dalat-enduro-tour-advanced
/all-tours/nhatrang-enduro-tour-advanced,/all-tours/dalat-enduro-tour-two-day,https://enduro-vietnam.com/all-tours/dalat-enduro-tour-two-day,/all-tours/dalat-enduro-tour-two-day,internal,200,/all-tours/dalat-enduro-tour-two-day
/all-tours/nhatrang-enduro-tour-advanced,READ MORE,https://enduro-vietnam.com/all-tours/dalat-enduro-tour-two-day,/all-tours/dalat-enduro-tour-two-day,internal,200,/all-tours/dalat-enduro-tour-two-day
/all-tours/nhatrang-enduro-tour-advanced,/all-tours/three-day-tour-dalat-nhatrang,https://enduro-vietnam.com/all-tours/three-day-tour-dalat-nhatrang,/all-tours/three-day-tour-dalat-nhatrang,internal,200,/all-tours/three-day-tour-dalat-nhatrang
/all-tours/nhatrang-enduro-tour-advanced,READ MORE,https://enduro-vietnam.com/all-tours/three-day-tour-dalat-nhatrang,/all-tours/three-day-tour-dalat-nhatrang,internal,200,/all-tours/three-day-tour-dalat-nhatrang
/all-tours/nhatrang-enduro-tour-advanced,/all-tours/three-day-tour-dalat-muine,https://enduro-vietnam.com/all-tours/three-day-tour-dalat-muine,/all-tours/three-day-tour-dalat-muine,internal,200,/all-tours/three-day-tour-dalat-muine
/all-tours/nhatrang-enduro-tour-advanced,READ MORE,https://enduro-vietnam.com/all-tours/three-day-tour-dalat-muine,/all-tours/three-day-tour-dalat-muine,internal,200,/all-tours/three-day-tour-dalat-muine
/all-tours/nhatrang-enduro-tour-advanced,/all-tours/dalat-easy-rider-enduro-beginners,https://enduro-vietnam.com/all-tours/dalat-easy-rider-enduro-beginners,/all-tours/dalat-easy-rider-enduro-beginners,internal,200,/all-tours/dalat-easy-rider-enduro-beginners
/all-tours/nhatrang-enduro-tour-advanced,READ MORE,https://enduro-vietnam.com/all-tours/dalat-easy-rider-enduro-beginners,/all-tours/dalat-easy-rider-enduro-beginners,internal,200,/all-tours/dalat-easy-rider-enduro-beginners
/all-tours/nhatrang-enduro-tour-advanced,/all-tours/nhatrang-enduro-tour-one-day,https://enduro-vietnam.com/all-tours/nhatrang-enduro-tour-one-day,/all-tours/nhatrang-enduro-tour-one-day,internal,200,/all-tours/nhatrang-enduro-tour-one-day
/all-tours/nhatrang-enduro-tour-advanced,READ MORE,https://enduro-vietnam.com/all-tours/nhatrang-enduro-tour-one-day,/all-tours/nhatrang-enduro-tour-one-day,internal,200,/all-tours/nhatrang-enduro-tour-one-day
/all-tours/nhatrang-enduro-tour-advanced,/all-tours/nhatrang-enduro-tour-advanced,https://enduro-vietnam.com/all-tours/nhatrang-enduro-tour-advanced,/all-tours/nhatrang-enduro-tour-advanced,internal,200,/all-tours/nhatrang-enduro-tour-advanced
/all-tours/nhatrang-enduro-tour-advanced,READ MORE,https://enduro-vietnam.com/all-tours/nhatrang-enduro-tour-advanced,/all-tours/nhatrang-enduro-tour-advanced,internal,200,/all-tours/nhatrang-enduro-tour-advanced
/all-tours/nhatrang-enduro-tour-advanced,/all-tours/motorbike-tour-south-vietnam-4-days,https://enduro-vietnam.com/all-tours/motorbike-tour-south-vietnam-4-days,/all-tours/motorbike-tour-south-vietnam-4-days,internal,200,/all-tours/motorbike-tour-south-vietnam-4-days
/all-tours/nhatrang-enduro-tour-advanced,READ MORE,https://enduro-vietnam.com/all-tours/motorbike-tour-south-vietnam-4-days,/all-tours/motorbike-tour-south-vietnam-4-days,internal,200,/all-tours/motorbike-tour-south-vietnam-4-days
/all-tours/nhatrang-enduro-tour-advanced,Watch more tours,https://enduro-vietnam.com/all-tours/,/all-tours,internal,200,/all-tours
/all-tours/nhatrang-enduro-tour-advanced,TO BOOK,https://t.me/mototourvietnam,https://t.me/mototourvietnam,external,,
/all-tours/nhatrang-enduro-tour-advanced,READ MORE,https://enduro-vietnam.com/all-tours/dalat-enduro-tour-one-day,/all-tours/dalat-enduro-tour-one-day,internal,200,/all-tours/dalat-enduro-tour-one-day
/all-tours/nhatrang-enduro-tour-advanced,TO BOOK,https://t.me/mototourvietnam,https://t.me/mototourvietnam,external,,
/all-tours/nhatrang-enduro-tour-advanced,READ MORE,https://enduro-vietnam.com/all-tours/dalat-enduro-tour-advanced,/all-tours/dalat-enduro-tour-advanced,internal,200,/all-tours/dalat-enduro-tour-advanced
/all-tours/nhatrang-enduro-tour-advanced,TO BOOK,https://t.me/mototourvietnam,https://t.me/mototourvietnam,external,,
/all-tours/nhatrang-enduro-tour-advanced,READ MORE,https://enduro-vietnam.com/all-tours/dalat-enduro-tour-two-day,/all-tours/dalat-enduro-tour-two-day,internal,200,/all-tours/dalat-enduro-tour-two-day
/all-tours/nhatrang-enduro-tour-advanced,TO BOOK,https://t.me/mototourvietnam,https://t.me/mototourvietnam,external,,
/all-tours/nhatrang-enduro-tour-advanced,READ MORE,https://enduro-vietnam.com/all-tours/three-day-tour-dalat-nhatrang,/all-tours/three-day-tour-dalat-nhatrang,internal,200,/all-tours/three-day-tour-dalat-nhatrang
/all-tours/nhatrang-enduro-tour-advanced,TO BOOK,https://t.me/mototourvietnam,https://t.me/mototourvietnam,external,,
/all-tours/nhatrang-enduro-tour-advanced,READ MORE,https://enduro-vietnam.com/all-tours/three-day-tour-dalat-muine,/all-tours/three-day-tour-dalat-muine,internal,200,/all-tours/three-day-tour-dalat-muine
/all-tours/nhatrang-enduro-tour-advanced,TO BOOK,https://t.me/mototourvietnam,https://t.me/mototourvietnam,external,,
/all-tours/nhatrang-enduro-tour-advanced,READ MORE,https://enduro-vietnam.com/all-tours/dalat-easy-rider-enduro-beginners,/all-tours/dalat-easy-rider-enduro-beginners,internal,200,/all-tours/dalat-easy-rider-enduro-beginners
/all-tours/nhatrang-enduro-tour-advanced,TO BOOK,https://t.me/mototourvietnam,https://t.me/mototourvietnam,external,,
/all-tours/nhatrang-enduro-tour-advanced,READ MORE,https://enduro-vietnam.com/all-tours/nhatrang-enduro-tour-one-day,/all-tours/nhatrang-enduro-tour-one-day,internal,200,/all-tours/nhatrang-enduro-tour-one-day
/all-tours/nhatrang-enduro-tour-advanced,TO BOOK,https://t.me/mototourvietnam,https://t.me/mototourvietnam,external,,
/all-tours/nhatrang-enduro-tour-advanced,READ MORE,https://enduro-vietnam.com/all-tours/nhatrang-enduro-tour-advanced,/all-tours/nhatrang-enduro-tour-advanced,internal,200,/all-tours/nhatrang-enduro-tour-advanced
/all-tours/nhatrang-enduro-tour-advanced,TO BOOK,https://t.me/mototourvietnam,https://t.me/mototourvietnam,external,,
/all-tours/nhatrang-enduro-tour-advanced,READ MORE,https://enduro-vietnam.com/all-tours/motorbike-tour-south-vietnam-4-days,/all-tours/motorbike-tour-south-vietnam-4-days,internal,200,/all-tours/motorbike-tour-south-vietnam-4-days
/all-tours/nhatrang-enduro-tour-advanced,TO BOOK,https://t.me/mototourvietnam,https://t.me/mototourvietnam,external,,
/all-tours/nhatrang-enduro-tour-advanced,READ MORE,https://enduro-vietnam.com/all-tours/5-day-motorbike-tour-from-saigon-ho-chi-minh-city,/all-tours/5-day-motorbike-tour-from-saigon-ho-chi-minh-city,internal,200,/all-tours/5-day-motorbike-tour-from-saigon-ho-chi-minh-city
/all-tours/nhatrang-enduro-tour-advanced,TO BOOK,https://t.me/mototourvietnam,https://t.me/mototourvietnam,external,,
/all-tours/nhatrang-enduro-tour-advanced,READ MORE,https://enduro-vietnam.com/all-tours/mekong-delta-and-coastline-vietnam-motorbike-tour-6-days,/all-tours/mekong-delta-and-coastline-vietnam-motorbike-tour-6-days,internal,200,/all-tours/mekong-delta-and-coastline-vietnam-motorbike-tour-6-days
/all-tours/nhatrang-enduro-tour-advanced,TO BOOK,https://t.me/mototourvietnam,https://t.me/mototourvietnam,external,,
/all-tours/nhatrang-enduro-tour-advanced,READ MORE,https://enduro-vietnam.com/all-tours/motorcycle-tour-on-coastline-and-highlands-vietnam-7-days,/all-tours/motorcycle-tour-on-coastline-and-highlands-vietnam-7-days,internal,200,/all-tours/motorcycle-tour-on-coastline-and-highlands-vietnam-7-days
/all-tours/nhatrang-enduro-tour-advanced,TO BOOK,https://t.me/mototourvietnam,https://t.me/mototourvietnam,external,,
/all-tours/nhatrang-enduro-tour-advanced,READ MORE,https://enduro-vietnam.com/all-tours/saigon-motorbike-tour-10-days,/all-tours/saigon-motorbike-tour-10-days,internal,200,/all-tours/saigon-motorbike-tour-10-days
/all-tours/nhatrang-enduro-tour-advanced,TO BOOK,https://t.me/mototourvietnam,https://t.me/mototourvietnam,external,,
/all-tours/nhatrang-enduro-tour-advanced,READ MORE,https://enduro-vietnam.com/all-tours/south-vietnam-motorbike-tour-7-days,/all-tours/south-vietnam-motorbike-tour-7-days,internal,200,/all-tours/south-vietnam-motorbike-tour-7-days
/all-tours/nhatrang-enduro-tour-advanced,/all-tours/dalat-enduro-tour-one-day,https://enduro-vietnam.com/all-tours/dalat-enduro-tour-one-day,/all-tours/dalat-enduro-tour-one-day,internal,200,/all-tours/dalat-enduro-tour-one-day
/all-tours/nhatrang-enduro-tour-advanced,READ MORE,https://enduro-vietnam.com/all-tours/dalat-enduro-tour-one-day,/all-tours/dalat-enduro-tour-one-day,internal,200,/all-tours/dalat-enduro-tour-one-day
/all-tours/nhatrang-enduro-tour-advanced,/all-tours/dalat-enduro-tour-advanced,https://enduro-vietnam.com/all-tours/dalat-enduro-tour-advanced,/all-tours/dalat-enduro-tour-advanced,internal,200,/all-tours/dalat-enduro-tour-advanced
/all-tours/nhatrang-enduro-tour-advanced,READ MORE,https://enduro-vietnam.com/all-tours/dalat-enduro-tour-advanced,/all-tours/dalat-enduro-tour-advanced,internal,200,/all-tours/dalat-enduro-tour-advanced
/all-tours/nhatrang-enduro-tour-advanced,/all-tours/dalat-enduro-tour-two-day,https://enduro-vietnam.com/all-tours/dalat-enduro-tour-two-day,/all-tours/dalat-enduro-tour-two-day,internal,200,/all-tours/dalat-enduro-tour-two-day
/all-tours/nhatrang-enduro-tour-advanced,READ MORE,https://enduro-vietnam.com/all-tours/dalat-enduro-tour-two-day,/all-tours/dalat-enduro-tour-two-day,internal,200,/all-tours/dalat-enduro-tour-two-day
/all-tours/nhatrang-enduro-tour-advanced,/all-tours/three-day-tour-dalat-nhatrang,https://enduro-vietnam.com/all-tours/three-day-tour-dalat-nhatrang,/all-tours/three-day-tour-dalat-nhatrang,internal,200,/all-tours/three-day-tour-dalat-nhatrang
/all-tours/nhatrang-enduro-tour-advanced,READ MORE,https://enduro-vietnam.com/all-tours/three-day-tour-dalat-nhatrang,/all-tours/three-day-tour-dalat-nhatrang,internal,200,/all-tours/three-day-tour-dalat-nhatrang
/all-tours/nhatrang-enduro-tour-advanced,/all-tours/three-day-tour-dalat-muine,https://enduro-vietnam.com/all-tours/three-day-tour-dalat-muine,/all-tours/three-day-tour-dalat-muine,internal,200,/all-tours/three-day-tour-dalat-muine
/all-tours/nhatrang-enduro-tour-advanced,READ MORE,https://enduro-vietnam.com/all-tours/three-day-tour-dalat-muine,/all-tours/three-day-tour-dalat-muine,internal,200,/all-tours/three-day-tour-dalat-muine
/all-tours/nhatrang-enduro-tour-advanced,/all-tours/dalat-easy-rider-enduro-beginners,https://enduro-vietnam.com/all-tours/dalat-easy-rider-enduro-beginners,/all-tours/dalat-easy-rider-enduro-beginners,internal,200,/all-tours/dalat-easy-rider-enduro-beginners
/all-tours/nhatrang-enduro-tour-advanced,READ MORE,https://enduro-vietnam.com/all-tours/dalat-easy-rider-enduro-beginners,/all-tours/dalat-easy-rider-enduro-beginners,internal,200,/all-tours/dalat-easy-rider-enduro-beginners
/all-tours/nhatrang-enduro-tour-advanced,/all-tours/nhatrang-enduro-tour-one-day,https://enduro-vietnam.com/all-tours/nhatrang-enduro-tour-one-day,/all-tours/nhatrang-enduro-tour-one-day,internal,200,/all-tours/nhatrang-enduro-tour-one-day
/all-tours/nhatrang-enduro-tour-advanced,READ MORE,https://enduro-vietnam.com/all-tours/nhatrang-enduro-tour-one-day,/all-tours/nhatrang-enduro-tour-one-day,internal,200,/all-tours/nhatrang-enduro-tour-one-day
/all-tours/nhatrang-enduro-tour-advanced,/all-tours/nhatrang-enduro-tour-advanced,https://enduro-vietnam.com/all-tours/nhatrang-enduro-tour-advanced,/all-tours/nhatrang-enduro-tour-advanced,internal,200,/all-tours/nhatrang-enduro-tour-advanced
/all-tours/nhatrang-enduro-tour-advanced,READ MORE,https://enduro-vietnam.com/all-tours/nhatrang-enduro-tour-advanced,/all-tours/nhatrang-enduro-tour-advanced,internal,200,/all-tours/nhatrang-enduro-tour-advanced
/all-tours/nhatrang-enduro-tour-advanced,/all-tours/motorbike-tour-south-vietnam-4-days,https://enduro-vietnam.com/all-tours/motorbike-tour-south-vietnam-4-days,/all-tours/motorbike-tour-south-vietnam-4-days,internal,200,/all-tours/motorbike-tour-south-vietnam-4-days
/all-tours/nhatrang-enduro-tour-advanced,READ MORE,https://enduro-vietnam.com/all-tours/motorbike-tour-south-vietnam-4-days,/all-tours/motorbike-tour-south-vietnam-4-days,internal,200,/all-tours/motorbike-tour-south-vietnam-4-days
/all-tours/nhatrang-enduro-tour-advanced,/all-tours/5-day-motorbike-tour-from-saigon-ho-chi-minh-city,https://enduro-vietnam.com/all-tours/5-day-motorbike-tour-from-saigon-ho-chi-minh-city,/all-tours/5-day-motorbike-tour-from-saigon-ho-chi-minh-city,internal,200,/all-tours/5-day-motorbike-tour-from-saigon-ho-chi-minh-city
/all-tours/nhatrang-enduro-tour-advanced,READ MORE,https://enduro-vietnam.com/all-tours/5-day-motorbike-tour-from-saigon-ho-chi-minh-city,/all-tours/5-day-motorbike-tour-from-saigon-ho-chi-minh-city,internal,200,/all-tours/5-day-motorbike-tour-from-saigon-ho-chi-minh-city
/all-tours/nhatrang-enduro-tour-advanced,/all-tours/mekong-delta-and-coastline-vietnam-motorbike-tour-6-days,https://enduro-vietnam.com/all-tours/mekong-delta-and-coastline-vietnam-motorbike-tour-6-days,/all-tours/mekong-delta-and-coastline-vietnam-motorbike-tour-6-days,internal,200,/all-tours/mekong-delta-and-coastline-vietnam-motorbike-tour-6-days
/all-tours/nhatrang-enduro-tour-advanced,READ MORE,https://enduro-vietnam.com/all-tours/mekong-delta-and-coastline-vietnam-motorbike-tour-6-days,/all-tours/mekong-delta-and-coastline-vietnam-motorbike-tour-6-days,internal,200,/all-tours/mekong-delta-and-coastline-vietnam-motorbike-tour-6-days
/all-tours/nhatrang-enduro-tour-advanced,/all-tours/motorcycle-tour-on-coastline-and-highlands-vietnam-7-days,https://enduro-vietnam.com/all-tours/motorcycle-tour-on-coastline-and-highlands-vietnam-7-days,/all-tours/motorcycle-tour-on-coastline-and-highlands-vietnam-7-days,internal,200,/all-tours/motorcycle-tour-on-coastline-and-highlands-vietnam-7-days
/all-tours/nhatrang-enduro-tour-advanced,READ MORE,https://enduro-vietnam.com/all-tours/motorcycle-tour-on-coastline-and-highlands-vietnam-7-days,/all-tours/motorcycle-tour-on-coastline-and-highlands-vietnam-7-days,internal,200,/all-tours/motorcycle-tour-on-coastline-and-highlands-vietnam-7-days
/all-tours/nhatrang-enduro-tour-advanced,/all-tours/saigon-motorbike-tour-10-days,https://enduro-vietnam.com/all-tours/saigon-motorbike-tour-10-days,/all-tours/saigon-motorbike-tour-10-days,internal,200,/all-tours/saigon-motorbike-tour-10-days
/all-tours/nhatrang-enduro-tour-advanced,READ MORE,https://enduro-vietnam.com/all-tours/saigon-motorbike-tour-10-days,/all-tours/saigon-motorbike-tour-10-days,internal,200,/all-tours/saigon-motorbike-tour-10-days
/all-tours/nhatrang-enduro-tour-advanced,/all-tours/south-vietnam-motorbike-tour-7-days,https://enduro-vietnam.com/all-tours/south-vietnam-motorbike-tour-7-days,/all-tours/south-vietnam-motorbike-tour-7-days,internal,200,/all-tours/south-vietnam-motorbike-tour-7-days
/all-tours/nhatrang-enduro-tour-advanced,READ MORE,https://enduro-vietnam.com/all-tours/south-vietnam-motorbike-tour-7-days,/all-tours/south-vietnam-motorbike-tour-7-days,internal,200,/all-tours/south-vietnam-motorbike-tour-7-days
/all-tours/nhatrang-enduro-tour-advanced,https://t.me/mototourvietnam,https://t.me/mototourvietnam,https://t.me/mototourvietnam,external,,
/all-tours/nhatrang-enduro-tour-advanced,https://www.instagram.com/enduro.vietnam,https://www.instagram.com/enduro.vietnam,https://www.instagram.com/enduro.vietnam,external,,
/all-tours/nhatrang-enduro-tour-advanced,https://wa.me/79994564498,https://wa.me/79994564498,https://wa.me/79994564498,external,,
/all-tours/nhatrang-enduro-tour-advanced,https://t.me/mototourvietnam,https://t.me/mototourvietnam,https://t.me/mototourvietnam,external,,
/all-tours/nhatrang-enduro-tour-advanced,https://www.instagram.com/enduro.vietnam,https://www.instagram.com/enduro.vietnam,https://www.instagram.com/enduro.vietnam,external,,
/all-tours/nhatrang-enduro-tour-advanced,https://wa.me/79994564498,https://wa.me/79994564498,https://wa.me/79994564498,external,,
/all-tours/nhatrang-enduro-tour-advanced,https://t.me/mototourvietnam,https://t.me/mototourvietnam,https://t.me/mototourvietnam,external,,
/all-tours/nhatrang-enduro-tour-advanced,https://www.instagram.com/enduro.vietnam,https://www.instagram.com/enduro.vietnam,https://www.instagram.com/enduro.vietnam,external,,
/all-tours/nhatrang-enduro-tour-advanced,https://wa.me/79994564498,https://wa.me/79994564498,https://wa.me/79994564498,external,,
/all-tours/nhatrang-enduro-tour-advanced,https://t.me/mototourvietnam,https://t.me/mototourvietnam,https://t.me/mototourvietnam,external,,
/all-tours/nhatrang-enduro-tour-advanced,https://www.instagram.com/enduro.vietnam,https://www.instagram.com/enduro.vietnam,https://www.instagram.com/enduro.vietnam,external,,
/all-tours/nhatrang-enduro-tour-advanced,https://wa.me/79994564498,https://wa.me/79994564498,https://wa.me/79994564498,external,,
/all-tours/nhatrang-enduro-tour-advanced,https://t.me/mototourvietnam,https://t.me/mototourvietnam,https://t.me/mototourvietnam,external,,
/all-tours/nhatrang-enduro-tour-advanced,https://www.instagram.com/enduro.vietnam,https://www.instagram.com/enduro.vietnam,https://www.instagram.com/enduro.vietnam,external,,
/all-tours/nhatrang-enduro-tour-advanced,https://wa.me/79994564498,https://wa.me/79994564498,https://wa.me/79994564498,external,,
/all-tours/nhatrang-enduro-tour-advanced,logo YouTube,https://youtube.com/@enduro.vietnam?si=FDMtZYMkF863JBpP,https://youtube.com/@enduro.vietnam?si=FDMtZYMkF863JBpP,external,,
/all-tours/nhatrang-enduro-tour-advanced,youtube.com/@enduro.vietnam,https://youtube.com/@enduro.vietnam?si=FDMtZYMkF863JBpP,https://youtube.com/@enduro.vietnam?si=FDMtZYMkF863JBpP,external,,
/all-tours/nhatrang-enduro-tour-advanced,logo Instagram,https://www.instagram.com/enduro.vietnam/,https://www.instagram.com/enduro.vietnam/,external,,
/all-tours/nhatrang-enduro-tour-advanced,instagram.com/enduro.vietnam,https://www.instagram.com/enduro.vietnam/,https://www.instagram.com/enduro.vietnam/,external,,
/all-tours/nhatrang-enduro-tour-advanced,processing of personal data,/privacy,/privacy,internal,200,/privacy
/all-tours/nhatrang-enduro-tour-advanced,Главная страница,/ru,/ru,internal,200,/ru
/all-tours/nhatrang-enduro-tour-advanced,Эндуро туры в Далате,/ru/dalat,/ru/dalat,internal,200,/ru/dalat
/all-tours/nhatrang-enduro-tour-advanced,Эндуро туры в Нячанге,/ru/nhatrang,/ru/nhatrang,internal,200,/ru/nhatrang
/all-tours/nhatrang-enduro-tour-advanced,Эндуро туры в Дананге,/ru/danang,/ru/danang,internal,200,/ru/danang
/all-tours/nhatrang-enduro-tour-advanced,Эндуро туры в Муйне,/ru/muine,/ru/muine,internal,200,/ru/muine
/all-tours/nhatrang-enduro-tour-advanced,Все туры,/ru/all-tours,/ru/all-tours,internal,200,/ru/all-tours
/all-tours/nhatrang-enduro-tour-advanced,Аренда скутеров Далат,ru/rent-motorbike-dalat,/ru/rent-motorbike-dalat,internal,404,/all-tours/ru/rent-motorbike-dalat
/all-tours/nhatrang-enduro-tour-advanced,Аренда скутеров Нячанг,ru/rent-scooter-nhatrang,/ru/rent-scooter-nhatrang,internal,404,/all-tours/ru/rent-scooter-nhatrang
/all-tours/nhatrang-enduro-tour-advanced,/aboutourclinic,/aboutourclinic,,unavailable,404,/aboutourclinic
/all-tours/nhatrang-enduro-tour-advanced,Enduro tours in Vietnam,/,/,internal,200,/
/all-tours/nhatrang-enduro-tour-advanced,Dalat,/dalat,/dalat,internal,200,/dalat
/all-tours/nhatrang-enduro-tour-advanced,Nha Trang,/nhatrang,/nhatrang,internal,200,/nhatrang
/all-tours/nhatrang-enduro-tour-advanced,Danang,/danang,/danang,internal,200,/danang
/all-tours/nhatrang-enduro-tour-advanced,Muine,/muine,/muine,internal,200,/muine
/all-tours/nhatrang-enduro-tour-advanced,All tours,/all-tours,/all-tours,internal,200,/all-tours
/all-tours/nhatrang-enduro-tour-advanced,Scooter rental in Dalat,/rent-motorbike-dalat,/rent-motorbike-dalat,internal,200,/rent-motorbike-dalat
/all-tours/nhatrang-enduro-tour-advanced,Scooter rental in Nha Trang,/rent-scooter-nhatrang,/rent-scooter-nhatrang,internal,200,/rent-scooter-nhatrang
/all-tours/nhatrang-enduro-tour-advanced,Vietnam,https://maps.app.goo.gl/hvewF4aRPsdtciud6,https://maps.app.goo.gl/hvewF4aRPsdtciud6,external,,
/all-tours/nhatrang-enduro-tour-advanced,https://t.me/mototourvietnam,https://t.me/mototourvietnam,https://t.me/mototourvietnam,external,,
/all-tours/nhatrang-enduro-tour-advanced,https://www.instagram.com/enduro.vietnam,https://www.instagram.com/enduro.vietnam,https://www.instagram.com/enduro.vietnam,external,,
/all-tours/nhatrang-enduro-tour-advanced,https://wa.me/79994564498,https://wa.me/79994564498,https://wa.me/79994564498,external,,
/all-tours/nhatrang-enduro-tour-advanced,Enduro tours in Vietnam,/,/,internal,200,/
/all-tours/nhatrang-enduro-tour-advanced,Dalat,/dalat,/dalat,internal,200,/dalat
/all-tours/nhatrang-enduro-tour-advanced,Nha Trang,/nhatrang,/nhatrang,internal,200,/nhatrang
/all-tours/nhatrang-enduro-tour-advanced,Danang,/danang,/danang,internal,200,/danang
/all-tours/nhatrang-enduro-tour-advanced,All tours,/all-tours,/all-tours,internal,200,/all-tours
/all-tours/nhatrang-enduro-tour-advanced,Scooter rental in Dalat,/rent-motorbike-dalat,/rent-motorbike-dalat,internal,200,/rent-motorbike-dalat
/all-tours/nhatrang-enduro-tour-advanced,Мототуры по всему Вьетнаму,/ru,/ru,internal,200,/ru
/all-tours/nhatrang-enduro-tour-advanced,Аренда Dirt байков и эндуро туры в Муйне,/ru/muine,/ru/muine,internal,200,/ru/muine
/all-tours/nhatrang-enduro-tour-advanced,Аренда эндуро мотоциклов и мото туры в Далате,/ru/dalat,/ru/dalat,internal,200,/ru/dalat
/all-tours/nhatrang-enduro-tour-advanced,Эндуро туры в Нячанге,/ru/nhatrang,/ru/nhatrang,internal,200,/ru/nhatrang
/all-tours/nhatrang-enduro-tour-advanced,https://t.me/mototourvietnam,https://t.me/mototourvietnam,https://t.me/mototourvietnam,external,,
/all-tours/nhatrang-enduro-tour-advanced,https://www.instagram.com/enduro.vietnam,https://www.instagram.com/enduro.vietnam,https://www.instagram.com/enduro.vietnam,external,,
/all-tours/nhatrang-enduro-tour-advanced,https://wa.me/79994564498,https://wa.me/79994564498,https://wa.me/79994564498,external,,
/all-tours/nhatrang-enduro-tour-advanced,https://t.me/mototourvietnam,https://t.me/mototourvietnam,https://t.me/mototourvietnam,external,,
/all-tours/nhatrang-enduro-tour-advanced,Creatium,https://creatium.app,https://creatium.app,external,,
/all-tours/nhatrang-enduro-tour-one-day,/,/,/,internal,200,/
/all-tours/nhatrang-enduro-tour-one-day,All tours,/all-tours,/all-tours,internal,200,/all-tours
/all-tours/nhatrang-enduro-tour-one-day,https://t.me/mototourvietnam,https://t.me/mototourvietnam,https://t.me/mototourvietnam,external,,
/all-tours/nhatrang-enduro-tour-one-day,https://www.instagram.com/enduro.vietnam,https://www.instagram.com/enduro.vietnam,https://www.instagram.com/enduro.vietnam,external,,
/all-tours/nhatrang-enduro-tour-one-day,https://wa.me/79994564498,https://wa.me/79994564498,https://wa.me/79994564498,external,,
/all-tours/nhatrang-enduro-tour-one-day,/,/,/,internal,200,/
/all-tours/nhatrang-enduro-tour-one-day,Type: Mini-band,http://,http://,external,,
/all-tours/nhatrang-enduro-tour-one-day,Group size: 2 people,http://,http://,external,,
/all-tours/nhatrang-enduro-tour-one-day,Duration: 2.5 hours,http://,http://,external,,
/all-tours/nhatrang-enduro-tour-one-day,"Booking confirmation: record at least 2 days in advance. The organizer will confirm the booking for the date you have chosen, after which you will make a 30% prepayment.",http://,http://,external,,
/all-tours/nhatrang-enduro-tour-one-day,https://t.me/mototourvietnam,https://t.me/mototourvietnam,https://t.me/mototourvietnam,external,,
/all-tours/nhatrang-enduro-tour-one-day,https://www.instagram.com/enduro.vietnam,https://www.instagram.com/enduro.vietnam,https://www.instagram.com/enduro.vietnam,external,,
/all-tours/nhatrang-enduro-tour-one-day,https://wa.me/79994564498,https://wa.me/79994564498,https://wa.me/79994564498,external,,
/all-tours/nhatrang-enduro-tour-one-day,Enduro Vietnam,/,/,internal,200,/
/all-tours/nhatrang-enduro-tour-one-day,All tours,/all-tours,/all-tours,internal,200,/all-tours
/all-tours/nhatrang-enduro-tour-one-day,To book,https://t.me/mototourvietnam,https://t.me/mototourvietnam,external,,
/all-tours/nhatrang-enduro-tour-one-day,To book,https://t.me/mototourvietnam,https://t.me/mototourvietnam,external,,
/all-tours/nhatrang-enduro-tour-one-day,https://t.me/mototourvietnam,https://t.me/mototourvietnam,https://t.me/mototourvietnam,external,,
/all-tours/nhatrang-enduro-tour-one-day,https://www.instagram.com/enduro.vietnam,https://www.instagram.com/enduro.vietnam,https://www.instagram.com/enduro.vietnam,external,,
/all-tours/nhatrang-enduro-tour-one-day,https://wa.me/79994564498,https://wa.me/79994564498,https://wa.me/79994564498,external,,
/all-tours/nhatrang-enduro-tour-one-day,Enduro Vietnam,/,/,internal,200,/
/all-tours/nhatrang-enduro-tour-one-day,All tours,/all-tours,/all-tours,internal,200,/all-tours
/all-tours/nhatrang-enduro-tour-one-day,Watch more tours,https://enduro-vietnam.com/all-tours/,/all-tours,internal,200,/all-tours
/all-tours/nhatrang-enduro-tour-one-day,/all-tours/dalat-enduro-tour-one-day,https://enduro-vietnam.com/all-tours/dalat-enduro-tour-one-day,/all-tours/dalat-enduro-tour-one-day,internal,200,/all-tours/dalat-enduro-tour-one-day
/all-tours/nhatrang-enduro-tour-one-day,READ MORE,https://enduro-vietnam.com/all-tours/dalat-enduro-tour-one-day,/all-tours/dalat-enduro-tour-one-day,internal,200,/all-tours/dalat-enduro-tour-one-day
/all-tours/nhatrang-enduro-tour-one-day,/all-tours/dalat-enduro-tour-advanced,https://enduro-vietnam.com/all-tours/dalat-enduro-tour-advanced,/all-tours/dalat-enduro-tour-advanced,internal,200,/all-tours/dalat-enduro-tour-advanced
/all-tours/nhatrang-enduro-tour-one-day,READ MORE,https://enduro-vietnam.com/all-tours/dalat-enduro-tour-advanced,/all-tours/dalat-enduro-tour-advanced,internal,200,/all-tours/dalat-enduro-tour-advanced
/all-tours/nhatrang-enduro-tour-one-day,/all-tours/dalat-enduro-tour-two-day,https://enduro-vietnam.com/all-tours/dalat-enduro-tour-two-day,/all-tours/dalat-enduro-tour-two-day,internal,200,/all-tours/dalat-enduro-tour-two-day
/all-tours/nhatrang-enduro-tour-one-day,READ MORE,https://enduro-vietnam.com/all-tours/dalat-enduro-tour-two-day,/all-tours/dalat-enduro-tour-two-day,internal,200,/all-tours/dalat-enduro-tour-two-day
/all-tours/nhatrang-enduro-tour-one-day,/all-tours/three-day-tour-dalat-nhatrang,https://enduro-vietnam.com/all-tours/three-day-tour-dalat-nhatrang,/all-tours/three-day-tour-dalat-nhatrang,internal,200,/all-tours/three-day-tour-dalat-nhatrang
/all-tours/nhatrang-enduro-tour-one-day,READ MORE,https://enduro-vietnam.com/all-tours/three-day-tour-dalat-nhatrang,/all-tours/three-day-tour-dalat-nhatrang,internal,200,/all-tours/three-day-tour-dalat-nhatrang
/all-tours/nhatrang-enduro-tour-one-day,/all-tours/three-day-tour-dalat-muine,https://enduro-vietnam.com/all-tours/three-day-tour-dalat-muine,/all-tours/three-day-tour-dalat-muine,internal,200,/all-tours/three-day-tour-dalat-muine
/all-tours/nhatrang-enduro-tour-one-day,READ MORE,https://enduro-vietnam.com/all-tours/three-day-tour-dalat-muine,/all-tours/three-day-tour-dalat-muine,internal,200,/all-tours/three-day-tour-dalat-muine
/all-tours/nhatrang-enduro-tour-one-day,/all-tours/dalat-easy-rider-enduro-beginners,https://enduro-vietnam.com/all-tours/dalat-easy-rider-enduro-beginners,/all-tours/dalat-easy-rider-enduro-beginners,internal,200,/all-tours/dalat-easy-rider-enduro-beginners
/all-tours/nhatrang-enduro-tour-one-day,READ MORE,https://enduro-vietnam.com/all-tours/dalat-easy-rider-enduro-beginners,/all-tours/dalat-easy-rider-enduro-beginners,internal,200,/all-tours/dalat-easy-rider-enduro-beginners
/all-tours/nhatrang-enduro-tour-one-day,/all-tours/nhatrang-enduro-tour-one-day,https://enduro-vietnam.com/all-tours/nhatrang-enduro-tour-one-day,/all-tours/nhatrang-enduro-tour-one-day,internal,200,/all-tours/nhatrang-enduro-tour-one-day
/all-tours/nhatrang-enduro-tour-one-day,READ MORE,https://enduro-vietnam.com/all-tours/nhatrang-enduro-tour-one-day,/all-tours/nhatrang-enduro-tour-one-day,internal,200,/all-tours/nhatrang-enduro-tour-one-day
/all-tours/nhatrang-enduro-tour-one-day,/all-tours/nhatrang-enduro-tour-advanced,https://enduro-vietnam.com/all-tours/nhatrang-enduro-tour-advanced,/all-tours/nhatrang-enduro-tour-advanced,internal,200,/all-tours/nhatrang-enduro-tour-advanced
/all-tours/nhatrang-enduro-tour-one-day,READ MORE,https://enduro-vietnam.com/all-tours/nhatrang-enduro-tour-advanced,/all-tours/nhatrang-enduro-tour-advanced,internal,200,/all-tours/nhatrang-enduro-tour-advanced
/all-tours/nhatrang-enduro-tour-one-day,/all-tours/motorbike-tour-south-vietnam-4-days,https://enduro-vietnam.com/all-tours/motorbike-tour-south-vietnam-4-days,/all-tours/motorbike-tour-south-vietnam-4-days,internal,200,/all-tours/motorbike-tour-south-vietnam-4-days
/all-tours/nhatrang-enduro-tour-one-day,READ MORE,https://enduro-vietnam.com/all-tours/motorbike-tour-south-vietnam-4-days,/all-tours/motorbike-tour-south-vietnam-4-days,internal,200,/all-tours/motorbike-tour-south-vietnam-4-days
/all-tours/nhatrang-enduro-tour-one-day,Watch more tours,https://enduro-vietnam.com/all-tours/,/all-tours,internal,200,/all-tours
/all-tours/nhatrang-enduro-tour-one-day,TO BOOK,https://t.me/mototourvietnam,https://t.me/mototourvietnam,external,,
/all-tours/nhatrang-enduro-tour-one-day,READ MORE,https://enduro-vietnam.com/all-tours/dalat-enduro-tour-one-day,/all-tours/dalat-enduro-tour-one-day,internal,200,/all-tours/dalat-enduro-tour-one-day
/all-tours/nhatrang-enduro-tour-one-day,TO BOOK,https://t.me/mototourvietnam,https://t.me/mototourvietnam,external,,
/all-tours/nhatrang-enduro-tour-one-day,READ MORE,https://enduro-vietnam.com/all-tours/dalat-enduro-tour-advanced,/all-tours/dalat-enduro-tour-advanced,internal,200,/all-tours/dalat-enduro-tour-advanced
/all-tours/nhatrang-enduro-tour-one-day,TO BOOK,https://t.me/mototourvietnam,https://t.me/mototourvietnam,external,,
/all-tours/nhatrang-enduro-tour-one-day,READ MORE,https://enduro-vietnam.com/all-tours/dalat-enduro-tour-two-day,/all-tours/dalat-enduro-tour-two-day,internal,200,/all-tours/dalat-enduro-tour-two-day
/all-tours/nhatrang-enduro-tour-one-day,TO BOOK,https://t.me/mototourvietnam,https://t.me/mototourvietnam,external,,
/all-tours/nhatrang-enduro-tour-one-day,READ MORE,https://enduro-vietnam.com/all-tours/three-day-tour-dalat-nhatrang,/all-tours/three-day-tour-dalat-nhatrang,internal,200,/all-tours/three-day-tour-dalat-nhatrang
/all-tours/nhatrang-enduro-tour-one-day,TO BOOK,https://t.me/mototourvietnam,https://t.me/mototourvietnam,external,,
/all-tours/nhatrang-enduro-tour-one-day,READ MORE,https://enduro-vietnam.com/all-tours/three-day-tour-dalat-muine,/all-tours/three-day-tour-dalat-muine,internal,200,/all-tours/three-day-tour-dalat-muine
/all-tours/nhatrang-enduro-tour-one-day,TO BOOK,https://t.me/mototourvietnam,https://t.me/mototourvietnam,external,,
/all-tours/nhatrang-enduro-tour-one-day,READ MORE,https://enduro-vietnam.com/all-tours/dalat-easy-rider-enduro-beginners,/all-tours/dalat-easy-rider-enduro-beginners,internal,200,/all-tours/dalat-easy-rider-enduro-beginners
/all-tours/nhatrang-enduro-tour-one-day,TO BOOK,https://t.me/mototourvietnam,https://t.me/mototourvietnam,external,,
/all-tours/nhatrang-enduro-tour-one-day,READ MORE,https://enduro-vietnam.com/all-tours/nhatrang-enduro-tour-one-day,/all-tours/nhatrang-enduro-tour-one-day,internal,200,/all-tours/nhatrang-enduro-tour-one-day
/all-tours/nhatrang-enduro-tour-one-day,TO BOOK,https://t.me/mototourvietnam,https://t.me/mototourvietnam,external,,
/all-tours/nhatrang-enduro-tour-one-day,READ MORE,https://enduro-vietnam.com/all-tours/nhatrang-enduro-tour-advanced,/all-tours/nhatrang-enduro-tour-advanced,internal,200,/all-tours/nhatrang-enduro-tour-advanced
/all-tours/nhatrang-enduro-tour-one-day,TO BOOK,https://t.me/mototourvietnam,https://t.me/mototourvietnam,external,,
/all-tours/nhatrang-enduro-tour-one-day,READ MORE,https://enduro-vietnam.com/all-tours/motorbike-tour-south-vietnam-4-days,/all-tours/motorbike-tour-south-vietnam-4-days,internal,200,/all-tours/motorbike-tour-south-vietnam-4-days
/all-tours/nhatrang-enduro-tour-one-day,TO BOOK,https://t.me/mototourvietnam,https://t.me/mototourvietnam,external,,
/all-tours/nhatrang-enduro-tour-one-day,READ MORE,https://enduro-vietnam.com/all-tours/5-day-motorbike-tour-from-saigon-ho-chi-minh-city,/all-tours/5-day-motorbike-tour-from-saigon-ho-chi-minh-city,internal,200,/all-tours/5-day-motorbike-tour-from-saigon-ho-chi-minh-city
/all-tours/nhatrang-enduro-tour-one-day,TO BOOK,https://t.me/mototourvietnam,https://t.me/mototourvietnam,external,,
/all-tours/nhatrang-enduro-tour-one-day,READ MORE,https://enduro-vietnam.com/all-tours/mekong-delta-and-coastline-vietnam-motorbike-tour-6-days,/all-tours/mekong-delta-and-coastline-vietnam-motorbike-tour-6-days,internal,200,/all-tours/mekong-delta-and-coastline-vietnam-motorbike-tour-6-days
/all-tours/nhatrang-enduro-tour-one-day,TO BOOK,https://t.me/mototourvietnam,https://t.me/mototourvietnam,external,,
/all-tours/nhatrang-enduro-tour-one-day,READ MORE,https://enduro-vietnam.com/all-tours/motorcycle-tour-on-coastline-and-highlands-vietnam-7-days,/all-tours/motorcycle-tour-on-coastline-and-highlands-vietnam-7-days,internal,200,/all-tours/motorcycle-tour-on-coastline-and-highlands-vietnam-7-days
/all-tours/nhatrang-enduro-tour-one-day,TO BOOK,https://t.me/mototourvietnam,https://t.me/mototourvietnam,external,,
/all-tours/nhatrang-enduro-tour-one-day,READ MORE,https://enduro-vietnam.com/all-tours/saigon-motorbike-tour-10-days,/all-tours/saigon-motorbike-tour-10-days,internal,200,/all-tours/saigon-motorbike-tour-10-days
/all-tours/nhatrang-enduro-tour-one-day,TO BOOK,https://t.me/mototourvietnam,https://t.me/mototourvietnam,external,,
/all-tours/nhatrang-enduro-tour-one-day,READ MORE,https://enduro-vietnam.com/all-tours/south-vietnam-motorbike-tour-7-days,/all-tours/south-vietnam-motorbike-tour-7-days,internal,200,/all-tours/south-vietnam-motorbike-tour-7-days
/all-tours/nhatrang-enduro-tour-one-day,/all-tours/dalat-enduro-tour-one-day,https://enduro-vietnam.com/all-tours/dalat-enduro-tour-one-day,/all-tours/dalat-enduro-tour-one-day,internal,200,/all-tours/dalat-enduro-tour-one-day
/all-tours/nhatrang-enduro-tour-one-day,READ MORE,https://enduro-vietnam.com/all-tours/dalat-enduro-tour-one-day,/all-tours/dalat-enduro-tour-one-day,internal,200,/all-tours/dalat-enduro-tour-one-day
/all-tours/nhatrang-enduro-tour-one-day,/all-tours/dalat-enduro-tour-advanced,https://enduro-vietnam.com/all-tours/dalat-enduro-tour-advanced,/all-tours/dalat-enduro-tour-advanced,internal,200,/all-tours/dalat-enduro-tour-advanced
/all-tours/nhatrang-enduro-tour-one-day,READ MORE,https://enduro-vietnam.com/all-tours/dalat-enduro-tour-advanced,/all-tours/dalat-enduro-tour-advanced,internal,200,/all-tours/dalat-enduro-tour-advanced
/all-tours/nhatrang-enduro-tour-one-day,/all-tours/dalat-enduro-tour-two-day,https://enduro-vietnam.com/all-tours/dalat-enduro-tour-two-day,/all-tours/dalat-enduro-tour-two-day,internal,200,/all-tours/dalat-enduro-tour-two-day
/all-tours/nhatrang-enduro-tour-one-day,READ MORE,https://enduro-vietnam.com/all-tours/dalat-enduro-tour-two-day,/all-tours/dalat-enduro-tour-two-day,internal,200,/all-tours/dalat-enduro-tour-two-day
/all-tours/nhatrang-enduro-tour-one-day,/all-tours/three-day-tour-dalat-nhatrang,https://enduro-vietnam.com/all-tours/three-day-tour-dalat-nhatrang,/all-tours/three-day-tour-dalat-nhatrang,internal,200,/all-tours/three-day-tour-dalat-nhatrang
/all-tours/nhatrang-enduro-tour-one-day,READ MORE,https://enduro-vietnam.com/all-tours/three-day-tour-dalat-nhatrang,/all-tours/three-day-tour-dalat-nhatrang,internal,200,/all-tours/three-day-tour-dalat-nhatrang
/all-tours/nhatrang-enduro-tour-one-day,/all-tours/three-day-tour-dalat-muine,https://enduro-vietnam.com/all-tours/three-day-tour-dalat-muine,/all-tours/three-day-tour-dalat-muine,internal,200,/all-tours/three-day-tour-dalat-muine
/all-tours/nhatrang-enduro-tour-one-day,READ MORE,https://enduro-vietnam.com/all-tours/three-day-tour-dalat-muine,/all-tours/three-day-tour-dalat-muine,internal,200,/all-tours/three-day-tour-dalat-muine
/all-tours/nhatrang-enduro-tour-one-day,/all-tours/dalat-easy-rider-enduro-beginners,https://enduro-vietnam.com/all-tours/dalat-easy-rider-enduro-beginners,/all-tours/dalat-easy-rider-enduro-beginners,internal,200,/all-tours/dalat-easy-rider-enduro-beginners
/all-tours/nhatrang-enduro-tour-one-day,READ MORE,https://enduro-vietnam.com/all-tours/dalat-easy-rider-enduro-beginners,/all-tours/dalat-easy-rider-enduro-beginners,internal,200,/all-tours/dalat-easy-rider-enduro-beginners
/all-tours/nhatrang-enduro-tour-one-day,/all-tours/nhatrang-enduro-tour-one-day,https://enduro-vietnam.com/all-tours/nhatrang-enduro-tour-one-day,/all-tours/nhatrang-enduro-tour-one-day,internal,200,/all-tours/nhatrang-enduro-tour-one-day
/all-tours/nhatrang-enduro-tour-one-day,READ MORE,https://enduro-vietnam.com/all-tours/nhatrang-enduro-tour-one-day,/all-tours/nhatrang-enduro-tour-one-day,internal,200,/all-tours/nhatrang-enduro-tour-one-day
/all-tours/nhatrang-enduro-tour-one-day,/all-tours/nhatrang-enduro-tour-advanced,https://enduro-vietnam.com/all-tours/nhatrang-enduro-tour-advanced,/all-tours/nhatrang-enduro-tour-advanced,internal,200,/all-tours/nhatrang-enduro-tour-advanced
/all-tours/nhatrang-enduro-tour-one-day,READ MORE,https://enduro-vietnam.com/all-tours/nhatrang-enduro-tour-advanced,/all-tours/nhatrang-enduro-tour-advanced,internal,200,/all-tours/nhatrang-enduro-tour-advanced
/all-tours/nhatrang-enduro-tour-one-day,/all-tours/motorbike-tour-south-vietnam-4-days,https://enduro-vietnam.com/all-tours/motorbike-tour-south-vietnam-4-days,/all-tours/motorbike-tour-south-vietnam-4-days,internal,200,/all-tours/motorbike-tour-south-vietnam-4-days
/all-tours/nhatrang-enduro-tour-one-day,READ MORE,https://enduro-vietnam.com/all-tours/motorbike-tour-south-vietnam-4-days,/all-tours/motorbike-tour-south-vietnam-4-days,internal,200,/all-tours/motorbike-tour-south-vietnam-4-days
/all-tours/nhatrang-enduro-tour-one-day,/all-tours/5-day-motorbike-tour-from-saigon-ho-chi-minh-city,https://enduro-vietnam.com/all-tours/5-day-motorbike-tour-from-saigon-ho-chi-minh-city,/all-tours/5-day-motorbike-tour-from-saigon-ho-chi-minh-city,internal,200,/all-tours/5-day-motorbike-tour-from-saigon-ho-chi-minh-city
/all-tours/nhatrang-enduro-tour-one-day,READ MORE,https://enduro-vietnam.com/all-tours/5-day-motorbike-tour-from-saigon-ho-chi-minh-city,/all-tours/5-day-motorbike-tour-from-saigon-ho-chi-minh-city,internal,200,/all-tours/5-day-motorbike-tour-from-saigon-ho-chi-minh-city
/all-tours/nhatrang-enduro-tour-one-day,/all-tours/mekong-delta-and-coastline-vietnam-motorbike-tour-6-days,https://enduro-vietnam.com/all-tours/mekong-delta-and-coastline-vietnam-motorbike-tour-6-days,/all-tours/mekong-delta-and-coastline-vietnam-motorbike-tour-6-days,internal,200,/all-tours/mekong-delta-and-coastline-vietnam-motorbike-tour-6-days
/all-tours/nhatrang-enduro-tour-one-day,READ MORE,https://enduro-vietnam.com/all-tours/mekong-delta-and-coastline-vietnam-motorbike-tour-6-days,/all-tours/mekong-delta-and-coastline-vietnam-motorbike-tour-6-days,internal,200,/all-tours/mekong-delta-and-coastline-vietnam-motorbike-tour-6-days
/all-tours/nhatrang-enduro-tour-one-day,/all-tours/motorcycle-tour-on-coastline-and-highlands-vietnam-7-days,https://enduro-vietnam.com/all-tours/motorcycle-tour-on-coastline-and-highlands-vietnam-7-days,/all-tours/motorcycle-tour-on-coastline-and-highlands-vietnam-7-days,internal,200,/all-tours/motorcycle-tour-on-coastline-and-highlands-vietnam-7-days
/all-tours/nhatrang-enduro-tour-one-day,READ MORE,https://enduro-vietnam.com/all-tours/motorcycle-tour-on-coastline-and-highlands-vietnam-7-days,/all-tours/motorcycle-tour-on-coastline-and-highlands-vietnam-7-days,internal,200,/all-tours/motorcycle-tour-on-coastline-and-highlands-vietnam-7-days
/all-tours/nhatrang-enduro-tour-one-day,/all-tours/saigon-motorbike-tour-10-days,https://enduro-vietnam.com/all-tours/saigon-motorbike-tour-10-days,/all-tours/saigon-motorbike-tour-10-days,internal,200,/all-tours/saigon-motorbike-tour-10-days
/all-tours/nhatrang-enduro-tour-one-day,READ MORE,https://enduro-vietnam.com/all-tours/saigon-motorbike-tour-10-days,/all-tours/saigon-motorbike-tour-10-days,internal,200,/all-tours/saigon-motorbike-tour-10-days
/all-tours/nhatrang-enduro-tour-one-day,/all-tours/south-vietnam-motorbike-tour-7-days,https://enduro-vietnam.com/all-tours/south-vietnam-motorbike-tour-7-days,/all-tours/south-vietnam-motorbike-tour-7-days,internal,200,/all-tours/south-vietnam-motorbike-tour-7-days
/all-tours/nhatrang-enduro-tour-one-day,READ MORE,https://enduro-vietnam.com/all-tours/south-vietnam-motorbike-tour-7-days,/all-tours/south-vietnam-motorbike-tour-7-days,internal,200,/all-tours/south-vietnam-motorbike-tour-7-days
/all-tours/nhatrang-enduro-tour-one-day,https://t.me/mototourvietnam,https://t.me/mototourvietnam,https://t.me/mototourvietnam,external,,
/all-tours/nhatrang-enduro-tour-one-day,https://www.instagram.com/enduro.vietnam,https://www.instagram.com/enduro.vietnam,https://www.instagram.com/enduro.vietnam,external,,
/all-tours/nhatrang-enduro-tour-one-day,https://wa.me/79994564498,https://wa.me/79994564498,https://wa.me/79994564498,external,,
/all-tours/nhatrang-enduro-tour-one-day,https://t.me/mototourvietnam,https://t.me/mototourvietnam,https://t.me/mototourvietnam,external,,
/all-tours/nhatrang-enduro-tour-one-day,https://www.instagram.com/enduro.vietnam,https://www.instagram.com/enduro.vietnam,https://www.instagram.com/enduro.vietnam,external,,
/all-tours/nhatrang-enduro-tour-one-day,https://wa.me/79994564498,https://wa.me/79994564498,https://wa.me/79994564498,external,,
/all-tours/nhatrang-enduro-tour-one-day,https://t.me/mototourvietnam,https://t.me/mototourvietnam,https://t.me/mototourvietnam,external,,
/all-tours/nhatrang-enduro-tour-one-day,https://www.instagram.com/enduro.vietnam,https://www.instagram.com/enduro.vietnam,https://www.instagram.com/enduro.vietnam,external,,
/all-tours/nhatrang-enduro-tour-one-day,https://wa.me/79994564498,https://wa.me/79994564498,https://wa.me/79994564498,external,,
/all-tours/nhatrang-enduro-tour-one-day,https://t.me/mototourvietnam,https://t.me/mototourvietnam,https://t.me/mototourvietnam,external,,
/all-tours/nhatrang-enduro-tour-one-day,https://www.instagram.com/enduro.vietnam,https://www.instagram.com/enduro.vietnam,https://www.instagram.com/enduro.vietnam,external,,
/all-tours/nhatrang-enduro-tour-one-day,https://wa.me/79994564498,https://wa.me/79994564498,https://wa.me/79994564498,external,,
/all-tours/nhatrang-enduro-tour-one-day,https://t.me/mototourvietnam,https://t.me/mototourvietnam,https://t.me/mototourvietnam,external,,
/all-tours/nhatrang-enduro-tour-one-day,https://www.instagram.com/enduro.vietnam,https://www.instagram.com/enduro.vietnam,https://www.instagram.com/enduro.vietnam,external,,
/all-tours/nhatrang-enduro-tour-one-day,https://wa.me/79994564498,https://wa.me/79994564498,https://wa.me/79994564498,external,,
/all-tours/nhatrang-enduro-tour-one-day,logo YouTube,https://youtube.com/@enduro.vietnam?si=FDMtZYMkF863JBpP,https://youtube.com/@enduro.vietnam?si=FDMtZYMkF863JBpP,external,,
/all-tours/nhatrang-enduro-tour-one-day,youtube.com/@enduro.vietnam,https://youtube.com/@enduro.vietnam?si=FDMtZYMkF863JBpP,https://youtube.com/@enduro.vietnam?si=FDMtZYMkF863JBpP,external,,
/all-tours/nhatrang-enduro-tour-one-day,logo Instagram,https://www.instagram.com/enduro.vietnam/,https://www.instagram.com/enduro.vietnam/,external,,
/all-tours/nhatrang-enduro-tour-one-day,instagram.com/enduro.vietnam,https://www.instagram.com/enduro.vietnam/,https://www.instagram.com/enduro.vietnam/,external,,
/all-tours/nhatrang-enduro-tour-one-day,processing of personal data,/privacy,/privacy,internal,200,/privacy
/all-tours/nhatrang-enduro-tour-one-day,Главная страница,/ru,/ru,internal,200,/ru
/all-tours/nhatrang-enduro-tour-one-day,Эндуро туры в Далате,/ru/dalat,/ru/dalat,internal,200,/ru/dalat
/all-tours/nhatrang-enduro-tour-one-day,Эндуро туры в Нячанге,/ru/nhatrang,/ru/nhatrang,internal,200,/ru/nhatrang
/all-tours/nhatrang-enduro-tour-one-day,Эндуро туры в Дананге,/ru/danang,/ru/danang,internal,200,/ru/danang
/all-tours/nhatrang-enduro-tour-one-day,Эндуро туры в Муйне,/ru/muine,/ru/muine,internal,200,/ru/muine
/all-tours/nhatrang-enduro-tour-one-day,Все туры,/ru/all-tours,/ru/all-tours,internal,200,/ru/all-tours
/all-tours/nhatrang-enduro-tour-one-day,Аренда скутеров Далат,ru/rent-motorbike-dalat,/ru/rent-motorbike-dalat,internal,404,/all-tours/ru/rent-motorbike-dalat
/all-tours/nhatrang-enduro-tour-one-day,Аренда скутеров Нячанг,ru/rent-scooter-nhatrang,/ru/rent-scooter-nhatrang,internal,404,/all-tours/ru/rent-scooter-nhatrang
/all-tours/nhatrang-enduro-tour-one-day,/aboutourclinic,/aboutourclinic,,unavailable,404,/aboutourclinic
/all-tours/nhatrang-enduro-tour-one-day,Enduro tours in Vietnam,/,/,internal,200,/
/all-tours/nhatrang-enduro-tour-one-day,Dalat,/dalat,/dalat,internal,200,/dalat
/all-tours/nhatrang-enduro-tour-one-day,Nha Trang,/nhatrang,/nhatrang,internal,200,/nhatrang
/all-tours/nhatrang-enduro-tour-one-day,Danang,/danang,/danang,internal,200,/danang
/all-tours/nhatrang-enduro-tour-one-day,Muine,/muine,/muine,internal,200,/muine
/all-tours/nhatrang-enduro-tour-one-day,All tours,/all-tours,/all-tours,internal,200,/all-tours
/all-tours/nhatrang-enduro-tour-one-day,Scooter rental in Dalat,/rent-motorbike-dalat,/rent-motorbike-dalat,internal,200,/rent-motorbike-dalat
/all-tours/nhatrang-enduro-tour-one-day,Scooter rental in Nha Trang,/rent-scooter-nhatrang,/rent-scooter-nhatrang,internal,200,/rent-scooter-nhatrang
/all-tours/nhatrang-enduro-tour-one-day,Vietnam,https://maps.app.goo.gl/hvewF4aRPsdtciud6,https://maps.app.goo.gl/hvewF4aRPsdtciud6,external,,
/all-tours/nhatrang-enduro-tour-one-day,https://t.me/mototourvietnam,https://t.me/mototourvietnam,https://t.me/mototourvietnam,external,,
/all-tours/nhatrang-enduro-tour-one-day,https://www.instagram.com/enduro.vietnam,https://www.instagram.com/enduro.vietnam,https://www.instagram.com/enduro.vietnam,external,,
/all-tours/nhatrang-enduro-tour-one-day,https://wa.me/79994564498,https://wa.me/79994564498,https://wa.me/79994564498,external,,
/all-tours/nhatrang-enduro-tour-one-day,Enduro tours in Vietnam,/,/,internal,200,/
/all-tours/nhatrang-enduro-tour-one-day,Dalat,/dalat,/dalat,internal,200,/dalat
/all-tours/nhatrang-enduro-tour-one-day,Nha Trang,/nhatrang,/nhatrang,internal,200,/nhatrang
/all-tours/nhatrang-enduro-tour-one-day,Danang,/danang,/danang,internal,200,/danang
/all-tours/nhatrang-enduro-tour-one-day,All tours,/all-tours,/all-tours,internal,200,/all-tours
/all-tours/nhatrang-enduro-tour-one-day,Scooter rental in Dalat,/rent-motorbike-dalat,/rent-motorbike-dalat,internal,200,/rent-motorbike-dalat
/all-tours/nhatrang-enduro-tour-one-day,Мототуры по всему Вьетнаму,/ru,/ru,internal,200,/ru
/all-tours/nhatrang-enduro-tour-one-day,Аренда Dirt байков и эндуро туры в Муйне,/ru/muine,/ru/muine,internal,200,/ru/muine
/all-tours/nhatrang-enduro-tour-one-day,Аренда эндуро мотоциклов и мото туры в Далате,/ru/dalat,/ru/dalat,internal,200,/ru/dalat
/all-tours/nhatrang-enduro-tour-one-day,Эндуро туры в Нячанге,/ru/nhatrang,/ru/nhatrang,internal,200,/ru/nhatrang
/all-tours/nhatrang-enduro-tour-one-day,https://t.me/mototourvietnam,https://t.me/mototourvietnam,https://t.me/mototourvietnam,external,,
/all-tours/nhatrang-enduro-tour-one-day,https://www.instagram.com/enduro.vietnam,https://www.instagram.com/enduro.vietnam,https://www.instagram.com/enduro.vietnam,external,,
/all-tours/nhatrang-enduro-tour-one-day,https://wa.me/79994564498,https://wa.me/79994564498,https://wa.me/79994564498,external,,
/all-tours/nhatrang-enduro-tour-one-day,https://t.me/mototourvietnam,https://t.me/mototourvietnam,https://t.me/mototourvietnam,external,,
/all-tours/nhatrang-enduro-tour-one-day,Creatium,https://creatium.app,https://creatium.app,external,,
/all-tours/saigon-motorbike-tour-10-days,/,/,/,internal,200,/
/all-tours/saigon-motorbike-tour-10-days,All tours,/all-tours,/all-tours,internal,200,/all-tours
/all-tours/saigon-motorbike-tour-10-days,https://t.me/mototourvietnam,https://t.me/mototourvietnam,https://t.me/mototourvietnam,external,,
/all-tours/saigon-motorbike-tour-10-days,https://www.instagram.com/enduro.vietnam,https://www.instagram.com/enduro.vietnam,https://www.instagram.com/enduro.vietnam,external,,
/all-tours/saigon-motorbike-tour-10-days,https://wa.me/79994564498,https://wa.me/79994564498,https://wa.me/79994564498,external,,
/all-tours/saigon-motorbike-tour-10-days,/,/,/,internal,200,/
/all-tours/saigon-motorbike-tour-10-days,Type: Mini-band,http://,http://,external,,
/all-tours/saigon-motorbike-tour-10-days,Group size: 4 people,http://,http://,external,,
/all-tours/saigon-motorbike-tour-10-days,Duration: 10 days,http://,http://,external,,
/all-tours/saigon-motorbike-tour-10-days,"Booking confirmation: record at least 2 days in advance. The organizer will confirm the booking for the date you have chosen, after which you will make a 30% prepayment.",http://,http://,external,,
/all-tours/saigon-motorbike-tour-10-days,https://t.me/mototourvietnam,https://t.me/mototourvietnam,https://t.me/mototourvietnam,external,,
/all-tours/saigon-motorbike-tour-10-days,https://www.instagram.com/enduro.vietnam,https://www.instagram.com/enduro.vietnam,https://www.instagram.com/enduro.vietnam,external,,
/all-tours/saigon-motorbike-tour-10-days,https://wa.me/79994564498,https://wa.me/79994564498,https://wa.me/79994564498,external,,
/all-tours/saigon-motorbike-tour-10-days,Enduro Vietnam,/,/,internal,200,/
/all-tours/saigon-motorbike-tour-10-days,All tours,/all-tours,/all-tours,internal,200,/all-tours
/all-tours/saigon-motorbike-tour-10-days,To book,https://t.me/mototourvietnam,https://t.me/mototourvietnam,external,,
/all-tours/saigon-motorbike-tour-10-days,To book,https://t.me/mototourvietnam,https://t.me/mototourvietnam,external,,
/all-tours/saigon-motorbike-tour-10-days,https://t.me/mototourvietnam,https://t.me/mototourvietnam,https://t.me/mototourvietnam,external,,
/all-tours/saigon-motorbike-tour-10-days,https://www.instagram.com/enduro.vietnam,https://www.instagram.com/enduro.vietnam,https://www.instagram.com/enduro.vietnam,external,,
/all-tours/saigon-motorbike-tour-10-days,https://wa.me/79994564498,https://wa.me/79994564498,https://wa.me/79994564498,external,,
/all-tours/saigon-motorbike-tour-10-days,Enduro Vietnam,/,/,internal,200,/
/all-tours/saigon-motorbike-tour-10-days,All tours,/all-tours,/all-tours,internal,200,/all-tours
/all-tours/saigon-motorbike-tour-10-days,Watch more tours,https://enduro-vietnam.com/all-tours/,/all-tours,internal,200,/all-tours
/all-tours/saigon-motorbike-tour-10-days,/all-tours/dalat-enduro-tour-one-day,https://enduro-vietnam.com/all-tours/dalat-enduro-tour-one-day,/all-tours/dalat-enduro-tour-one-day,internal,200,/all-tours/dalat-enduro-tour-one-day
/all-tours/saigon-motorbike-tour-10-days,READ MORE,https://enduro-vietnam.com/all-tours/dalat-enduro-tour-one-day,/all-tours/dalat-enduro-tour-one-day,internal,200,/all-tours/dalat-enduro-tour-one-day
/all-tours/saigon-motorbike-tour-10-days,/all-tours/dalat-enduro-tour-advanced,https://enduro-vietnam.com/all-tours/dalat-enduro-tour-advanced,/all-tours/dalat-enduro-tour-advanced,internal,200,/all-tours/dalat-enduro-tour-advanced
/all-tours/saigon-motorbike-tour-10-days,READ MORE,https://enduro-vietnam.com/all-tours/dalat-enduro-tour-advanced,/all-tours/dalat-enduro-tour-advanced,internal,200,/all-tours/dalat-enduro-tour-advanced
/all-tours/saigon-motorbike-tour-10-days,/all-tours/dalat-enduro-tour-two-day,https://enduro-vietnam.com/all-tours/dalat-enduro-tour-two-day,/all-tours/dalat-enduro-tour-two-day,internal,200,/all-tours/dalat-enduro-tour-two-day
/all-tours/saigon-motorbike-tour-10-days,READ MORE,https://enduro-vietnam.com/all-tours/dalat-enduro-tour-two-day,/all-tours/dalat-enduro-tour-two-day,internal,200,/all-tours/dalat-enduro-tour-two-day
/all-tours/saigon-motorbike-tour-10-days,/all-tours/three-day-tour-dalat-nhatrang,https://enduro-vietnam.com/all-tours/three-day-tour-dalat-nhatrang,/all-tours/three-day-tour-dalat-nhatrang,internal,200,/all-tours/three-day-tour-dalat-nhatrang
/all-tours/saigon-motorbike-tour-10-days,READ MORE,https://enduro-vietnam.com/all-tours/three-day-tour-dalat-nhatrang,/all-tours/three-day-tour-dalat-nhatrang,internal,200,/all-tours/three-day-tour-dalat-nhatrang
/all-tours/saigon-motorbike-tour-10-days,/all-tours/three-day-tour-dalat-muine,https://enduro-vietnam.com/all-tours/three-day-tour-dalat-muine,/all-tours/three-day-tour-dalat-muine,internal,200,/all-tours/three-day-tour-dalat-muine
/all-tours/saigon-motorbike-tour-10-days,READ MORE,https://enduro-vietnam.com/all-tours/three-day-tour-dalat-muine,/all-tours/three-day-tour-dalat-muine,internal,200,/all-tours/three-day-tour-dalat-muine
/all-tours/saigon-motorbike-tour-10-days,/all-tours/dalat-easy-rider-enduro-beginners,https://enduro-vietnam.com/all-tours/dalat-easy-rider-enduro-beginners,/all-tours/dalat-easy-rider-enduro-beginners,internal,200,/all-tours/dalat-easy-rider-enduro-beginners
/all-tours/saigon-motorbike-tour-10-days,READ MORE,https://enduro-vietnam.com/all-tours/dalat-easy-rider-enduro-beginners,/all-tours/dalat-easy-rider-enduro-beginners,internal,200,/all-tours/dalat-easy-rider-enduro-beginners
/all-tours/saigon-motorbike-tour-10-days,/all-tours/nhatrang-enduro-tour-one-day,https://enduro-vietnam.com/all-tours/nhatrang-enduro-tour-one-day,/all-tours/nhatrang-enduro-tour-one-day,internal,200,/all-tours/nhatrang-enduro-tour-one-day
/all-tours/saigon-motorbike-tour-10-days,READ MORE,https://enduro-vietnam.com/all-tours/nhatrang-enduro-tour-one-day,/all-tours/nhatrang-enduro-tour-one-day,internal,200,/all-tours/nhatrang-enduro-tour-one-day
/all-tours/saigon-motorbike-tour-10-days,/all-tours/nhatrang-enduro-tour-advanced,https://enduro-vietnam.com/all-tours/nhatrang-enduro-tour-advanced,/all-tours/nhatrang-enduro-tour-advanced,internal,200,/all-tours/nhatrang-enduro-tour-advanced
/all-tours/saigon-motorbike-tour-10-days,READ MORE,https://enduro-vietnam.com/all-tours/nhatrang-enduro-tour-advanced,/all-tours/nhatrang-enduro-tour-advanced,internal,200,/all-tours/nhatrang-enduro-tour-advanced
/all-tours/saigon-motorbike-tour-10-days,/all-tours/motorbike-tour-south-vietnam-4-days,https://enduro-vietnam.com/all-tours/motorbike-tour-south-vietnam-4-days,/all-tours/motorbike-tour-south-vietnam-4-days,internal,200,/all-tours/motorbike-tour-south-vietnam-4-days
/all-tours/saigon-motorbike-tour-10-days,READ MORE,https://enduro-vietnam.com/all-tours/motorbike-tour-south-vietnam-4-days,/all-tours/motorbike-tour-south-vietnam-4-days,internal,200,/all-tours/motorbike-tour-south-vietnam-4-days
/all-tours/saigon-motorbike-tour-10-days,Watch more tours,https://enduro-vietnam.com/all-tours/,/all-tours,internal,200,/all-tours
/all-tours/saigon-motorbike-tour-10-days,TO BOOK,https://t.me/mototourvietnam,https://t.me/mototourvietnam,external,,
/all-tours/saigon-motorbike-tour-10-days,READ MORE,https://enduro-vietnam.com/all-tours/dalat-enduro-tour-one-day,/all-tours/dalat-enduro-tour-one-day,internal,200,/all-tours/dalat-enduro-tour-one-day
/all-tours/saigon-motorbike-tour-10-days,TO BOOK,https://t.me/mototourvietnam,https://t.me/mototourvietnam,external,,
/all-tours/saigon-motorbike-tour-10-days,READ MORE,https://enduro-vietnam.com/all-tours/dalat-enduro-tour-advanced,/all-tours/dalat-enduro-tour-advanced,internal,200,/all-tours/dalat-enduro-tour-advanced
/all-tours/saigon-motorbike-tour-10-days,TO BOOK,https://t.me/mototourvietnam,https://t.me/mototourvietnam,external,,
/all-tours/saigon-motorbike-tour-10-days,READ MORE,https://enduro-vietnam.com/all-tours/dalat-enduro-tour-two-day,/all-tours/dalat-enduro-tour-two-day,internal,200,/all-tours/dalat-enduro-tour-two-day
/all-tours/saigon-motorbike-tour-10-days,TO BOOK,https://t.me/mototourvietnam,https://t.me/mototourvietnam,external,,
/all-tours/saigon-motorbike-tour-10-days,READ MORE,https://enduro-vietnam.com/all-tours/three-day-tour-dalat-nhatrang,/all-tours/three-day-tour-dalat-nhatrang,internal,200,/all-tours/three-day-tour-dalat-nhatrang
/all-tours/saigon-motorbike-tour-10-days,TO BOOK,https://t.me/mototourvietnam,https://t.me/mototourvietnam,external,,
/all-tours/saigon-motorbike-tour-10-days,READ MORE,https://enduro-vietnam.com/all-tours/three-day-tour-dalat-muine,/all-tours/three-day-tour-dalat-muine,internal,200,/all-tours/three-day-tour-dalat-muine
/all-tours/saigon-motorbike-tour-10-days,TO BOOK,https://t.me/mototourvietnam,https://t.me/mototourvietnam,external,,
/all-tours/saigon-motorbike-tour-10-days,READ MORE,https://enduro-vietnam.com/all-tours/dalat-easy-rider-enduro-beginners,/all-tours/dalat-easy-rider-enduro-beginners,internal,200,/all-tours/dalat-easy-rider-enduro-beginners
/all-tours/saigon-motorbike-tour-10-days,TO BOOK,https://t.me/mototourvietnam,https://t.me/mototourvietnam,external,,
/all-tours/saigon-motorbike-tour-10-days,READ MORE,https://enduro-vietnam.com/all-tours/nhatrang-enduro-tour-one-day,/all-tours/nhatrang-enduro-tour-one-day,internal,200,/all-tours/nhatrang-enduro-tour-one-day
/all-tours/saigon-motorbike-tour-10-days,TO BOOK,https://t.me/mototourvietnam,https://t.me/mototourvietnam,external,,
/all-tours/saigon-motorbike-tour-10-days,READ MORE,https://enduro-vietnam.com/all-tours/nhatrang-enduro-tour-advanced,/all-tours/nhatrang-enduro-tour-advanced,internal,200,/all-tours/nhatrang-enduro-tour-advanced
/all-tours/saigon-motorbike-tour-10-days,TO BOOK,https://t.me/mototourvietnam,https://t.me/mototourvietnam,external,,
/all-tours/saigon-motorbike-tour-10-days,READ MORE,https://enduro-vietnam.com/all-tours/motorbike-tour-south-vietnam-4-days,/all-tours/motorbike-tour-south-vietnam-4-days,internal,200,/all-tours/motorbike-tour-south-vietnam-4-days
/all-tours/saigon-motorbike-tour-10-days,TO BOOK,https://t.me/mototourvietnam,https://t.me/mototourvietnam,external,,
/all-tours/saigon-motorbike-tour-10-days,READ MORE,https://enduro-vietnam.com/all-tours/5-day-motorbike-tour-from-saigon-ho-chi-minh-city,/all-tours/5-day-motorbike-tour-from-saigon-ho-chi-minh-city,internal,200,/all-tours/5-day-motorbike-tour-from-saigon-ho-chi-minh-city
/all-tours/saigon-motorbike-tour-10-days,TO BOOK,https://t.me/mototourvietnam,https://t.me/mototourvietnam,external,,
/all-tours/saigon-motorbike-tour-10-days,READ MORE,https://enduro-vietnam.com/all-tours/mekong-delta-and-coastline-vietnam-motorbike-tour-6-days,/all-tours/mekong-delta-and-coastline-vietnam-motorbike-tour-6-days,internal,200,/all-tours/mekong-delta-and-coastline-vietnam-motorbike-tour-6-days
/all-tours/saigon-motorbike-tour-10-days,TO BOOK,https://t.me/mototourvietnam,https://t.me/mototourvietnam,external,,
/all-tours/saigon-motorbike-tour-10-days,READ MORE,https://enduro-vietnam.com/all-tours/motorcycle-tour-on-coastline-and-highlands-vietnam-7-days,/all-tours/motorcycle-tour-on-coastline-and-highlands-vietnam-7-days,internal,200,/all-tours/motorcycle-tour-on-coastline-and-highlands-vietnam-7-days
/all-tours/saigon-motorbike-tour-10-days,TO BOOK,https://t.me/mototourvietnam,https://t.me/mototourvietnam,external,,
/all-tours/saigon-motorbike-tour-10-days,READ MORE,https://enduro-vietnam.com/all-tours/saigon-motorbike-tour-10-days,/all-tours/saigon-motorbike-tour-10-days,internal,200,/all-tours/saigon-motorbike-tour-10-days
/all-tours/saigon-motorbike-tour-10-days,TO BOOK,https://t.me/mototourvietnam,https://t.me/mototourvietnam,external,,
/all-tours/saigon-motorbike-tour-10-days,READ MORE,https://enduro-vietnam.com/all-tours/south-vietnam-motorbike-tour-7-days,/all-tours/south-vietnam-motorbike-tour-7-days,internal,200,/all-tours/south-vietnam-motorbike-tour-7-days
/all-tours/saigon-motorbike-tour-10-days,/all-tours/dalat-enduro-tour-one-day,https://enduro-vietnam.com/all-tours/dalat-enduro-tour-one-day,/all-tours/dalat-enduro-tour-one-day,internal,200,/all-tours/dalat-enduro-tour-one-day
/all-tours/saigon-motorbike-tour-10-days,READ MORE,https://enduro-vietnam.com/all-tours/dalat-enduro-tour-one-day,/all-tours/dalat-enduro-tour-one-day,internal,200,/all-tours/dalat-enduro-tour-one-day
/all-tours/saigon-motorbike-tour-10-days,/all-tours/dalat-enduro-tour-advanced,https://enduro-vietnam.com/all-tours/dalat-enduro-tour-advanced,/all-tours/dalat-enduro-tour-advanced,internal,200,/all-tours/dalat-enduro-tour-advanced
/all-tours/saigon-motorbike-tour-10-days,READ MORE,https://enduro-vietnam.com/all-tours/dalat-enduro-tour-advanced,/all-tours/dalat-enduro-tour-advanced,internal,200,/all-tours/dalat-enduro-tour-advanced
/all-tours/saigon-motorbike-tour-10-days,/all-tours/dalat-enduro-tour-two-day,https://enduro-vietnam.com/all-tours/dalat-enduro-tour-two-day,/all-tours/dalat-enduro-tour-two-day,internal,200,/all-tours/dalat-enduro-tour-two-day
/all-tours/saigon-motorbike-tour-10-days,READ MORE,https://enduro-vietnam.com/all-tours/dalat-enduro-tour-two-day,/all-tours/dalat-enduro-tour-two-day,internal,200,/all-tours/dalat-enduro-tour-two-day
/all-tours/saigon-motorbike-tour-10-days,/all-tours/three-day-tour-dalat-nhatrang,https://enduro-vietnam.com/all-tours/three-day-tour-dalat-nhatrang,/all-tours/three-day-tour-dalat-nhatrang,internal,200,/all-tours/three-day-tour-dalat-nhatrang
/all-tours/saigon-motorbike-tour-10-days,READ MORE,https://enduro-vietnam.com/all-tours/three-day-tour-dalat-nhatrang,/all-tours/three-day-tour-dalat-nhatrang,internal,200,/all-tours/three-day-tour-dalat-nhatrang
/all-tours/saigon-motorbike-tour-10-days,/all-tours/three-day-tour-dalat-muine,https://enduro-vietnam.com/all-tours/three-day-tour-dalat-muine,/all-tours/three-day-tour-dalat-muine,internal,200,/all-tours/three-day-tour-dalat-muine
/all-tours/saigon-motorbike-tour-10-days,READ MORE,https://enduro-vietnam.com/all-tours/three-day-tour-dalat-muine,/all-tours/three-day-tour-dalat-muine,internal,200,/all-tours/three-day-tour-dalat-muine
/all-tours/saigon-motorbike-tour-10-days,/all-tours/dalat-easy-rider-enduro-beginners,https://enduro-vietnam.com/all-tours/dalat-easy-rider-enduro-beginners,/all-tours/dalat-easy-rider-enduro-beginners,internal,200,/all-tours/dalat-easy-rider-enduro-beginners
/all-tours/saigon-motorbike-tour-10-days,READ MORE,https://enduro-vietnam.com/all-tours/dalat-easy-rider-enduro-beginners,/all-tours/dalat-easy-rider-enduro-beginners,internal,200,/all-tours/dalat-easy-rider-enduro-beginners
/all-tours/saigon-motorbike-tour-10-days,/all-tours/nhatrang-enduro-tour-one-day,https://enduro-vietnam.com/all-tours/nhatrang-enduro-tour-one-day,/all-tours/nhatrang-enduro-tour-one-day,internal,200,/all-tours/nhatrang-enduro-tour-one-day
/all-tours/saigon-motorbike-tour-10-days,READ MORE,https://enduro-vietnam.com/all-tours/nhatrang-enduro-tour-one-day,/all-tours/nhatrang-enduro-tour-one-day,internal,200,/all-tours/nhatrang-enduro-tour-one-day
/all-tours/saigon-motorbike-tour-10-days,/all-tours/nhatrang-enduro-tour-advanced,https://enduro-vietnam.com/all-tours/nhatrang-enduro-tour-advanced,/all-tours/nhatrang-enduro-tour-advanced,internal,200,/all-tours/nhatrang-enduro-tour-advanced
/all-tours/saigon-motorbike-tour-10-days,READ MORE,https://enduro-vietnam.com/all-tours/nhatrang-enduro-tour-advanced,/all-tours/nhatrang-enduro-tour-advanced,internal,200,/all-tours/nhatrang-enduro-tour-advanced
/all-tours/saigon-motorbike-tour-10-days,/all-tours/motorbike-tour-south-vietnam-4-days,https://enduro-vietnam.com/all-tours/motorbike-tour-south-vietnam-4-days,/all-tours/motorbike-tour-south-vietnam-4-days,internal,200,/all-tours/motorbike-tour-south-vietnam-4-days
/all-tours/saigon-motorbike-tour-10-days,READ MORE,https://enduro-vietnam.com/all-tours/motorbike-tour-south-vietnam-4-days,/all-tours/motorbike-tour-south-vietnam-4-days,internal,200,/all-tours/motorbike-tour-south-vietnam-4-days
/all-tours/saigon-motorbike-tour-10-days,/all-tours/5-day-motorbike-tour-from-saigon-ho-chi-minh-city,https://enduro-vietnam.com/all-tours/5-day-motorbike-tour-from-saigon-ho-chi-minh-city,/all-tours/5-day-motorbike-tour-from-saigon-ho-chi-minh-city,internal,200,/all-tours/5-day-motorbike-tour-from-saigon-ho-chi-minh-city
/all-tours/saigon-motorbike-tour-10-days,READ MORE,https://enduro-vietnam.com/all-tours/5-day-motorbike-tour-from-saigon-ho-chi-minh-city,/all-tours/5-day-motorbike-tour-from-saigon-ho-chi-minh-city,internal,200,/all-tours/5-day-motorbike-tour-from-saigon-ho-chi-minh-city
/all-tours/saigon-motorbike-tour-10-days,/all-tours/mekong-delta-and-coastline-vietnam-motorbike-tour-6-days,https://enduro-vietnam.com/all-tours/mekong-delta-and-coastline-vietnam-motorbike-tour-6-days,/all-tours/mekong-delta-and-coastline-vietnam-motorbike-tour-6-days,internal,200,/all-tours/mekong-delta-and-coastline-vietnam-motorbike-tour-6-days
/all-tours/saigon-motorbike-tour-10-days,READ MORE,https://enduro-vietnam.com/all-tours/mekong-delta-and-coastline-vietnam-motorbike-tour-6-days,/all-tours/mekong-delta-and-coastline-vietnam-motorbike-tour-6-days,internal,200,/all-tours/mekong-delta-and-coastline-vietnam-motorbike-tour-6-days
/all-tours/saigon-motorbike-tour-10-days,/all-tours/motorcycle-tour-on-coastline-and-highlands-vietnam-7-days,https://enduro-vietnam.com/all-tours/motorcycle-tour-on-coastline-and-highlands-vietnam-7-days,/all-tours/motorcycle-tour-on-coastline-and-highlands-vietnam-7-days,internal,200,/all-tours/motorcycle-tour-on-coastline-and-highlands-vietnam-7-days
/all-tours/saigon-motorbike-tour-10-days,READ MORE,https://enduro-vietnam.com/all-tours/motorcycle-tour-on-coastline-and-highlands-vietnam-7-days,/all-tours/motorcycle-tour-on-coastline-and-highlands-vietnam-7-days,internal,200,/all-tours/motorcycle-tour-on-coastline-and-highlands-vietnam-7-days
/all-tours/saigon-motorbike-tour-10-days,/all-tours/saigon-motorbike-tour-10-days,https://enduro-vietnam.com/all-tours/saigon-motorbike-tour-10-days,/all-tours/saigon-motorbike-tour-10-days,internal,200,/all-tours/saigon-motorbike-tour-10-days
/all-tours/saigon-motorbike-tour-10-days,READ MORE,https://enduro-vietnam.com/all-tours/saigon-motorbike-tour-10-days,/all-tours/saigon-motorbike-tour-10-days,internal,200,/all-tours/saigon-motorbike-tour-10-days
/all-tours/saigon-motorbike-tour-10-days,/all-tours/south-vietnam-motorbike-tour-7-days,https://enduro-vietnam.com/all-tours/south-vietnam-motorbike-tour-7-days,/all-tours/south-vietnam-motorbike-tour-7-days,internal,200,/all-tours/south-vietnam-motorbike-tour-7-days
/all-tours/saigon-motorbike-tour-10-days,READ MORE,https://enduro-vietnam.com/all-tours/south-vietnam-motorbike-tour-7-days,/all-tours/south-vietnam-motorbike-tour-7-days,internal,200,/all-tours/south-vietnam-motorbike-tour-7-days
/all-tours/saigon-motorbike-tour-10-days,https://t.me/mototourvietnam,https://t.me/mototourvietnam,https://t.me/mototourvietnam,external,,
/all-tours/saigon-motorbike-tour-10-days,https://www.instagram.com/enduro.vietnam,https://www.instagram.com/enduro.vietnam,https://www.instagram.com/enduro.vietnam,external,,
/all-tours/saigon-motorbike-tour-10-days,https://wa.me/79994564498,https://wa.me/79994564498,https://wa.me/79994564498,external,,
/all-tours/saigon-motorbike-tour-10-days,https://t.me/mototourvietnam,https://t.me/mototourvietnam,https://t.me/mototourvietnam,external,,
/all-tours/saigon-motorbike-tour-10-days,https://www.instagram.com/enduro.vietnam,https://www.instagram.com/enduro.vietnam,https://www.instagram.com/enduro.vietnam,external,,
/all-tours/saigon-motorbike-tour-10-days,https://wa.me/79994564498,https://wa.me/79994564498,https://wa.me/79994564498,external,,
/all-tours/saigon-motorbike-tour-10-days,https://t.me/mototourvietnam,https://t.me/mototourvietnam,https://t.me/mototourvietnam,external,,
/all-tours/saigon-motorbike-tour-10-days,https://www.instagram.com/enduro.vietnam,https://www.instagram.com/enduro.vietnam,https://www.instagram.com/enduro.vietnam,external,,
/all-tours/saigon-motorbike-tour-10-days,https://wa.me/79994564498,https://wa.me/79994564498,https://wa.me/79994564498,external,,
/all-tours/saigon-motorbike-tour-10-days,https://t.me/mototourvietnam,https://t.me/mototourvietnam,https://t.me/mototourvietnam,external,,
/all-tours/saigon-motorbike-tour-10-days,https://www.instagram.com/enduro.vietnam,https://www.instagram.com/enduro.vietnam,https://www.instagram.com/enduro.vietnam,external,,
/all-tours/saigon-motorbike-tour-10-days,https://wa.me/79994564498,https://wa.me/79994564498,https://wa.me/79994564498,external,,
/all-tours/saigon-motorbike-tour-10-days,https://t.me/mototourvietnam,https://t.me/mototourvietnam,https://t.me/mototourvietnam,external,,
/all-tours/saigon-motorbike-tour-10-days,https://www.instagram.com/enduro.vietnam,https://www.instagram.com/enduro.vietnam,https://www.instagram.com/enduro.vietnam,external,,
/all-tours/saigon-motorbike-tour-10-days,https://wa.me/79994564498,https://wa.me/79994564498,https://wa.me/79994564498,external,,
/all-tours/saigon-motorbike-tour-10-days,logo YouTube,https://youtube.com/@enduro.vietnam?si=FDMtZYMkF863JBpP,https://youtube.com/@enduro.vietnam?si=FDMtZYMkF863JBpP,external,,
/all-tours/saigon-motorbike-tour-10-days,youtube.com/@enduro.vietnam,https://youtube.com/@enduro.vietnam?si=FDMtZYMkF863JBpP,https://youtube.com/@enduro.vietnam?si=FDMtZYMkF863JBpP,external,,
/all-tours/saigon-motorbike-tour-10-days,logo Instagram,https://www.instagram.com/enduro.vietnam/,https://www.instagram.com/enduro.vietnam/,external,,
/all-tours/saigon-motorbike-tour-10-days,instagram.com/enduro.vietnam,https://www.instagram.com/enduro.vietnam/,https://www.instagram.com/enduro.vietnam/,external,,
/all-tours/saigon-motorbike-tour-10-days,processing of personal data,/privacy,/privacy,internal,200,/privacy
/all-tours/saigon-motorbike-tour-10-days,Главная страница,/ru,/ru,internal,200,/ru
/all-tours/saigon-motorbike-tour-10-days,Эндуро туры в Далате,/ru/dalat,/ru/dalat,internal,200,/ru/dalat
/all-tours/saigon-motorbike-tour-10-days,Эндуро туры в Нячанге,/ru/nhatrang,/ru/nhatrang,internal,200,/ru/nhatrang
/all-tours/saigon-motorbike-tour-10-days,Эндуро туры в Дананге,/ru/danang,/ru/danang,internal,200,/ru/danang
/all-tours/saigon-motorbike-tour-10-days,Эндуро туры в Муйне,/ru/muine,/ru/muine,internal,200,/ru/muine
/all-tours/saigon-motorbike-tour-10-days,Все туры,/ru/all-tours,/ru/all-tours,internal,200,/ru/all-tours
/all-tours/saigon-motorbike-tour-10-days,Аренда скутеров Далат,ru/rent-motorbike-dalat,/ru/rent-motorbike-dalat,internal,404,/all-tours/ru/rent-motorbike-dalat
/all-tours/saigon-motorbike-tour-10-days,Аренда скутеров Нячанг,ru/rent-scooter-nhatrang,/ru/rent-scooter-nhatrang,internal,404,/all-tours/ru/rent-scooter-nhatrang
/all-tours/saigon-motorbike-tour-10-days,/aboutourclinic,/aboutourclinic,,unavailable,404,/aboutourclinic
/all-tours/saigon-motorbike-tour-10-days,Enduro tours in Vietnam,/,/,internal,200,/
/all-tours/saigon-motorbike-tour-10-days,Dalat,/dalat,/dalat,internal,200,/dalat
/all-tours/saigon-motorbike-tour-10-days,Nha Trang,/nhatrang,/nhatrang,internal,200,/nhatrang
/all-tours/saigon-motorbike-tour-10-days,Danang,/danang,/danang,internal,200,/danang
/all-tours/saigon-motorbike-tour-10-days,Muine,/muine,/muine,internal,200,/muine
/all-tours/saigon-motorbike-tour-10-days,All tours,/all-tours,/all-tours,internal,200,/all-tours
/all-tours/saigon-motorbike-tour-10-days,Scooter rental in Dalat,/rent-motorbike-dalat,/rent-motorbike-dalat,internal,200,/rent-motorbike-dalat
/all-tours/saigon-motorbike-tour-10-days,Scooter rental in Nha Trang,/rent-scooter-nhatrang,/rent-scooter-nhatrang,internal,200,/rent-scooter-nhatrang
/all-tours/saigon-motorbike-tour-10-days,Vietnam,https://maps.app.goo.gl/hvewF4aRPsdtciud6,https://maps.app.goo.gl/hvewF4aRPsdtciud6,external,,
/all-tours/saigon-motorbike-tour-10-days,https://t.me/mototourvietnam,https://t.me/mototourvietnam,https://t.me/mototourvietnam,external,,
/all-tours/saigon-motorbike-tour-10-days,https://www.instagram.com/enduro.vietnam,https://www.instagram.com/enduro.vietnam,https://www.instagram.com/enduro.vietnam,external,,
/all-tours/saigon-motorbike-tour-10-days,https://wa.me/79994564498,https://wa.me/79994564498,https://wa.me/79994564498,external,,
/all-tours/saigon-motorbike-tour-10-days,Enduro tours in Vietnam,/,/,internal,200,/
/all-tours/saigon-motorbike-tour-10-days,Dalat,/dalat,/dalat,internal,200,/dalat
/all-tours/saigon-motorbike-tour-10-days,Nha Trang,/nhatrang,/nhatrang,internal,200,/nhatrang
/all-tours/saigon-motorbike-tour-10-days,Danang,/danang,/danang,internal,200,/danang
/all-tours/saigon-motorbike-tour-10-days,All tours,/all-tours,/all-tours,internal,200,/all-tours
/all-tours/saigon-motorbike-tour-10-days,Scooter rental in Dalat,/rent-motorbike-dalat,/rent-motorbike-dalat,internal,200,/rent-motorbike-dalat
/all-tours/saigon-motorbike-tour-10-days,Мототуры по всему Вьетнаму,/ru,/ru,internal,200,/ru
/all-tours/saigon-motorbike-tour-10-days,Аренда Dirt байков и эндуро туры в Муйне,/ru/muine,/ru/muine,internal,200,/ru/muine
/all-tours/saigon-motorbike-tour-10-days,Аренда эндуро мотоциклов и мото туры в Далате,/ru/dalat,/ru/dalat,internal,200,/ru/dalat
/all-tours/saigon-motorbike-tour-10-days,Эндуро туры в Нячанге,/ru/nhatrang,/ru/nhatrang,internal,200,/ru/nhatrang
/all-tours/saigon-motorbike-tour-10-days,https://t.me/mototourvietnam,https://t.me/mototourvietnam,https://t.me/mototourvietnam,external,,
/all-tours/saigon-motorbike-tour-10-days,https://www.instagram.com/enduro.vietnam,https://www.instagram.com/enduro.vietnam,https://www.instagram.com/enduro.vietnam,external,,
/all-tours/saigon-motorbike-tour-10-days,https://wa.me/79994564498,https://wa.me/79994564498,https://wa.me/79994564498,external,,
/all-tours/saigon-motorbike-tour-10-days,https://t.me/mototourvietnam,https://t.me/mototourvietnam,https://t.me/mototourvietnam,external,,
/all-tours/saigon-motorbike-tour-10-days,Creatium,https://creatium.app,https://creatium.app,external,,
/all-tours/south-vietnam-motorbike-tour-7-days,/,/,/,internal,200,/
/all-tours/south-vietnam-motorbike-tour-7-days,All tours,/all-tours,/all-tours,internal,200,/all-tours
/all-tours/south-vietnam-motorbike-tour-7-days,https://t.me/mototourvietnam,https://t.me/mototourvietnam,https://t.me/mototourvietnam,external,,
/all-tours/south-vietnam-motorbike-tour-7-days,https://www.instagram.com/enduro.vietnam,https://www.instagram.com/enduro.vietnam,https://www.instagram.com/enduro.vietnam,external,,
/all-tours/south-vietnam-motorbike-tour-7-days,https://wa.me/79994564498,https://wa.me/79994564498,https://wa.me/79994564498,external,,
/all-tours/south-vietnam-motorbike-tour-7-days,/,/,/,internal,200,/
/all-tours/south-vietnam-motorbike-tour-7-days,Type: Mini-band,http://,http://,external,,
/all-tours/south-vietnam-motorbike-tour-7-days,Group size: 4 people,http://,http://,external,,
/all-tours/south-vietnam-motorbike-tour-7-days,Duration: 7 days,http://,http://,external,,
/all-tours/south-vietnam-motorbike-tour-7-days,"Booking confirmation: record at least 2 days in advance. The organizer will confirm the booking for the date you have chosen, after which you will make a 30% prepayment.",http://,http://,external,,
/all-tours/south-vietnam-motorbike-tour-7-days,https://t.me/mototourvietnam,https://t.me/mototourvietnam,https://t.me/mototourvietnam,external,,
/all-tours/south-vietnam-motorbike-tour-7-days,https://www.instagram.com/enduro.vietnam,https://www.instagram.com/enduro.vietnam,https://www.instagram.com/enduro.vietnam,external,,
/all-tours/south-vietnam-motorbike-tour-7-days,https://wa.me/79994564498,https://wa.me/79994564498,https://wa.me/79994564498,external,,
/all-tours/south-vietnam-motorbike-tour-7-days,Enduro Vietnam,/,/,internal,200,/
/all-tours/south-vietnam-motorbike-tour-7-days,All tours,/all-tours,/all-tours,internal,200,/all-tours
/all-tours/south-vietnam-motorbike-tour-7-days,To book,https://t.me/mototourvietnam,https://t.me/mototourvietnam,external,,
/all-tours/south-vietnam-motorbike-tour-7-days,To book,https://t.me/mototourvietnam,https://t.me/mototourvietnam,external,,
/all-tours/south-vietnam-motorbike-tour-7-days,https://t.me/mototourvietnam,https://t.me/mototourvietnam,https://t.me/mototourvietnam,external,,
/all-tours/south-vietnam-motorbike-tour-7-days,https://www.instagram.com/enduro.vietnam,https://www.instagram.com/enduro.vietnam,https://www.instagram.com/enduro.vietnam,external,,
/all-tours/south-vietnam-motorbike-tour-7-days,https://wa.me/79994564498,https://wa.me/79994564498,https://wa.me/79994564498,external,,
/all-tours/south-vietnam-motorbike-tour-7-days,Enduro Vietnam,/,/,internal,200,/
/all-tours/south-vietnam-motorbike-tour-7-days,All tours,/all-tours,/all-tours,internal,200,/all-tours
/all-tours/south-vietnam-motorbike-tour-7-days,Watch more tours,https://enduro-vietnam.com/all-tours/,/all-tours,internal,200,/all-tours
/all-tours/south-vietnam-motorbike-tour-7-days,/all-tours/dalat-enduro-tour-one-day,https://enduro-vietnam.com/all-tours/dalat-enduro-tour-one-day,/all-tours/dalat-enduro-tour-one-day,internal,200,/all-tours/dalat-enduro-tour-one-day
/all-tours/south-vietnam-motorbike-tour-7-days,READ MORE,https://enduro-vietnam.com/all-tours/dalat-enduro-tour-one-day,/all-tours/dalat-enduro-tour-one-day,internal,200,/all-tours/dalat-enduro-tour-one-day
/all-tours/south-vietnam-motorbike-tour-7-days,/all-tours/dalat-enduro-tour-advanced,https://enduro-vietnam.com/all-tours/dalat-enduro-tour-advanced,/all-tours/dalat-enduro-tour-advanced,internal,200,/all-tours/dalat-enduro-tour-advanced
/all-tours/south-vietnam-motorbike-tour-7-days,READ MORE,https://enduro-vietnam.com/all-tours/dalat-enduro-tour-advanced,/all-tours/dalat-enduro-tour-advanced,internal,200,/all-tours/dalat-enduro-tour-advanced
/all-tours/south-vietnam-motorbike-tour-7-days,/all-tours/dalat-enduro-tour-two-day,https://enduro-vietnam.com/all-tours/dalat-enduro-tour-two-day,/all-tours/dalat-enduro-tour-two-day,internal,200,/all-tours/dalat-enduro-tour-two-day
/all-tours/south-vietnam-motorbike-tour-7-days,READ MORE,https://enduro-vietnam.com/all-tours/dalat-enduro-tour-two-day,/all-tours/dalat-enduro-tour-two-day,internal,200,/all-tours/dalat-enduro-tour-two-day
/all-tours/south-vietnam-motorbike-tour-7-days,/all-tours/three-day-tour-dalat-nhatrang,https://enduro-vietnam.com/all-tours/three-day-tour-dalat-nhatrang,/all-tours/three-day-tour-dalat-nhatrang,internal,200,/all-tours/three-day-tour-dalat-nhatrang
/all-tours/south-vietnam-motorbike-tour-7-days,READ MORE,https://enduro-vietnam.com/all-tours/three-day-tour-dalat-nhatrang,/all-tours/three-day-tour-dalat-nhatrang,internal,200,/all-tours/three-day-tour-dalat-nhatrang
/all-tours/south-vietnam-motorbike-tour-7-days,/all-tours/three-day-tour-dalat-muine,https://enduro-vietnam.com/all-tours/three-day-tour-dalat-muine,/all-tours/three-day-tour-dalat-muine,internal,200,/all-tours/three-day-tour-dalat-muine
/all-tours/south-vietnam-motorbike-tour-7-days,READ MORE,https://enduro-vietnam.com/all-tours/three-day-tour-dalat-muine,/all-tours/three-day-tour-dalat-muine,internal,200,/all-tours/three-day-tour-dalat-muine
/all-tours/south-vietnam-motorbike-tour-7-days,/all-tours/dalat-easy-rider-enduro-beginners,https://enduro-vietnam.com/all-tours/dalat-easy-rider-enduro-beginners,/all-tours/dalat-easy-rider-enduro-beginners,internal,200,/all-tours/dalat-easy-rider-enduro-beginners
/all-tours/south-vietnam-motorbike-tour-7-days,READ MORE,https://enduro-vietnam.com/all-tours/dalat-easy-rider-enduro-beginners,/all-tours/dalat-easy-rider-enduro-beginners,internal,200,/all-tours/dalat-easy-rider-enduro-beginners
/all-tours/south-vietnam-motorbike-tour-7-days,/all-tours/nhatrang-enduro-tour-one-day,https://enduro-vietnam.com/all-tours/nhatrang-enduro-tour-one-day,/all-tours/nhatrang-enduro-tour-one-day,internal,200,/all-tours/nhatrang-enduro-tour-one-day
/all-tours/south-vietnam-motorbike-tour-7-days,READ MORE,https://enduro-vietnam.com/all-tours/nhatrang-enduro-tour-one-day,/all-tours/nhatrang-enduro-tour-one-day,internal,200,/all-tours/nhatrang-enduro-tour-one-day
/all-tours/south-vietnam-motorbike-tour-7-days,/all-tours/nhatrang-enduro-tour-advanced,https://enduro-vietnam.com/all-tours/nhatrang-enduro-tour-advanced,/all-tours/nhatrang-enduro-tour-advanced,internal,200,/all-tours/nhatrang-enduro-tour-advanced
/all-tours/south-vietnam-motorbike-tour-7-days,READ MORE,https://enduro-vietnam.com/all-tours/nhatrang-enduro-tour-advanced,/all-tours/nhatrang-enduro-tour-advanced,internal,200,/all-tours/nhatrang-enduro-tour-advanced
/all-tours/south-vietnam-motorbike-tour-7-days,/all-tours/motorbike-tour-south-vietnam-4-days,https://enduro-vietnam.com/all-tours/motorbike-tour-south-vietnam-4-days,/all-tours/motorbike-tour-south-vietnam-4-days,internal,200,/all-tours/motorbike-tour-south-vietnam-4-days
/all-tours/south-vietnam-motorbike-tour-7-days,READ MORE,https://enduro-vietnam.com/all-tours/motorbike-tour-south-vietnam-4-days,/all-tours/motorbike-tour-south-vietnam-4-days,internal,200,/all-tours/motorbike-tour-south-vietnam-4-days
/all-tours/south-vietnam-motorbike-tour-7-days,Watch more tours,https://enduro-vietnam.com/all-tours/,/all-tours,internal,200,/all-tours
/all-tours/south-vietnam-motorbike-tour-7-days,TO BOOK,https://t.me/mototourvietnam,https://t.me/mototourvietnam,external,,
/all-tours/south-vietnam-motorbike-tour-7-days,READ MORE,https://enduro-vietnam.com/all-tours/dalat-enduro-tour-one-day,/all-tours/dalat-enduro-tour-one-day,internal,200,/all-tours/dalat-enduro-tour-one-day
/all-tours/south-vietnam-motorbike-tour-7-days,TO BOOK,https://t.me/mototourvietnam,https://t.me/mototourvietnam,external,,
/all-tours/south-vietnam-motorbike-tour-7-days,READ MORE,https://enduro-vietnam.com/all-tours/dalat-enduro-tour-advanced,/all-tours/dalat-enduro-tour-advanced,internal,200,/all-tours/dalat-enduro-tour-advanced
/all-tours/south-vietnam-motorbike-tour-7-days,TO BOOK,https://t.me/mototourvietnam,https://t.me/mototourvietnam,external,,
/all-tours/south-vietnam-motorbike-tour-7-days,READ MORE,https://enduro-vietnam.com/all-tours/dalat-enduro-tour-two-day,/all-tours/dalat-enduro-tour-two-day,internal,200,/all-tours/dalat-enduro-tour-two-day
/all-tours/south-vietnam-motorbike-tour-7-days,TO BOOK,https://t.me/mototourvietnam,https://t.me/mototourvietnam,external,,
/all-tours/south-vietnam-motorbike-tour-7-days,READ MORE,https://enduro-vietnam.com/all-tours/three-day-tour-dalat-nhatrang,/all-tours/three-day-tour-dalat-nhatrang,internal,200,/all-tours/three-day-tour-dalat-nhatrang
/all-tours/south-vietnam-motorbike-tour-7-days,TO BOOK,https://t.me/mototourvietnam,https://t.me/mototourvietnam,external,,
/all-tours/south-vietnam-motorbike-tour-7-days,READ MORE,https://enduro-vietnam.com/all-tours/three-day-tour-dalat-muine,/all-tours/three-day-tour-dalat-muine,internal,200,/all-tours/three-day-tour-dalat-muine
/all-tours/south-vietnam-motorbike-tour-7-days,TO BOOK,https://t.me/mototourvietnam,https://t.me/mototourvietnam,external,,
/all-tours/south-vietnam-motorbike-tour-7-days,READ MORE,https://enduro-vietnam.com/all-tours/dalat-easy-rider-enduro-beginners,/all-tours/dalat-easy-rider-enduro-beginners,internal,200,/all-tours/dalat-easy-rider-enduro-beginners
/all-tours/south-vietnam-motorbike-tour-7-days,TO BOOK,https://t.me/mototourvietnam,https://t.me/mototourvietnam,external,,
/all-tours/south-vietnam-motorbike-tour-7-days,READ MORE,https://enduro-vietnam.com/all-tours/nhatrang-enduro-tour-one-day,/all-tours/nhatrang-enduro-tour-one-day,internal,200,/all-tours/nhatrang-enduro-tour-one-day
/all-tours/south-vietnam-motorbike-tour-7-days,TO BOOK,https://t.me/mototourvietnam,https://t.me/mototourvietnam,external,,
/all-tours/south-vietnam-motorbike-tour-7-days,READ MORE,https://enduro-vietnam.com/all-tours/nhatrang-enduro-tour-advanced,/all-tours/nhatrang-enduro-tour-advanced,internal,200,/all-tours/nhatrang-enduro-tour-advanced
/all-tours/south-vietnam-motorbike-tour-7-days,TO BOOK,https://t.me/mototourvietnam,https://t.me/mototourvietnam,external,,
/all-tours/south-vietnam-motorbike-tour-7-days,READ MORE,https://enduro-vietnam.com/all-tours/motorbike-tour-south-vietnam-4-days,/all-tours/motorbike-tour-south-vietnam-4-days,internal,200,/all-tours/motorbike-tour-south-vietnam-4-days
/all-tours/south-vietnam-motorbike-tour-7-days,TO BOOK,https://t.me/mototourvietnam,https://t.me/mototourvietnam,external,,
/all-tours/south-vietnam-motorbike-tour-7-days,READ MORE,https://enduro-vietnam.com/all-tours/5-day-motorbike-tour-from-saigon-ho-chi-minh-city,/all-tours/5-day-motorbike-tour-from-saigon-ho-chi-minh-city,internal,200,/all-tours/5-day-motorbike-tour-from-saigon-ho-chi-minh-city
/all-tours/south-vietnam-motorbike-tour-7-days,TO BOOK,https://t.me/mototourvietnam,https://t.me/mototourvietnam,external,,
/all-tours/south-vietnam-motorbike-tour-7-days,READ MORE,https://enduro-vietnam.com/all-tours/mekong-delta-and-coastline-vietnam-motorbike-tour-6-days,/all-tours/mekong-delta-and-coastline-vietnam-motorbike-tour-6-days,internal,200,/all-tours/mekong-delta-and-coastline-vietnam-motorbike-tour-6-days
/all-tours/south-vietnam-motorbike-tour-7-days,TO BOOK,https://t.me/mototourvietnam,https://t.me/mototourvietnam,external,,
/all-tours/south-vietnam-motorbike-tour-7-days,READ MORE,https://enduro-vietnam.com/all-tours/motorcycle-tour-on-coastline-and-highlands-vietnam-7-days,/all-tours/motorcycle-tour-on-coastline-and-highlands-vietnam-7-days,internal,200,/all-tours/motorcycle-tour-on-coastline-and-highlands-vietnam-7-days
/all-tours/south-vietnam-motorbike-tour-7-days,TO BOOK,https://t.me/mototourvietnam,https://t.me/mototourvietnam,external,,
/all-tours/south-vietnam-motorbike-tour-7-days,READ MORE,https://enduro-vietnam.com/all-tours/saigon-motorbike-tour-10-days,/all-tours/saigon-motorbike-tour-10-days,internal,200,/all-tours/saigon-motorbike-tour-10-days
/all-tours/south-vietnam-motorbike-tour-7-days,TO BOOK,https://t.me/mototourvietnam,https://t.me/mototourvietnam,external,,
/all-tours/south-vietnam-motorbike-tour-7-days,READ MORE,https://enduro-vietnam.com/all-tours/south-vietnam-motorbike-tour-7-days,/all-tours/south-vietnam-motorbike-tour-7-days,internal,200,/all-tours/south-vietnam-motorbike-tour-7-days
/all-tours/south-vietnam-motorbike-tour-7-days,/all-tours/dalat-enduro-tour-one-day,https://enduro-vietnam.com/all-tours/dalat-enduro-tour-one-day,/all-tours/dalat-enduro-tour-one-day,internal,200,/all-tours/dalat-enduro-tour-one-day
/all-tours/south-vietnam-motorbike-tour-7-days,READ MORE,https://enduro-vietnam.com/all-tours/dalat-enduro-tour-one-day,/all-tours/dalat-enduro-tour-one-day,internal,200,/all-tours/dalat-enduro-tour-one-day
/all-tours/south-vietnam-motorbike-tour-7-days,/all-tours/dalat-enduro-tour-advanced,https://enduro-vietnam.com/all-tours/dalat-enduro-tour-advanced,/all-tours/dalat-enduro-tour-advanced,internal,200,/all-tours/dalat-enduro-tour-advanced
/all-tours/south-vietnam-motorbike-tour-7-days,READ MORE,https://enduro-vietnam.com/all-tours/dalat-enduro-tour-advanced,/all-tours/dalat-enduro-tour-advanced,internal,200,/all-tours/dalat-enduro-tour-advanced
/all-tours/south-vietnam-motorbike-tour-7-days,/all-tours/dalat-enduro-tour-two-day,https://enduro-vietnam.com/all-tours/dalat-enduro-tour-two-day,/all-tours/dalat-enduro-tour-two-day,internal,200,/all-tours/dalat-enduro-tour-two-day
/all-tours/south-vietnam-motorbike-tour-7-days,READ MORE,https://enduro-vietnam.com/all-tours/dalat-enduro-tour-two-day,/all-tours/dalat-enduro-tour-two-day,internal,200,/all-tours/dalat-enduro-tour-two-day
/all-tours/south-vietnam-motorbike-tour-7-days,/all-tours/three-day-tour-dalat-nhatrang,https://enduro-vietnam.com/all-tours/three-day-tour-dalat-nhatrang,/all-tours/three-day-tour-dalat-nhatrang,internal,200,/all-tours/three-day-tour-dalat-nhatrang
/all-tours/south-vietnam-motorbike-tour-7-days,READ MORE,https://enduro-vietnam.com/all-tours/three-day-tour-dalat-nhatrang,/all-tours/three-day-tour-dalat-nhatrang,internal,200,/all-tours/three-day-tour-dalat-nhatrang
/all-tours/south-vietnam-motorbike-tour-7-days,/all-tours/three-day-tour-dalat-muine,https://enduro-vietnam.com/all-tours/three-day-tour-dalat-muine,/all-tours/three-day-tour-dalat-muine,internal,200,/all-tours/three-day-tour-dalat-muine
/all-tours/south-vietnam-motorbike-tour-7-days,READ MORE,https://enduro-vietnam.com/all-tours/three-day-tour-dalat-muine,/all-tours/three-day-tour-dalat-muine,internal,200,/all-tours/three-day-tour-dalat-muine
/all-tours/south-vietnam-motorbike-tour-7-days,/all-tours/dalat-easy-rider-enduro-beginners,https://enduro-vietnam.com/all-tours/dalat-easy-rider-enduro-beginners,/all-tours/dalat-easy-rider-enduro-beginners,internal,200,/all-tours/dalat-easy-rider-enduro-beginners
/all-tours/south-vietnam-motorbike-tour-7-days,READ MORE,https://enduro-vietnam.com/all-tours/dalat-easy-rider-enduro-beginners,/all-tours/dalat-easy-rider-enduro-beginners,internal,200,/all-tours/dalat-easy-rider-enduro-beginners
/all-tours/south-vietnam-motorbike-tour-7-days,/all-tours/nhatrang-enduro-tour-one-day,https://enduro-vietnam.com/all-tours/nhatrang-enduro-tour-one-day,/all-tours/nhatrang-enduro-tour-one-day,internal,200,/all-tours/nhatrang-enduro-tour-one-day
/all-tours/south-vietnam-motorbike-tour-7-days,READ MORE,https://enduro-vietnam.com/all-tours/nhatrang-enduro-tour-one-day,/all-tours/nhatrang-enduro-tour-one-day,internal,200,/all-tours/nhatrang-enduro-tour-one-day
/all-tours/south-vietnam-motorbike-tour-7-days,/all-tours/nhatrang-enduro-tour-advanced,https://enduro-vietnam.com/all-tours/nhatrang-enduro-tour-advanced,/all-tours/nhatrang-enduro-tour-advanced,internal,200,/all-tours/nhatrang-enduro-tour-advanced
/all-tours/south-vietnam-motorbike-tour-7-days,READ MORE,https://enduro-vietnam.com/all-tours/nhatrang-enduro-tour-advanced,/all-tours/nhatrang-enduro-tour-advanced,internal,200,/all-tours/nhatrang-enduro-tour-advanced
/all-tours/south-vietnam-motorbike-tour-7-days,/all-tours/motorbike-tour-south-vietnam-4-days,https://enduro-vietnam.com/all-tours/motorbike-tour-south-vietnam-4-days,/all-tours/motorbike-tour-south-vietnam-4-days,internal,200,/all-tours/motorbike-tour-south-vietnam-4-days
/all-tours/south-vietnam-motorbike-tour-7-days,READ MORE,https://enduro-vietnam.com/all-tours/motorbike-tour-south-vietnam-4-days,/all-tours/motorbike-tour-south-vietnam-4-days,internal,200,/all-tours/motorbike-tour-south-vietnam-4-days
/all-tours/south-vietnam-motorbike-tour-7-days,/all-tours/5-day-motorbike-tour-from-saigon-ho-chi-minh-city,https://enduro-vietnam.com/all-tours/5-day-motorbike-tour-from-saigon-ho-chi-minh-city,/all-tours/5-day-motorbike-tour-from-saigon-ho-chi-minh-city,internal,200,/all-tours/5-day-motorbike-tour-from-saigon-ho-chi-minh-city
/all-tours/south-vietnam-motorbike-tour-7-days,READ MORE,https://enduro-vietnam.com/all-tours/5-day-motorbike-tour-from-saigon-ho-chi-minh-city,/all-tours/5-day-motorbike-tour-from-saigon-ho-chi-minh-city,internal,200,/all-tours/5-day-motorbike-tour-from-saigon-ho-chi-minh-city
/all-tours/south-vietnam-motorbike-tour-7-days,/all-tours/mekong-delta-and-coastline-vietnam-motorbike-tour-6-days,https://enduro-vietnam.com/all-tours/mekong-delta-and-coastline-vietnam-motorbike-tour-6-days,/all-tours/mekong-delta-and-coastline-vietnam-motorbike-tour-6-days,internal,200,/all-tours/mekong-delta-and-coastline-vietnam-motorbike-tour-6-days
/all-tours/south-vietnam-motorbike-tour-7-days,READ MORE,https://enduro-vietnam.com/all-tours/mekong-delta-and-coastline-vietnam-motorbike-tour-6-days,/all-tours/mekong-delta-and-coastline-vietnam-motorbike-tour-6-days,internal,200,/all-tours/mekong-delta-and-coastline-vietnam-motorbike-tour-6-days
/all-tours/south-vietnam-motorbike-tour-7-days,/all-tours/motorcycle-tour-on-coastline-and-highlands-vietnam-7-days,https://enduro-vietnam.com/all-tours/motorcycle-tour-on-coastline-and-highlands-vietnam-7-days,/all-tours/motorcycle-tour-on-coastline-and-highlands-vietnam-7-days,internal,200,/all-tours/motorcycle-tour-on-coastline-and-highlands-vietnam-7-days
/all-tours/south-vietnam-motorbike-tour-7-days,READ MORE,https://enduro-vietnam.com/all-tours/motorcycle-tour-on-coastline-and-highlands-vietnam-7-days,/all-tours/motorcycle-tour-on-coastline-and-highlands-vietnam-7-days,internal,200,/all-tours/motorcycle-tour-on-coastline-and-highlands-vietnam-7-days
/all-tours/south-vietnam-motorbike-tour-7-days,/all-tours/saigon-motorbike-tour-10-days,https://enduro-vietnam.com/all-tours/saigon-motorbike-tour-10-days,/all-tours/saigon-motorbike-tour-10-days,internal,200,/all-tours/saigon-motorbike-tour-10-days
/all-tours/south-vietnam-motorbike-tour-7-days,READ MORE,https://enduro-vietnam.com/all-tours/saigon-motorbike-tour-10-days,/all-tours/saigon-motorbike-tour-10-days,internal,200,/all-tours/saigon-motorbike-tour-10-days
/all-tours/south-vietnam-motorbike-tour-7-days,/all-tours/south-vietnam-motorbike-tour-7-days,https://enduro-vietnam.com/all-tours/south-vietnam-motorbike-tour-7-days,/all-tours/south-vietnam-motorbike-tour-7-days,internal,200,/all-tours/south-vietnam-motorbike-tour-7-days
/all-tours/south-vietnam-motorbike-tour-7-days,READ MORE,https://enduro-vietnam.com/all-tours/south-vietnam-motorbike-tour-7-days,/all-tours/south-vietnam-motorbike-tour-7-days,internal,200,/all-tours/south-vietnam-motorbike-tour-7-days
/all-tours/south-vietnam-motorbike-tour-7-days,https://t.me/mototourvietnam,https://t.me/mototourvietnam,https://t.me/mototourvietnam,external,,
/all-tours/south-vietnam-motorbike-tour-7-days,https://www.instagram.com/enduro.vietnam,https://www.instagram.com/enduro.vietnam,https://www.instagram.com/enduro.vietnam,external,,
/all-tours/south-vietnam-motorbike-tour-7-days,https://wa.me/79994564498,https://wa.me/79994564498,https://wa.me/79994564498,external,,
/all-tours/south-vietnam-motorbike-tour-7-days,https://t.me/mototourvietnam,https://t.me/mototourvietnam,https://t.me/mototourvietnam,external,,
/all-tours/south-vietnam-motorbike-tour-7-days,https://www.instagram.com/enduro.vietnam,https://www.instagram.com/enduro.vietnam,https://www.instagram.com/enduro.vietnam,external,,
/all-tours/south-vietnam-motorbike-tour-7-days,https://wa.me/79994564498,https://wa.me/79994564498,https://wa.me/79994564498,external,,
/all-tours/south-vietnam-motorbike-tour-7-days,https://t.me/mototourvietnam,https://t.me/mototourvietnam,https://t.me/mototourvietnam,external,,
/all-tours/south-vietnam-motorbike-tour-7-days,https://www.instagram.com/enduro.vietnam,https://www.instagram.com/enduro.vietnam,https://www.instagram.com/enduro.vietnam,external,,
/all-tours/south-vietnam-motorbike-tour-7-days,https://wa.me/79994564498,https://wa.me/79994564498,https://wa.me/79994564498,external,,
/all-tours/south-vietnam-motorbike-tour-7-days,https://t.me/mototourvietnam,https://t.me/mototourvietnam,https://t.me/mototourvietnam,external,,
/all-tours/south-vietnam-motorbike-tour-7-days,https://www.instagram.com/enduro.vietnam,https://www.instagram.com/enduro.vietnam,https://www.instagram.com/enduro.vietnam,external,,
/all-tours/south-vietnam-motorbike-tour-7-days,https://wa.me/79994564498,https://wa.me/79994564498,https://wa.me/79994564498,external,,
/all-tours/south-vietnam-motorbike-tour-7-days,https://t.me/mototourvietnam,https://t.me/mototourvietnam,https://t.me/mototourvietnam,external,,
/all-tours/south-vietnam-motorbike-tour-7-days,https://www.instagram.com/enduro.vietnam,https://www.instagram.com/enduro.vietnam,https://www.instagram.com/enduro.vietnam,external,,
/all-tours/south-vietnam-motorbike-tour-7-days,https://wa.me/79994564498,https://wa.me/79994564498,https://wa.me/79994564498,external,,
/all-tours/south-vietnam-motorbike-tour-7-days,logo YouTube,https://youtube.com/@enduro.vietnam?si=FDMtZYMkF863JBpP,https://youtube.com/@enduro.vietnam?si=FDMtZYMkF863JBpP,external,,
/all-tours/south-vietnam-motorbike-tour-7-days,youtube.com/@enduro.vietnam,https://youtube.com/@enduro.vietnam?si=FDMtZYMkF863JBpP,https://youtube.com/@enduro.vietnam?si=FDMtZYMkF863JBpP,external,,
/all-tours/south-vietnam-motorbike-tour-7-days,logo Instagram,https://www.instagram.com/enduro.vietnam/,https://www.instagram.com/enduro.vietnam/,external,,
/all-tours/south-vietnam-motorbike-tour-7-days,instagram.com/enduro.vietnam,https://www.instagram.com/enduro.vietnam/,https://www.instagram.com/enduro.vietnam/,external,,
/all-tours/south-vietnam-motorbike-tour-7-days,processing of personal data,/privacy,/privacy,internal,200,/privacy
/all-tours/south-vietnam-motorbike-tour-7-days,Главная страница,/ru,/ru,internal,200,/ru
/all-tours/south-vietnam-motorbike-tour-7-days,Эндуро туры в Далате,/ru/dalat,/ru/dalat,internal,200,/ru/dalat
/all-tours/south-vietnam-motorbike-tour-7-days,Эндуро туры в Нячанге,/ru/nhatrang,/ru/nhatrang,internal,200,/ru/nhatrang
/all-tours/south-vietnam-motorbike-tour-7-days,Эндуро туры в Дананге,/ru/danang,/ru/danang,internal,200,/ru/danang
/all-tours/south-vietnam-motorbike-tour-7-days,Эндуро туры в Муйне,/ru/muine,/ru/muine,internal,200,/ru/muine
/all-tours/south-vietnam-motorbike-tour-7-days,Все туры,/ru/all-tours,/ru/all-tours,internal,200,/ru/all-tours
/all-tours/south-vietnam-motorbike-tour-7-days,Аренда скутеров Далат,ru/rent-motorbike-dalat,/ru/rent-motorbike-dalat,internal,404,/all-tours/ru/rent-motorbike-dalat
/all-tours/south-vietnam-motorbike-tour-7-days,Аренда скутеров Нячанг,ru/rent-scooter-nhatrang,/ru/rent-scooter-nhatrang,internal,404,/all-tours/ru/rent-scooter-nhatrang
/all-tours/south-vietnam-motorbike-tour-7-days,/aboutourclinic,/aboutourclinic,,unavailable,404,/aboutourclinic
/all-tours/south-vietnam-motorbike-tour-7-days,Enduro tours in Vietnam,/,/,internal,200,/
/all-tours/south-vietnam-motorbike-tour-7-days,Dalat,/dalat,/dalat,internal,200,/dalat
/all-tours/south-vietnam-motorbike-tour-7-days,Nha Trang,/nhatrang,/nhatrang,internal,200,/nhatrang
/all-tours/south-vietnam-motorbike-tour-7-days,Danang,/danang,/danang,internal,200,/danang
/all-tours/south-vietnam-motorbike-tour-7-days,Muine,/muine,/muine,internal,200,/muine
/all-tours/south-vietnam-motorbike-tour-7-days,All tours,/all-tours,/all-tours,internal,200,/all-tours
/all-tours/south-vietnam-motorbike-tour-7-days,Scooter rental in Dalat,/rent-motorbike-dalat,/rent-motorbike-dalat,internal,200,/rent-motorbike-dalat
/all-tours/south-vietnam-motorbike-tour-7-days,Scooter rental in Nha Trang,/rent-scooter-nhatrang,/rent-scooter-nhatrang,internal,200,/rent-scooter-nhatrang
/all-tours/south-vietnam-motorbike-tour-7-days,Vietnam,https://maps.app.goo.gl/hvewF4aRPsdtciud6,https://maps.app.goo.gl/hvewF4aRPsdtciud6,external,,
/all-tours/south-vietnam-motorbike-tour-7-days,https://t.me/mototourvietnam,https://t.me/mototourvietnam,https://t.me/mototourvietnam,external,,
/all-tours/south-vietnam-motorbike-tour-7-days,https://www.instagram.com/enduro.vietnam,https://www.instagram.com/enduro.vietnam,https://www.instagram.com/enduro.vietnam,external,,
/all-tours/south-vietnam-motorbike-tour-7-days,https://wa.me/79994564498,https://wa.me/79994564498,https://wa.me/79994564498,external,,
/all-tours/south-vietnam-motorbike-tour-7-days,Enduro tours in Vietnam,/,/,internal,200,/
/all-tours/south-vietnam-motorbike-tour-7-days,Dalat,/dalat,/dalat,internal,200,/dalat
/all-tours/south-vietnam-motorbike-tour-7-days,Nha Trang,/nhatrang,/nhatrang,internal,200,/nhatrang
/all-tours/south-vietnam-motorbike-tour-7-days,Danang,/danang,/danang,internal,200,/danang
/all-tours/south-vietnam-motorbike-tour-7-days,All tours,/all-tours,/all-tours,internal,200,/all-tours
/all-tours/south-vietnam-motorbike-tour-7-days,Scooter rental in Dalat,/rent-motorbike-dalat,/rent-motorbike-dalat,internal,200,/rent-motorbike-dalat
/all-tours/south-vietnam-motorbike-tour-7-days,Мототуры по всему Вьетнаму,/ru,/ru,internal,200,/ru
/all-tours/south-vietnam-motorbike-tour-7-days,Аренда Dirt байков и эндуро туры в Муйне,/ru/muine,/ru/muine,internal,200,/ru/muine
/all-tours/south-vietnam-motorbike-tour-7-days,Аренда эндуро мотоциклов и мото туры в Далате,/ru/dalat,/ru/dalat,internal,200,/ru/dalat
/all-tours/south-vietnam-motorbike-tour-7-days,Эндуро туры в Нячанге,/ru/nhatrang,/ru/nhatrang,internal,200,/ru/nhatrang
/all-tours/south-vietnam-motorbike-tour-7-days,https://t.me/mototourvietnam,https://t.me/mototourvietnam,https://t.me/mototourvietnam,external,,
/all-tours/south-vietnam-motorbike-tour-7-days,https://www.instagram.com/enduro.vietnam,https://www.instagram.com/enduro.vietnam,https://www.instagram.com/enduro.vietnam,external,,
/all-tours/south-vietnam-motorbike-tour-7-days,https://wa.me/79994564498,https://wa.me/79994564498,https://wa.me/79994564498,external,,
/all-tours/south-vietnam-motorbike-tour-7-days,https://t.me/mototourvietnam,https://t.me/mototourvietnam,https://t.me/mototourvietnam,external,,
/all-tours/south-vietnam-motorbike-tour-7-days,Creatium,https://creatium.app,https://creatium.app,external,,
/all-tours/three-day-tour-dalat-muine,/,/,/,internal,200,/
/all-tours/three-day-tour-dalat-muine,All tours,/all-tours,/all-tours,internal,200,/all-tours
/all-tours/three-day-tour-dalat-muine,https://t.me/mototourvietnam,https://t.me/mototourvietnam,https://t.me/mototourvietnam,external,,
/all-tours/three-day-tour-dalat-muine,https://www.instagram.com/enduro.vietnam,https://www.instagram.com/enduro.vietnam,https://www.instagram.com/enduro.vietnam,external,,
/all-tours/three-day-tour-dalat-muine,https://wa.me/79994564498,https://wa.me/79994564498,https://wa.me/79994564498,external,,
/all-tours/three-day-tour-dalat-muine,/,/,/,internal,200,/
/all-tours/three-day-tour-dalat-muine,Type: Mini-band,http://,http://,external,,
/all-tours/three-day-tour-dalat-muine,Group size: 4 people,http://,http://,external,,
/all-tours/three-day-tour-dalat-muine,Duration: 3 days,http://,http://,external,,
/all-tours/three-day-tour-dalat-muine,"Booking confirmation: record at least 2 days in advance. The organizer will confirm the booking for the date you have chosen, after which you will make a 30% prepayment.",http://,http://,external,,
/all-tours/three-day-tour-dalat-muine,https://t.me/mototourvietnam,https://t.me/mototourvietnam,https://t.me/mototourvietnam,external,,
/all-tours/three-day-tour-dalat-muine,https://www.instagram.com/enduro.vietnam,https://www.instagram.com/enduro.vietnam,https://www.instagram.com/enduro.vietnam,external,,
/all-tours/three-day-tour-dalat-muine,https://wa.me/79994564498,https://wa.me/79994564498,https://wa.me/79994564498,external,,
/all-tours/three-day-tour-dalat-muine,Enduro Vietnam,/,/,internal,200,/
/all-tours/three-day-tour-dalat-muine,All tours,/all-tours,/all-tours,internal,200,/all-tours
/all-tours/three-day-tour-dalat-muine,To book,https://t.me/mototourvietnam,https://t.me/mototourvietnam,external,,
/all-tours/three-day-tour-dalat-muine,To book,https://t.me/mototourvietnam,https://t.me/mototourvietnam,external,,
/all-tours/three-day-tour-dalat-muine,https://t.me/mototourvietnam,https://t.me/mototourvietnam,https://t.me/mototourvietnam,external,,
/all-tours/three-day-tour-dalat-muine,https://www.instagram.com/enduro.vietnam,https://www.instagram.com/enduro.vietnam,https://www.instagram.com/enduro.vietnam,external,,
/all-tours/three-day-tour-dalat-muine,https://wa.me/79994564498,https://wa.me/79994564498,https://wa.me/79994564498,external,,
/all-tours/three-day-tour-dalat-muine,Enduro Vietnam,/,/,internal,200,/
/all-tours/three-day-tour-dalat-muine,All tours,/all-tours,/all-tours,internal,200,/all-tours
/all-tours/three-day-tour-dalat-muine,Watch more tours,https://enduro-vietnam.com/all-tours/,/all-tours,internal,200,/all-tours
/all-tours/three-day-tour-dalat-muine,/all-tours/dalat-enduro-tour-one-day,https://enduro-vietnam.com/all-tours/dalat-enduro-tour-one-day,/all-tours/dalat-enduro-tour-one-day,internal,200,/all-tours/dalat-enduro-tour-one-day
/all-tours/three-day-tour-dalat-muine,READ MORE,https://enduro-vietnam.com/all-tours/dalat-enduro-tour-one-day,/all-tours/dalat-enduro-tour-one-day,internal,200,/all-tours/dalat-enduro-tour-one-day
/all-tours/three-day-tour-dalat-muine,/all-tours/dalat-enduro-tour-advanced,https://enduro-vietnam.com/all-tours/dalat-enduro-tour-advanced,/all-tours/dalat-enduro-tour-advanced,internal,200,/all-tours/dalat-enduro-tour-advanced
/all-tours/three-day-tour-dalat-muine,READ MORE,https://enduro-vietnam.com/all-tours/dalat-enduro-tour-advanced,/all-tours/dalat-enduro-tour-advanced,internal,200,/all-tours/dalat-enduro-tour-advanced
/all-tours/three-day-tour-dalat-muine,/all-tours/dalat-enduro-tour-two-day,https://enduro-vietnam.com/all-tours/dalat-enduro-tour-two-day,/all-tours/dalat-enduro-tour-two-day,internal,200,/all-tours/dalat-enduro-tour-two-day
/all-tours/three-day-tour-dalat-muine,READ MORE,https://enduro-vietnam.com/all-tours/dalat-enduro-tour-two-day,/all-tours/dalat-enduro-tour-two-day,internal,200,/all-tours/dalat-enduro-tour-two-day
/all-tours/three-day-tour-dalat-muine,/all-tours/three-day-tour-dalat-nhatrang,https://enduro-vietnam.com/all-tours/three-day-tour-dalat-nhatrang,/all-tours/three-day-tour-dalat-nhatrang,internal,200,/all-tours/three-day-tour-dalat-nhatrang
/all-tours/three-day-tour-dalat-muine,READ MORE,https://enduro-vietnam.com/all-tours/three-day-tour-dalat-nhatrang,/all-tours/three-day-tour-dalat-nhatrang,internal,200,/all-tours/three-day-tour-dalat-nhatrang
/all-tours/three-day-tour-dalat-muine,/all-tours/three-day-tour-dalat-muine,https://enduro-vietnam.com/all-tours/three-day-tour-dalat-muine,/all-tours/three-day-tour-dalat-muine,internal,200,/all-tours/three-day-tour-dalat-muine
/all-tours/three-day-tour-dalat-muine,READ MORE,https://enduro-vietnam.com/all-tours/three-day-tour-dalat-muine,/all-tours/three-day-tour-dalat-muine,internal,200,/all-tours/three-day-tour-dalat-muine
/all-tours/three-day-tour-dalat-muine,/all-tours/dalat-easy-rider-enduro-beginners,https://enduro-vietnam.com/all-tours/dalat-easy-rider-enduro-beginners,/all-tours/dalat-easy-rider-enduro-beginners,internal,200,/all-tours/dalat-easy-rider-enduro-beginners
/all-tours/three-day-tour-dalat-muine,READ MORE,https://enduro-vietnam.com/all-tours/dalat-easy-rider-enduro-beginners,/all-tours/dalat-easy-rider-enduro-beginners,internal,200,/all-tours/dalat-easy-rider-enduro-beginners
/all-tours/three-day-tour-dalat-muine,/all-tours/nhatrang-enduro-tour-one-day,https://enduro-vietnam.com/all-tours/nhatrang-enduro-tour-one-day,/all-tours/nhatrang-enduro-tour-one-day,internal,200,/all-tours/nhatrang-enduro-tour-one-day
/all-tours/three-day-tour-dalat-muine,READ MORE,https://enduro-vietnam.com/all-tours/nhatrang-enduro-tour-one-day,/all-tours/nhatrang-enduro-tour-one-day,internal,200,/all-tours/nhatrang-enduro-tour-one-day
/all-tours/three-day-tour-dalat-muine,/all-tours/nhatrang-enduro-tour-advanced,https://enduro-vietnam.com/all-tours/nhatrang-enduro-tour-advanced,/all-tours/nhatrang-enduro-tour-advanced,internal,200,/all-tours/nhatrang-enduro-tour-advanced
/all-tours/three-day-tour-dalat-muine,READ MORE,https://enduro-vietnam.com/all-tours/nhatrang-enduro-tour-advanced,/all-tours/nhatrang-enduro-tour-advanced,internal,200,/all-tours/nhatrang-enduro-tour-advanced
/all-tours/three-day-tour-dalat-muine,/all-tours/motorbike-tour-south-vietnam-4-days,https://enduro-vietnam.com/all-tours/motorbike-tour-south-vietnam-4-days,/all-tours/motorbike-tour-south-vietnam-4-days,internal,200,/all-tours/motorbike-tour-south-vietnam-4-days
/all-tours/three-day-tour-dalat-muine,READ MORE,https://enduro-vietnam.com/all-tours/motorbike-tour-south-vietnam-4-days,/all-tours/motorbike-tour-south-vietnam-4-days,internal,200,/all-tours/motorbike-tour-south-vietnam-4-days
/all-tours/three-day-tour-dalat-muine,Watch more tours,https://enduro-vietnam.com/all-tours/,/all-tours,internal,200,/all-tours
/all-tours/three-day-tour-dalat-muine,TO BOOK,https://t.me/mototourvietnam,https://t.me/mototourvietnam,external,,
/all-tours/three-day-tour-dalat-muine,READ MORE,https://enduro-vietnam.com/all-tours/dalat-enduro-tour-one-day,/all-tours/dalat-enduro-tour-one-day,internal,200,/all-tours/dalat-enduro-tour-one-day
/all-tours/three-day-tour-dalat-muine,TO BOOK,https://t.me/mototourvietnam,https://t.me/mototourvietnam,external,,
/all-tours/three-day-tour-dalat-muine,READ MORE,https://enduro-vietnam.com/all-tours/dalat-enduro-tour-advanced,/all-tours/dalat-enduro-tour-advanced,internal,200,/all-tours/dalat-enduro-tour-advanced
/all-tours/three-day-tour-dalat-muine,TO BOOK,https://t.me/mototourvietnam,https://t.me/mototourvietnam,external,,
/all-tours/three-day-tour-dalat-muine,READ MORE,https://enduro-vietnam.com/all-tours/dalat-enduro-tour-two-day,/all-tours/dalat-enduro-tour-two-day,internal,200,/all-tours/dalat-enduro-tour-two-day
/all-tours/three-day-tour-dalat-muine,TO BOOK,https://t.me/mototourvietnam,https://t.me/mototourvietnam,external,,
/all-tours/three-day-tour-dalat-muine,READ MORE,https://enduro-vietnam.com/all-tours/three-day-tour-dalat-nhatrang,/all-tours/three-day-tour-dalat-nhatrang,internal,200,/all-tours/three-day-tour-dalat-nhatrang
/all-tours/three-day-tour-dalat-muine,TO BOOK,https://t.me/mototourvietnam,https://t.me/mototourvietnam,external,,
/all-tours/three-day-tour-dalat-muine,READ MORE,https://enduro-vietnam.com/all-tours/three-day-tour-dalat-muine,/all-tours/three-day-tour-dalat-muine,internal,200,/all-tours/three-day-tour-dalat-muine
/all-tours/three-day-tour-dalat-muine,TO BOOK,https://t.me/mototourvietnam,https://t.me/mototourvietnam,external,,
/all-tours/three-day-tour-dalat-muine,READ MORE,https://enduro-vietnam.com/all-tours/dalat-easy-rider-enduro-beginners,/all-tours/dalat-easy-rider-enduro-beginners,internal,200,/all-tours/dalat-easy-rider-enduro-beginners
/all-tours/three-day-tour-dalat-muine,TO BOOK,https://t.me/mototourvietnam,https://t.me/mototourvietnam,external,,
/all-tours/three-day-tour-dalat-muine,READ MORE,https://enduro-vietnam.com/all-tours/nhatrang-enduro-tour-one-day,/all-tours/nhatrang-enduro-tour-one-day,internal,200,/all-tours/nhatrang-enduro-tour-one-day
/all-tours/three-day-tour-dalat-muine,TO BOOK,https://t.me/mototourvietnam,https://t.me/mototourvietnam,external,,
/all-tours/three-day-tour-dalat-muine,READ MORE,https://enduro-vietnam.com/all-tours/nhatrang-enduro-tour-advanced,/all-tours/nhatrang-enduro-tour-advanced,internal,200,/all-tours/nhatrang-enduro-tour-advanced
/all-tours/three-day-tour-dalat-muine,TO BOOK,https://t.me/mototourvietnam,https://t.me/mototourvietnam,external,,
/all-tours/three-day-tour-dalat-muine,READ MORE,https://enduro-vietnam.com/all-tours/motorbike-tour-south-vietnam-4-days,/all-tours/motorbike-tour-south-vietnam-4-days,internal,200,/all-tours/motorbike-tour-south-vietnam-4-days
/all-tours/three-day-tour-dalat-muine,TO BOOK,https://t.me/mototourvietnam,https://t.me/mototourvietnam,external,,
/all-tours/three-day-tour-dalat-muine,READ MORE,https://enduro-vietnam.com/all-tours/5-day-motorbike-tour-from-saigon-ho-chi-minh-city,/all-tours/5-day-motorbike-tour-from-saigon-ho-chi-minh-city,internal,200,/all-tours/5-day-motorbike-tour-from-saigon-ho-chi-minh-city
/all-tours/three-day-tour-dalat-muine,TO BOOK,https://t.me/mototourvietnam,https://t.me/mototourvietnam,external,,
/all-tours/three-day-tour-dalat-muine,READ MORE,https://enduro-vietnam.com/all-tours/mekong-delta-and-coastline-vietnam-motorbike-tour-6-days,/all-tours/mekong-delta-and-coastline-vietnam-motorbike-tour-6-days,internal,200,/all-tours/mekong-delta-and-coastline-vietnam-motorbike-tour-6-days
/all-tours/three-day-tour-dalat-muine,TO BOOK,https://t.me/mototourvietnam,https://t.me/mototourvietnam,external,,
/all-tours/three-day-tour-dalat-muine,READ MORE,https://enduro-vietnam.com/all-tours/motorcycle-tour-on-coastline-and-highlands-vietnam-7-days,/all-tours/motorcycle-tour-on-coastline-and-highlands-vietnam-7-days,internal,200,/all-tours/motorcycle-tour-on-coastline-and-highlands-vietnam-7-days
/all-tours/three-day-tour-dalat-muine,TO BOOK,https://t.me/mototourvietnam,https://t.me/mototourvietnam,external,,
/all-tours/three-day-tour-dalat-muine,READ MORE,https://enduro-vietnam.com/all-tours/saigon-motorbike-tour-10-days,/all-tours/saigon-motorbike-tour-10-days,internal,200,/all-tours/saigon-motorbike-tour-10-days
/all-tours/three-day-tour-dalat-muine,TO BOOK,https://t.me/mototourvietnam,https://t.me/mototourvietnam,external,,
/all-tours/three-day-tour-dalat-muine,READ MORE,https://enduro-vietnam.com/all-tours/south-vietnam-motorbike-tour-7-days,/all-tours/south-vietnam-motorbike-tour-7-days,internal,200,/all-tours/south-vietnam-motorbike-tour-7-days
/all-tours/three-day-tour-dalat-muine,/all-tours/dalat-enduro-tour-one-day,https://enduro-vietnam.com/all-tours/dalat-enduro-tour-one-day,/all-tours/dalat-enduro-tour-one-day,internal,200,/all-tours/dalat-enduro-tour-one-day
/all-tours/three-day-tour-dalat-muine,READ MORE,https://enduro-vietnam.com/all-tours/dalat-enduro-tour-one-day,/all-tours/dalat-enduro-tour-one-day,internal,200,/all-tours/dalat-enduro-tour-one-day
/all-tours/three-day-tour-dalat-muine,/all-tours/dalat-enduro-tour-advanced,https://enduro-vietnam.com/all-tours/dalat-enduro-tour-advanced,/all-tours/dalat-enduro-tour-advanced,internal,200,/all-tours/dalat-enduro-tour-advanced
/all-tours/three-day-tour-dalat-muine,READ MORE,https://enduro-vietnam.com/all-tours/dalat-enduro-tour-advanced,/all-tours/dalat-enduro-tour-advanced,internal,200,/all-tours/dalat-enduro-tour-advanced
/all-tours/three-day-tour-dalat-muine,/all-tours/dalat-enduro-tour-two-day,https://enduro-vietnam.com/all-tours/dalat-enduro-tour-two-day,/all-tours/dalat-enduro-tour-two-day,internal,200,/all-tours/dalat-enduro-tour-two-day
/all-tours/three-day-tour-dalat-muine,READ MORE,https://enduro-vietnam.com/all-tours/dalat-enduro-tour-two-day,/all-tours/dalat-enduro-tour-two-day,internal,200,/all-tours/dalat-enduro-tour-two-day
/all-tours/three-day-tour-dalat-muine,/all-tours/three-day-tour-dalat-nhatrang,https://enduro-vietnam.com/all-tours/three-day-tour-dalat-nhatrang,/all-tours/three-day-tour-dalat-nhatrang,internal,200,/all-tours/three-day-tour-dalat-nhatrang
/all-tours/three-day-tour-dalat-muine,READ MORE,https://enduro-vietnam.com/all-tours/three-day-tour-dalat-nhatrang,/all-tours/three-day-tour-dalat-nhatrang,internal,200,/all-tours/three-day-tour-dalat-nhatrang
/all-tours/three-day-tour-dalat-muine,/all-tours/three-day-tour-dalat-muine,https://enduro-vietnam.com/all-tours/three-day-tour-dalat-muine,/all-tours/three-day-tour-dalat-muine,internal,200,/all-tours/three-day-tour-dalat-muine
/all-tours/three-day-tour-dalat-muine,READ MORE,https://enduro-vietnam.com/all-tours/three-day-tour-dalat-muine,/all-tours/three-day-tour-dalat-muine,internal,200,/all-tours/three-day-tour-dalat-muine
/all-tours/three-day-tour-dalat-muine,/all-tours/dalat-easy-rider-enduro-beginners,https://enduro-vietnam.com/all-tours/dalat-easy-rider-enduro-beginners,/all-tours/dalat-easy-rider-enduro-beginners,internal,200,/all-tours/dalat-easy-rider-enduro-beginners
/all-tours/three-day-tour-dalat-muine,READ MORE,https://enduro-vietnam.com/all-tours/dalat-easy-rider-enduro-beginners,/all-tours/dalat-easy-rider-enduro-beginners,internal,200,/all-tours/dalat-easy-rider-enduro-beginners
/all-tours/three-day-tour-dalat-muine,/all-tours/nhatrang-enduro-tour-one-day,https://enduro-vietnam.com/all-tours/nhatrang-enduro-tour-one-day,/all-tours/nhatrang-enduro-tour-one-day,internal,200,/all-tours/nhatrang-enduro-tour-one-day
/all-tours/three-day-tour-dalat-muine,READ MORE,https://enduro-vietnam.com/all-tours/nhatrang-enduro-tour-one-day,/all-tours/nhatrang-enduro-tour-one-day,internal,200,/all-tours/nhatrang-enduro-tour-one-day
/all-tours/three-day-tour-dalat-muine,/all-tours/nhatrang-enduro-tour-advanced,https://enduro-vietnam.com/all-tours/nhatrang-enduro-tour-advanced,/all-tours/nhatrang-enduro-tour-advanced,internal,200,/all-tours/nhatrang-enduro-tour-advanced
/all-tours/three-day-tour-dalat-muine,READ MORE,https://enduro-vietnam.com/all-tours/nhatrang-enduro-tour-advanced,/all-tours/nhatrang-enduro-tour-advanced,internal,200,/all-tours/nhatrang-enduro-tour-advanced
/all-tours/three-day-tour-dalat-muine,/all-tours/motorbike-tour-south-vietnam-4-days,https://enduro-vietnam.com/all-tours/motorbike-tour-south-vietnam-4-days,/all-tours/motorbike-tour-south-vietnam-4-days,internal,200,/all-tours/motorbike-tour-south-vietnam-4-days
/all-tours/three-day-tour-dalat-muine,READ MORE,https://enduro-vietnam.com/all-tours/motorbike-tour-south-vietnam-4-days,/all-tours/motorbike-tour-south-vietnam-4-days,internal,200,/all-tours/motorbike-tour-south-vietnam-4-days
/all-tours/three-day-tour-dalat-muine,/all-tours/5-day-motorbike-tour-from-saigon-ho-chi-minh-city,https://enduro-vietnam.com/all-tours/5-day-motorbike-tour-from-saigon-ho-chi-minh-city,/all-tours/5-day-motorbike-tour-from-saigon-ho-chi-minh-city,internal,200,/all-tours/5-day-motorbike-tour-from-saigon-ho-chi-minh-city
/all-tours/three-day-tour-dalat-muine,READ MORE,https://enduro-vietnam.com/all-tours/5-day-motorbike-tour-from-saigon-ho-chi-minh-city,/all-tours/5-day-motorbike-tour-from-saigon-ho-chi-minh-city,internal,200,/all-tours/5-day-motorbike-tour-from-saigon-ho-chi-minh-city
/all-tours/three-day-tour-dalat-muine,/all-tours/mekong-delta-and-coastline-vietnam-motorbike-tour-6-days,https://enduro-vietnam.com/all-tours/mekong-delta-and-coastline-vietnam-motorbike-tour-6-days,/all-tours/mekong-delta-and-coastline-vietnam-motorbike-tour-6-days,internal,200,/all-tours/mekong-delta-and-coastline-vietnam-motorbike-tour-6-days
/all-tours/three-day-tour-dalat-muine,READ MORE,https://enduro-vietnam.com/all-tours/mekong-delta-and-coastline-vietnam-motorbike-tour-6-days,/all-tours/mekong-delta-and-coastline-vietnam-motorbike-tour-6-days,internal,200,/all-tours/mekong-delta-and-coastline-vietnam-motorbike-tour-6-days
/all-tours/three-day-tour-dalat-muine,/all-tours/motorcycle-tour-on-coastline-and-highlands-vietnam-7-days,https://enduro-vietnam.com/all-tours/motorcycle-tour-on-coastline-and-highlands-vietnam-7-days,/all-tours/motorcycle-tour-on-coastline-and-highlands-vietnam-7-days,internal,200,/all-tours/motorcycle-tour-on-coastline-and-highlands-vietnam-7-days
/all-tours/three-day-tour-dalat-muine,READ MORE,https://enduro-vietnam.com/all-tours/motorcycle-tour-on-coastline-and-highlands-vietnam-7-days,/all-tours/motorcycle-tour-on-coastline-and-highlands-vietnam-7-days,internal,200,/all-tours/motorcycle-tour-on-coastline-and-highlands-vietnam-7-days
/all-tours/three-day-tour-dalat-muine,/all-tours/saigon-motorbike-tour-10-days,https://enduro-vietnam.com/all-tours/saigon-motorbike-tour-10-days,/all-tours/saigon-motorbike-tour-10-days,internal,200,/all-tours/saigon-motorbike-tour-10-days
/all-tours/three-day-tour-dalat-muine,READ MORE,https://enduro-vietnam.com/all-tours/saigon-motorbike-tour-10-days,/all-tours/saigon-motorbike-tour-10-days,internal,200,/all-tours/saigon-motorbike-tour-10-days
/all-tours/three-day-tour-dalat-muine,/all-tours/south-vietnam-motorbike-tour-7-days,https://enduro-vietnam.com/all-tours/south-vietnam-motorbike-tour-7-days,/all-tours/south-vietnam-motorbike-tour-7-days,internal,200,/all-tours/south-vietnam-motorbike-tour-7-days
/all-tours/three-day-tour-dalat-muine,READ MORE,https://enduro-vietnam.com/all-tours/south-vietnam-motorbike-tour-7-days,/all-tours/south-vietnam-motorbike-tour-7-days,internal,200,/all-tours/south-vietnam-motorbike-tour-7-days
/all-tours/three-day-tour-dalat-muine,https://t.me/mototourvietnam,https://t.me/mototourvietnam,https://t.me/mototourvietnam,external,,
/all-tours/three-day-tour-dalat-muine,https://www.instagram.com/enduro.vietnam,https://www.instagram.com/enduro.vietnam,https://www.instagram.com/enduro.vietnam,external,,
/all-tours/three-day-tour-dalat-muine,https://wa.me/79994564498,https://wa.me/79994564498,https://wa.me/79994564498,external,,
/all-tours/three-day-tour-dalat-muine,https://t.me/mototourvietnam,https://t.me/mototourvietnam,https://t.me/mototourvietnam,external,,
/all-tours/three-day-tour-dalat-muine,https://www.instagram.com/enduro.vietnam,https://www.instagram.com/enduro.vietnam,https://www.instagram.com/enduro.vietnam,external,,
/all-tours/three-day-tour-dalat-muine,https://wa.me/79994564498,https://wa.me/79994564498,https://wa.me/79994564498,external,,
/all-tours/three-day-tour-dalat-muine,https://t.me/mototourvietnam,https://t.me/mototourvietnam,https://t.me/mototourvietnam,external,,
/all-tours/three-day-tour-dalat-muine,https://www.instagram.com/enduro.vietnam,https://www.instagram.com/enduro.vietnam,https://www.instagram.com/enduro.vietnam,external,,
/all-tours/three-day-tour-dalat-muine,https://wa.me/79994564498,https://wa.me/79994564498,https://wa.me/79994564498,external,,
/all-tours/three-day-tour-dalat-muine,https://t.me/mototourvietnam,https://t.me/mototourvietnam,https://t.me/mototourvietnam,external,,
/all-tours/three-day-tour-dalat-muine,https://www.instagram.com/enduro.vietnam,https://www.instagram.com/enduro.vietnam,https://www.instagram.com/enduro.vietnam,external,,
/all-tours/three-day-tour-dalat-muine,https://wa.me/79994564498,https://wa.me/79994564498,https://wa.me/79994564498,external,,
/all-tours/three-day-tour-dalat-muine,https://t.me/mototourvietnam,https://t.me/mototourvietnam,https://t.me/mototourvietnam,external,,
/all-tours/three-day-tour-dalat-muine,https://www.instagram.com/enduro.vietnam,https://www.instagram.com/enduro.vietnam,https://www.instagram.com/enduro.vietnam,external,,
/all-tours/three-day-tour-dalat-muine,https://wa.me/79994564498,https://wa.me/79994564498,https://wa.me/79994564498,external,,
/all-tours/three-day-tour-dalat-muine,logo YouTube,https://youtube.com/@enduro.vietnam?si=FDMtZYMkF863JBpP,https://youtube.com/@enduro.vietnam?si=FDMtZYMkF863JBpP,external,,
/all-tours/three-day-tour-dalat-muine,youtube.com/@enduro.vietnam,https://youtube.com/@enduro.vietnam?si=FDMtZYMkF863JBpP,https://youtube.com/@enduro.vietnam?si=FDMtZYMkF863JBpP,external,,
/all-tours/three-day-tour-dalat-muine,logo Instagram,https://www.instagram.com/enduro.vietnam/,https://www.instagram.com/enduro.vietnam/,external,,
/all-tours/three-day-tour-dalat-muine,instagram.com/enduro.vietnam,https://www.instagram.com/enduro.vietnam/,https://www.instagram.com/enduro.vietnam/,external,,
/all-tours/three-day-tour-dalat-muine,processing of personal data,/privacy,/privacy,internal,200,/privacy
/all-tours/three-day-tour-dalat-muine,Главная страница,/ru,/ru,internal,200,/ru
/all-tours/three-day-tour-dalat-muine,Эндуро туры в Далате,/ru/dalat,/ru/dalat,internal,200,/ru/dalat
/all-tours/three-day-tour-dalat-muine,Эндуро туры в Нячанге,/ru/nhatrang,/ru/nhatrang,internal,200,/ru/nhatrang
/all-tours/three-day-tour-dalat-muine,Эндуро туры в Дананге,/ru/danang,/ru/danang,internal,200,/ru/danang
/all-tours/three-day-tour-dalat-muine,Эндуро туры в Муйне,/ru/muine,/ru/muine,internal,200,/ru/muine
/all-tours/three-day-tour-dalat-muine,Все туры,/ru/all-tours,/ru/all-tours,internal,200,/ru/all-tours
/all-tours/three-day-tour-dalat-muine,Аренда скутеров Далат,ru/rent-motorbike-dalat,/ru/rent-motorbike-dalat,internal,404,/all-tours/ru/rent-motorbike-dalat
/all-tours/three-day-tour-dalat-muine,Аренда скутеров Нячанг,ru/rent-scooter-nhatrang,/ru/rent-scooter-nhatrang,internal,404,/all-tours/ru/rent-scooter-nhatrang
/all-tours/three-day-tour-dalat-muine,/aboutourclinic,/aboutourclinic,,unavailable,404,/aboutourclinic
/all-tours/three-day-tour-dalat-muine,Enduro tours in Vietnam,/,/,internal,200,/
/all-tours/three-day-tour-dalat-muine,Dalat,/dalat,/dalat,internal,200,/dalat
/all-tours/three-day-tour-dalat-muine,Nha Trang,/nhatrang,/nhatrang,internal,200,/nhatrang
/all-tours/three-day-tour-dalat-muine,Danang,/danang,/danang,internal,200,/danang
/all-tours/three-day-tour-dalat-muine,Muine,/muine,/muine,internal,200,/muine
/all-tours/three-day-tour-dalat-muine,All tours,/all-tours,/all-tours,internal,200,/all-tours
/all-tours/three-day-tour-dalat-muine,Scooter rental in Dalat,/rent-motorbike-dalat,/rent-motorbike-dalat,internal,200,/rent-motorbike-dalat
/all-tours/three-day-tour-dalat-muine,Scooter rental in Nha Trang,/rent-scooter-nhatrang,/rent-scooter-nhatrang,internal,200,/rent-scooter-nhatrang
/all-tours/three-day-tour-dalat-muine,Vietnam,https://maps.app.goo.gl/hvewF4aRPsdtciud6,https://maps.app.goo.gl/hvewF4aRPsdtciud6,external,,
/all-tours/three-day-tour-dalat-muine,https://t.me/mototourvietnam,https://t.me/mototourvietnam,https://t.me/mototourvietnam,external,,
/all-tours/three-day-tour-dalat-muine,https://www.instagram.com/enduro.vietnam,https://www.instagram.com/enduro.vietnam,https://www.instagram.com/enduro.vietnam,external,,
/all-tours/three-day-tour-dalat-muine,https://wa.me/79994564498,https://wa.me/79994564498,https://wa.me/79994564498,external,,
/all-tours/three-day-tour-dalat-muine,Enduro tours in Vietnam,/,/,internal,200,/
/all-tours/three-day-tour-dalat-muine,Dalat,/dalat,/dalat,internal,200,/dalat
/all-tours/three-day-tour-dalat-muine,Nha Trang,/nhatrang,/nhatrang,internal,200,/nhatrang
/all-tours/three-day-tour-dalat-muine,Danang,/danang,/danang,internal,200,/danang
/all-tours/three-day-tour-dalat-muine,All tours,/all-tours,/all-tours,internal,200,/all-tours
/all-tours/three-day-tour-dalat-muine,Scooter rental in Dalat,/rent-motorbike-dalat,/rent-motorbike-dalat,internal,200,/rent-motorbike-dalat
/all-tours/three-day-tour-dalat-muine,Мототуры по всему Вьетнаму,/ru,/ru,internal,200,/ru
/all-tours/three-day-tour-dalat-muine,Аренда Dirt байков и эндуро туры в Муйне,/ru/muine,/ru/muine,internal,200,/ru/muine
/all-tours/three-day-tour-dalat-muine,Аренда эндуро мотоциклов и мото туры в Далате,/ru/dalat,/ru/dalat,internal,200,/ru/dalat
/all-tours/three-day-tour-dalat-muine,Эндуро туры в Нячанге,/ru/nhatrang,/ru/nhatrang,internal,200,/ru/nhatrang
/all-tours/three-day-tour-dalat-muine,https://t.me/mototourvietnam,https://t.me/mototourvietnam,https://t.me/mototourvietnam,external,,
/all-tours/three-day-tour-dalat-muine,https://www.instagram.com/enduro.vietnam,https://www.instagram.com/enduro.vietnam,https://www.instagram.com/enduro.vietnam,external,,
/all-tours/three-day-tour-dalat-muine,https://wa.me/79994564498,https://wa.me/79994564498,https://wa.me/79994564498,external,,
/all-tours/three-day-tour-dalat-muine,https://t.me/mototourvietnam,https://t.me/mototourvietnam,https://t.me/mototourvietnam,external,,
/all-tours/three-day-tour-dalat-muine,Creatium,https://creatium.app,https://creatium.app,external,,
/all-tours/three-day-tour-dalat-nhatrang,/,/,/,internal,200,/
/all-tours/three-day-tour-dalat-nhatrang,All tours,/all-tours,/all-tours,internal,200,/all-tours
/all-tours/three-day-tour-dalat-nhatrang,https://t.me/mototourvietnam,https://t.me/mototourvietnam,https://t.me/mototourvietnam,external,,
/all-tours/three-day-tour-dalat-nhatrang,https://www.instagram.com/enduro.vietnam,https://www.instagram.com/enduro.vietnam,https://www.instagram.com/enduro.vietnam,external,,
/all-tours/three-day-tour-dalat-nhatrang,https://wa.me/79994564498,https://wa.me/79994564498,https://wa.me/79994564498,external,,
/all-tours/three-day-tour-dalat-nhatrang,/,/,/,internal,200,/
/all-tours/three-day-tour-dalat-nhatrang,Type: Mini-band,http://,http://,external,,
/all-tours/three-day-tour-dalat-nhatrang,Group size: 4 people,http://,http://,external,,
/all-tours/three-day-tour-dalat-nhatrang,Duration: 3 days,http://,http://,external,,
/all-tours/three-day-tour-dalat-nhatrang,"Booking confirmation: record at least 2 days in advance. The organizer will confirm the booking for the date you have chosen, after which you will make a 30% prepayment.",http://,http://,external,,
/all-tours/three-day-tour-dalat-nhatrang,https://t.me/mototourvietnam,https://t.me/mototourvietnam,https://t.me/mototourvietnam,external,,
/all-tours/three-day-tour-dalat-nhatrang,https://www.instagram.com/enduro.vietnam,https://www.instagram.com/enduro.vietnam,https://www.instagram.com/enduro.vietnam,external,,
/all-tours/three-day-tour-dalat-nhatrang,https://wa.me/79994564498,https://wa.me/79994564498,https://wa.me/79994564498,external,,
/all-tours/three-day-tour-dalat-nhatrang,Enduro Vietnam,/,/,internal,200,/
/all-tours/three-day-tour-dalat-nhatrang,All tours,/all-tours,/all-tours,internal,200,/all-tours
/all-tours/three-day-tour-dalat-nhatrang,To book,https://t.me/mototourvietnam,https://t.me/mototourvietnam,external,,
/all-tours/three-day-tour-dalat-nhatrang,To book,https://t.me/mototourvietnam,https://t.me/mototourvietnam,external,,
/all-tours/three-day-tour-dalat-nhatrang,https://t.me/mototourvietnam,https://t.me/mototourvietnam,https://t.me/mototourvietnam,external,,
/all-tours/three-day-tour-dalat-nhatrang,https://www.instagram.com/enduro.vietnam,https://www.instagram.com/enduro.vietnam,https://www.instagram.com/enduro.vietnam,external,,
/all-tours/three-day-tour-dalat-nhatrang,https://wa.me/79994564498,https://wa.me/79994564498,https://wa.me/79994564498,external,,
/all-tours/three-day-tour-dalat-nhatrang,Enduro Vietnam,/,/,internal,200,/
/all-tours/three-day-tour-dalat-nhatrang,All tours,/all-tours,/all-tours,internal,200,/all-tours
/all-tours/three-day-tour-dalat-nhatrang,Watch more tours,https://enduro-vietnam.com/all-tours/,/all-tours,internal,200,/all-tours
/all-tours/three-day-tour-dalat-nhatrang,/all-tours/dalat-enduro-tour-one-day,https://enduro-vietnam.com/all-tours/dalat-enduro-tour-one-day,/all-tours/dalat-enduro-tour-one-day,internal,200,/all-tours/dalat-enduro-tour-one-day
/all-tours/three-day-tour-dalat-nhatrang,READ MORE,https://enduro-vietnam.com/all-tours/dalat-enduro-tour-one-day,/all-tours/dalat-enduro-tour-one-day,internal,200,/all-tours/dalat-enduro-tour-one-day
/all-tours/three-day-tour-dalat-nhatrang,/all-tours/dalat-enduro-tour-advanced,https://enduro-vietnam.com/all-tours/dalat-enduro-tour-advanced,/all-tours/dalat-enduro-tour-advanced,internal,200,/all-tours/dalat-enduro-tour-advanced
/all-tours/three-day-tour-dalat-nhatrang,READ MORE,https://enduro-vietnam.com/all-tours/dalat-enduro-tour-advanced,/all-tours/dalat-enduro-tour-advanced,internal,200,/all-tours/dalat-enduro-tour-advanced
/all-tours/three-day-tour-dalat-nhatrang,/all-tours/dalat-enduro-tour-two-day,https://enduro-vietnam.com/all-tours/dalat-enduro-tour-two-day,/all-tours/dalat-enduro-tour-two-day,internal,200,/all-tours/dalat-enduro-tour-two-day
/all-tours/three-day-tour-dalat-nhatrang,READ MORE,https://enduro-vietnam.com/all-tours/dalat-enduro-tour-two-day,/all-tours/dalat-enduro-tour-two-day,internal,200,/all-tours/dalat-enduro-tour-two-day
/all-tours/three-day-tour-dalat-nhatrang,/all-tours/three-day-tour-dalat-nhatrang,https://enduro-vietnam.com/all-tours/three-day-tour-dalat-nhatrang,/all-tours/three-day-tour-dalat-nhatrang,internal,200,/all-tours/three-day-tour-dalat-nhatrang
/all-tours/three-day-tour-dalat-nhatrang,READ MORE,https://enduro-vietnam.com/all-tours/three-day-tour-dalat-nhatrang,/all-tours/three-day-tour-dalat-nhatrang,internal,200,/all-tours/three-day-tour-dalat-nhatrang
/all-tours/three-day-tour-dalat-nhatrang,/all-tours/three-day-tour-dalat-muine,https://enduro-vietnam.com/all-tours/three-day-tour-dalat-muine,/all-tours/three-day-tour-dalat-muine,internal,200,/all-tours/three-day-tour-dalat-muine
/all-tours/three-day-tour-dalat-nhatrang,READ MORE,https://enduro-vietnam.com/all-tours/three-day-tour-dalat-muine,/all-tours/three-day-tour-dalat-muine,internal,200,/all-tours/three-day-tour-dalat-muine
/all-tours/three-day-tour-dalat-nhatrang,/all-tours/dalat-easy-rider-enduro-beginners,https://enduro-vietnam.com/all-tours/dalat-easy-rider-enduro-beginners,/all-tours/dalat-easy-rider-enduro-beginners,internal,200,/all-tours/dalat-easy-rider-enduro-beginners
/all-tours/three-day-tour-dalat-nhatrang,READ MORE,https://enduro-vietnam.com/all-tours/dalat-easy-rider-enduro-beginners,/all-tours/dalat-easy-rider-enduro-beginners,internal,200,/all-tours/dalat-easy-rider-enduro-beginners
/all-tours/three-day-tour-dalat-nhatrang,/all-tours/nhatrang-enduro-tour-one-day,https://enduro-vietnam.com/all-tours/nhatrang-enduro-tour-one-day,/all-tours/nhatrang-enduro-tour-one-day,internal,200,/all-tours/nhatrang-enduro-tour-one-day
/all-tours/three-day-tour-dalat-nhatrang,READ MORE,https://enduro-vietnam.com/all-tours/nhatrang-enduro-tour-one-day,/all-tours/nhatrang-enduro-tour-one-day,internal,200,/all-tours/nhatrang-enduro-tour-one-day
/all-tours/three-day-tour-dalat-nhatrang,/all-tours/nhatrang-enduro-tour-advanced,https://enduro-vietnam.com/all-tours/nhatrang-enduro-tour-advanced,/all-tours/nhatrang-enduro-tour-advanced,internal,200,/all-tours/nhatrang-enduro-tour-advanced
/all-tours/three-day-tour-dalat-nhatrang,READ MORE,https://enduro-vietnam.com/all-tours/nhatrang-enduro-tour-advanced,/all-tours/nhatrang-enduro-tour-advanced,internal,200,/all-tours/nhatrang-enduro-tour-advanced
/all-tours/three-day-tour-dalat-nhatrang,/all-tours/motorbike-tour-south-vietnam-4-days,https://enduro-vietnam.com/all-tours/motorbike-tour-south-vietnam-4-days,/all-tours/motorbike-tour-south-vietnam-4-days,internal,200,/all-tours/motorbike-tour-south-vietnam-4-days
/all-tours/three-day-tour-dalat-nhatrang,READ MORE,https://enduro-vietnam.com/all-tours/motorbike-tour-south-vietnam-4-days,/all-tours/motorbike-tour-south-vietnam-4-days,internal,200,/all-tours/motorbike-tour-south-vietnam-4-days
/all-tours/three-day-tour-dalat-nhatrang,Watch more tours,https://enduro-vietnam.com/all-tours/,/all-tours,internal,200,/all-tours
/all-tours/three-day-tour-dalat-nhatrang,TO BOOK,https://t.me/mototourvietnam,https://t.me/mototourvietnam,external,,
/all-tours/three-day-tour-dalat-nhatrang,READ MORE,https://enduro-vietnam.com/all-tours/dalat-enduro-tour-one-day,/all-tours/dalat-enduro-tour-one-day,internal,200,/all-tours/dalat-enduro-tour-one-day
/all-tours/three-day-tour-dalat-nhatrang,TO BOOK,https://t.me/mototourvietnam,https://t.me/mototourvietnam,external,,
/all-tours/three-day-tour-dalat-nhatrang,READ MORE,https://enduro-vietnam.com/all-tours/dalat-enduro-tour-advanced,/all-tours/dalat-enduro-tour-advanced,internal,200,/all-tours/dalat-enduro-tour-advanced
/all-tours/three-day-tour-dalat-nhatrang,TO BOOK,https://t.me/mototourvietnam,https://t.me/mototourvietnam,external,,
/all-tours/three-day-tour-dalat-nhatrang,READ MORE,https://enduro-vietnam.com/all-tours/dalat-enduro-tour-two-day,/all-tours/dalat-enduro-tour-two-day,internal,200,/all-tours/dalat-enduro-tour-two-day
/all-tours/three-day-tour-dalat-nhatrang,TO BOOK,https://t.me/mototourvietnam,https://t.me/mototourvietnam,external,,
/all-tours/three-day-tour-dalat-nhatrang,READ MORE,https://enduro-vietnam.com/all-tours/three-day-tour-dalat-nhatrang,/all-tours/three-day-tour-dalat-nhatrang,internal,200,/all-tours/three-day-tour-dalat-nhatrang
/all-tours/three-day-tour-dalat-nhatrang,TO BOOK,https://t.me/mototourvietnam,https://t.me/mototourvietnam,external,,
/all-tours/three-day-tour-dalat-nhatrang,READ MORE,https://enduro-vietnam.com/all-tours/three-day-tour-dalat-muine,/all-tours/three-day-tour-dalat-muine,internal,200,/all-tours/three-day-tour-dalat-muine
/all-tours/three-day-tour-dalat-nhatrang,TO BOOK,https://t.me/mototourvietnam,https://t.me/mototourvietnam,external,,
/all-tours/three-day-tour-dalat-nhatrang,READ MORE,https://enduro-vietnam.com/all-tours/dalat-easy-rider-enduro-beginners,/all-tours/dalat-easy-rider-enduro-beginners,internal,200,/all-tours/dalat-easy-rider-enduro-beginners
/all-tours/three-day-tour-dalat-nhatrang,TO BOOK,https://t.me/mototourvietnam,https://t.me/mototourvietnam,external,,
/all-tours/three-day-tour-dalat-nhatrang,READ MORE,https://enduro-vietnam.com/all-tours/nhatrang-enduro-tour-one-day,/all-tours/nhatrang-enduro-tour-one-day,internal,200,/all-tours/nhatrang-enduro-tour-one-day
/all-tours/three-day-tour-dalat-nhatrang,TO BOOK,https://t.me/mototourvietnam,https://t.me/mototourvietnam,external,,
/all-tours/three-day-tour-dalat-nhatrang,READ MORE,https://enduro-vietnam.com/all-tours/nhatrang-enduro-tour-advanced,/all-tours/nhatrang-enduro-tour-advanced,internal,200,/all-tours/nhatrang-enduro-tour-advanced
/all-tours/three-day-tour-dalat-nhatrang,TO BOOK,https://t.me/mototourvietnam,https://t.me/mototourvietnam,external,,
/all-tours/three-day-tour-dalat-nhatrang,READ MORE,https://enduro-vietnam.com/all-tours/motorbike-tour-south-vietnam-4-days,/all-tours/motorbike-tour-south-vietnam-4-days,internal,200,/all-tours/motorbike-tour-south-vietnam-4-days
/all-tours/three-day-tour-dalat-nhatrang,TO BOOK,https://t.me/mototourvietnam,https://t.me/mototourvietnam,external,,
/all-tours/three-day-tour-dalat-nhatrang,READ MORE,https://enduro-vietnam.com/all-tours/5-day-motorbike-tour-from-saigon-ho-chi-minh-city,/all-tours/5-day-motorbike-tour-from-saigon-ho-chi-minh-city,internal,200,/all-tours/5-day-motorbike-tour-from-saigon-ho-chi-minh-city
/all-tours/three-day-tour-dalat-nhatrang,TO BOOK,https://t.me/mototourvietnam,https://t.me/mototourvietnam,external,,
/all-tours/three-day-tour-dalat-nhatrang,READ MORE,https://enduro-vietnam.com/all-tours/mekong-delta-and-coastline-vietnam-motorbike-tour-6-days,/all-tours/mekong-delta-and-coastline-vietnam-motorbike-tour-6-days,internal,200,/all-tours/mekong-delta-and-coastline-vietnam-motorbike-tour-6-days
/all-tours/three-day-tour-dalat-nhatrang,TO BOOK,https://t.me/mototourvietnam,https://t.me/mototourvietnam,external,,
/all-tours/three-day-tour-dalat-nhatrang,READ MORE,https://enduro-vietnam.com/all-tours/motorcycle-tour-on-coastline-and-highlands-vietnam-7-days,/all-tours/motorcycle-tour-on-coastline-and-highlands-vietnam-7-days,internal,200,/all-tours/motorcycle-tour-on-coastline-and-highlands-vietnam-7-days
/all-tours/three-day-tour-dalat-nhatrang,TO BOOK,https://t.me/mototourvietnam,https://t.me/mototourvietnam,external,,
/all-tours/three-day-tour-dalat-nhatrang,READ MORE,https://enduro-vietnam.com/all-tours/saigon-motorbike-tour-10-days,/all-tours/saigon-motorbike-tour-10-days,internal,200,/all-tours/saigon-motorbike-tour-10-days
/all-tours/three-day-tour-dalat-nhatrang,TO BOOK,https://t.me/mototourvietnam,https://t.me/mototourvietnam,external,,
/all-tours/three-day-tour-dalat-nhatrang,READ MORE,https://enduro-vietnam.com/all-tours/south-vietnam-motorbike-tour-7-days,/all-tours/south-vietnam-motorbike-tour-7-days,internal,200,/all-tours/south-vietnam-motorbike-tour-7-days
/all-tours/three-day-tour-dalat-nhatrang,/all-tours/dalat-enduro-tour-one-day,https://enduro-vietnam.com/all-tours/dalat-enduro-tour-one-day,/all-tours/dalat-enduro-tour-one-day,internal,200,/all-tours/dalat-enduro-tour-one-day
/all-tours/three-day-tour-dalat-nhatrang,READ MORE,https://enduro-vietnam.com/all-tours/dalat-enduro-tour-one-day,/all-tours/dalat-enduro-tour-one-day,internal,200,/all-tours/dalat-enduro-tour-one-day
/all-tours/three-day-tour-dalat-nhatrang,/all-tours/dalat-enduro-tour-advanced,https://enduro-vietnam.com/all-tours/dalat-enduro-tour-advanced,/all-tours/dalat-enduro-tour-advanced,internal,200,/all-tours/dalat-enduro-tour-advanced
/all-tours/three-day-tour-dalat-nhatrang,READ MORE,https://enduro-vietnam.com/all-tours/dalat-enduro-tour-advanced,/all-tours/dalat-enduro-tour-advanced,internal,200,/all-tours/dalat-enduro-tour-advanced
/all-tours/three-day-tour-dalat-nhatrang,/all-tours/dalat-enduro-tour-two-day,https://enduro-vietnam.com/all-tours/dalat-enduro-tour-two-day,/all-tours/dalat-enduro-tour-two-day,internal,200,/all-tours/dalat-enduro-tour-two-day
/all-tours/three-day-tour-dalat-nhatrang,READ MORE,https://enduro-vietnam.com/all-tours/dalat-enduro-tour-two-day,/all-tours/dalat-enduro-tour-two-day,internal,200,/all-tours/dalat-enduro-tour-two-day
/all-tours/three-day-tour-dalat-nhatrang,/all-tours/three-day-tour-dalat-nhatrang,https://enduro-vietnam.com/all-tours/three-day-tour-dalat-nhatrang,/all-tours/three-day-tour-dalat-nhatrang,internal,200,/all-tours/three-day-tour-dalat-nhatrang
/all-tours/three-day-tour-dalat-nhatrang,READ MORE,https://enduro-vietnam.com/all-tours/three-day-tour-dalat-nhatrang,/all-tours/three-day-tour-dalat-nhatrang,internal,200,/all-tours/three-day-tour-dalat-nhatrang
/all-tours/three-day-tour-dalat-nhatrang,/all-tours/three-day-tour-dalat-muine,https://enduro-vietnam.com/all-tours/three-day-tour-dalat-muine,/all-tours/three-day-tour-dalat-muine,internal,200,/all-tours/three-day-tour-dalat-muine
/all-tours/three-day-tour-dalat-nhatrang,READ MORE,https://enduro-vietnam.com/all-tours/three-day-tour-dalat-muine,/all-tours/three-day-tour-dalat-muine,internal,200,/all-tours/three-day-tour-dalat-muine
/all-tours/three-day-tour-dalat-nhatrang,/all-tours/dalat-easy-rider-enduro-beginners,https://enduro-vietnam.com/all-tours/dalat-easy-rider-enduro-beginners,/all-tours/dalat-easy-rider-enduro-beginners,internal,200,/all-tours/dalat-easy-rider-enduro-beginners
/all-tours/three-day-tour-dalat-nhatrang,READ MORE,https://enduro-vietnam.com/all-tours/dalat-easy-rider-enduro-beginners,/all-tours/dalat-easy-rider-enduro-beginners,internal,200,/all-tours/dalat-easy-rider-enduro-beginners
/all-tours/three-day-tour-dalat-nhatrang,/all-tours/nhatrang-enduro-tour-one-day,https://enduro-vietnam.com/all-tours/nhatrang-enduro-tour-one-day,/all-tours/nhatrang-enduro-tour-one-day,internal,200,/all-tours/nhatrang-enduro-tour-one-day
/all-tours/three-day-tour-dalat-nhatrang,READ MORE,https://enduro-vietnam.com/all-tours/nhatrang-enduro-tour-one-day,/all-tours/nhatrang-enduro-tour-one-day,internal,200,/all-tours/nhatrang-enduro-tour-one-day
/all-tours/three-day-tour-dalat-nhatrang,/all-tours/nhatrang-enduro-tour-advanced,https://enduro-vietnam.com/all-tours/nhatrang-enduro-tour-advanced,/all-tours/nhatrang-enduro-tour-advanced,internal,200,/all-tours/nhatrang-enduro-tour-advanced
/all-tours/three-day-tour-dalat-nhatrang,READ MORE,https://enduro-vietnam.com/all-tours/nhatrang-enduro-tour-advanced,/all-tours/nhatrang-enduro-tour-advanced,internal,200,/all-tours/nhatrang-enduro-tour-advanced
/all-tours/three-day-tour-dalat-nhatrang,/all-tours/motorbike-tour-south-vietnam-4-days,https://enduro-vietnam.com/all-tours/motorbike-tour-south-vietnam-4-days,/all-tours/motorbike-tour-south-vietnam-4-days,internal,200,/all-tours/motorbike-tour-south-vietnam-4-days
/all-tours/three-day-tour-dalat-nhatrang,READ MORE,https://enduro-vietnam.com/all-tours/motorbike-tour-south-vietnam-4-days,/all-tours/motorbike-tour-south-vietnam-4-days,internal,200,/all-tours/motorbike-tour-south-vietnam-4-days
/all-tours/three-day-tour-dalat-nhatrang,/all-tours/5-day-motorbike-tour-from-saigon-ho-chi-minh-city,https://enduro-vietnam.com/all-tours/5-day-motorbike-tour-from-saigon-ho-chi-minh-city,/all-tours/5-day-motorbike-tour-from-saigon-ho-chi-minh-city,internal,200,/all-tours/5-day-motorbike-tour-from-saigon-ho-chi-minh-city
/all-tours/three-day-tour-dalat-nhatrang,READ MORE,https://enduro-vietnam.com/all-tours/5-day-motorbike-tour-from-saigon-ho-chi-minh-city,/all-tours/5-day-motorbike-tour-from-saigon-ho-chi-minh-city,internal,200,/all-tours/5-day-motorbike-tour-from-saigon-ho-chi-minh-city
/all-tours/three-day-tour-dalat-nhatrang,/all-tours/mekong-delta-and-coastline-vietnam-motorbike-tour-6-days,https://enduro-vietnam.com/all-tours/mekong-delta-and-coastline-vietnam-motorbike-tour-6-days,/all-tours/mekong-delta-and-coastline-vietnam-motorbike-tour-6-days,internal,200,/all-tours/mekong-delta-and-coastline-vietnam-motorbike-tour-6-days
/all-tours/three-day-tour-dalat-nhatrang,READ MORE,https://enduro-vietnam.com/all-tours/mekong-delta-and-coastline-vietnam-motorbike-tour-6-days,/all-tours/mekong-delta-and-coastline-vietnam-motorbike-tour-6-days,internal,200,/all-tours/mekong-delta-and-coastline-vietnam-motorbike-tour-6-days
/all-tours/three-day-tour-dalat-nhatrang,/all-tours/motorcycle-tour-on-coastline-and-highlands-vietnam-7-days,https://enduro-vietnam.com/all-tours/motorcycle-tour-on-coastline-and-highlands-vietnam-7-days,/all-tours/motorcycle-tour-on-coastline-and-highlands-vietnam-7-days,internal,200,/all-tours/motorcycle-tour-on-coastline-and-highlands-vietnam-7-days
/all-tours/three-day-tour-dalat-nhatrang,READ MORE,https://enduro-vietnam.com/all-tours/motorcycle-tour-on-coastline-and-highlands-vietnam-7-days,/all-tours/motorcycle-tour-on-coastline-and-highlands-vietnam-7-days,internal,200,/all-tours/motorcycle-tour-on-coastline-and-highlands-vietnam-7-days
/all-tours/three-day-tour-dalat-nhatrang,/all-tours/saigon-motorbike-tour-10-days,https://enduro-vietnam.com/all-tours/saigon-motorbike-tour-10-days,/all-tours/saigon-motorbike-tour-10-days,internal,200,/all-tours/saigon-motorbike-tour-10-days
/all-tours/three-day-tour-dalat-nhatrang,READ MORE,https://enduro-vietnam.com/all-tours/saigon-motorbike-tour-10-days,/all-tours/saigon-motorbike-tour-10-days,internal,200,/all-tours/saigon-motorbike-tour-10-days
/all-tours/three-day-tour-dalat-nhatrang,/all-tours/south-vietnam-motorbike-tour-7-days,https://enduro-vietnam.com/all-tours/south-vietnam-motorbike-tour-7-days,/all-tours/south-vietnam-motorbike-tour-7-days,internal,200,/all-tours/south-vietnam-motorbike-tour-7-days
/all-tours/three-day-tour-dalat-nhatrang,READ MORE,https://enduro-vietnam.com/all-tours/south-vietnam-motorbike-tour-7-days,/all-tours/south-vietnam-motorbike-tour-7-days,internal,200,/all-tours/south-vietnam-motorbike-tour-7-days
/all-tours/three-day-tour-dalat-nhatrang,https://t.me/mototourvietnam,https://t.me/mototourvietnam,https://t.me/mototourvietnam,external,,
/all-tours/three-day-tour-dalat-nhatrang,https://www.instagram.com/enduro.vietnam,https://www.instagram.com/enduro.vietnam,https://www.instagram.com/enduro.vietnam,external,,
/all-tours/three-day-tour-dalat-nhatrang,https://wa.me/79994564498,https://wa.me/79994564498,https://wa.me/79994564498,external,,
/all-tours/three-day-tour-dalat-nhatrang,https://t.me/mototourvietnam,https://t.me/mototourvietnam,https://t.me/mototourvietnam,external,,
/all-tours/three-day-tour-dalat-nhatrang,https://www.instagram.com/enduro.vietnam,https://www.instagram.com/enduro.vietnam,https://www.instagram.com/enduro.vietnam,external,,
/all-tours/three-day-tour-dalat-nhatrang,https://wa.me/79994564498,https://wa.me/79994564498,https://wa.me/79994564498,external,,
/all-tours/three-day-tour-dalat-nhatrang,https://t.me/mototourvietnam,https://t.me/mototourvietnam,https://t.me/mototourvietnam,external,,
/all-tours/three-day-tour-dalat-nhatrang,https://www.instagram.com/enduro.vietnam,https://www.instagram.com/enduro.vietnam,https://www.instagram.com/enduro.vietnam,external,,
/all-tours/three-day-tour-dalat-nhatrang,https://wa.me/79994564498,https://wa.me/79994564498,https://wa.me/79994564498,external,,
/all-tours/three-day-tour-dalat-nhatrang,https://t.me/mototourvietnam,https://t.me/mototourvietnam,https://t.me/mototourvietnam,external,,
/all-tours/three-day-tour-dalat-nhatrang,https://www.instagram.com/enduro.vietnam,https://www.instagram.com/enduro.vietnam,https://www.instagram.com/enduro.vietnam,external,,
/all-tours/three-day-tour-dalat-nhatrang,https://wa.me/79994564498,https://wa.me/79994564498,https://wa.me/79994564498,external,,
/all-tours/three-day-tour-dalat-nhatrang,https://t.me/mototourvietnam,https://t.me/mototourvietnam,https://t.me/mototourvietnam,external,,
/all-tours/three-day-tour-dalat-nhatrang,https://www.instagram.com/enduro.vietnam,https://www.instagram.com/enduro.vietnam,https://www.instagram.com/enduro.vietnam,external,,
/all-tours/three-day-tour-dalat-nhatrang,https://wa.me/79994564498,https://wa.me/79994564498,https://wa.me/79994564498,external,,
/all-tours/three-day-tour-dalat-nhatrang,logo YouTube,https://youtube.com/@enduro.vietnam?si=FDMtZYMkF863JBpP,https://youtube.com/@enduro.vietnam?si=FDMtZYMkF863JBpP,external,,
/all-tours/three-day-tour-dalat-nhatrang,youtube.com/@enduro.vietnam,https://youtube.com/@enduro.vietnam?si=FDMtZYMkF863JBpP,https://youtube.com/@enduro.vietnam?si=FDMtZYMkF863JBpP,external,,
/all-tours/three-day-tour-dalat-nhatrang,logo Instagram,https://www.instagram.com/enduro.vietnam/,https://www.instagram.com/enduro.vietnam/,external,,
/all-tours/three-day-tour-dalat-nhatrang,instagram.com/enduro.vietnam,https://www.instagram.com/enduro.vietnam/,https://www.instagram.com/enduro.vietnam/,external,,
/all-tours/three-day-tour-dalat-nhatrang,processing of personal data,/privacy,/privacy,internal,200,/privacy
/all-tours/three-day-tour-dalat-nhatrang,Главная страница,/ru,/ru,internal,200,/ru
/all-tours/three-day-tour-dalat-nhatrang,Эндуро туры в Далате,/ru/dalat,/ru/dalat,internal,200,/ru/dalat
/all-tours/three-day-tour-dalat-nhatrang,Эндуро туры в Нячанге,/ru/nhatrang,/ru/nhatrang,internal,200,/ru/nhatrang
/all-tours/three-day-tour-dalat-nhatrang,Эндуро туры в Дананге,/ru/danang,/ru/danang,internal,200,/ru/danang
/all-tours/three-day-tour-dalat-nhatrang,Эндуро туры в Муйне,/ru/muine,/ru/muine,internal,200,/ru/muine
/all-tours/three-day-tour-dalat-nhatrang,Все туры,/ru/all-tours,/ru/all-tours,internal,200,/ru/all-tours
/all-tours/three-day-tour-dalat-nhatrang,Аренда скутеров Далат,ru/rent-motorbike-dalat,/ru/rent-motorbike-dalat,internal,404,/all-tours/ru/rent-motorbike-dalat
/all-tours/three-day-tour-dalat-nhatrang,Аренда скутеров Нячанг,ru/rent-scooter-nhatrang,/ru/rent-scooter-nhatrang,internal,404,/all-tours/ru/rent-scooter-nhatrang
/all-tours/three-day-tour-dalat-nhatrang,/aboutourclinic,/aboutourclinic,,unavailable,404,/aboutourclinic
/all-tours/three-day-tour-dalat-nhatrang,Enduro tours in Vietnam,/,/,internal,200,/
/all-tours/three-day-tour-dalat-nhatrang,Dalat,/dalat,/dalat,internal,200,/dalat
/all-tours/three-day-tour-dalat-nhatrang,Nha Trang,/nhatrang,/nhatrang,internal,200,/nhatrang
/all-tours/three-day-tour-dalat-nhatrang,Danang,/danang,/danang,internal,200,/danang
/all-tours/three-day-tour-dalat-nhatrang,Muine,/muine,/muine,internal,200,/muine
/all-tours/three-day-tour-dalat-nhatrang,All tours,/all-tours,/all-tours,internal,200,/all-tours
/all-tours/three-day-tour-dalat-nhatrang,Scooter rental in Dalat,/rent-motorbike-dalat,/rent-motorbike-dalat,internal,200,/rent-motorbike-dalat
/all-tours/three-day-tour-dalat-nhatrang,Scooter rental in Nha Trang,/rent-scooter-nhatrang,/rent-scooter-nhatrang,internal,200,/rent-scooter-nhatrang
/all-tours/three-day-tour-dalat-nhatrang,Vietnam,https://maps.app.goo.gl/hvewF4aRPsdtciud6,https://maps.app.goo.gl/hvewF4aRPsdtciud6,external,,
/all-tours/three-day-tour-dalat-nhatrang,https://t.me/mototourvietnam,https://t.me/mototourvietnam,https://t.me/mototourvietnam,external,,
/all-tours/three-day-tour-dalat-nhatrang,https://www.instagram.com/enduro.vietnam,https://www.instagram.com/enduro.vietnam,https://www.instagram.com/enduro.vietnam,external,,
/all-tours/three-day-tour-dalat-nhatrang,https://wa.me/79994564498,https://wa.me/79994564498,https://wa.me/79994564498,external,,
/all-tours/three-day-tour-dalat-nhatrang,Enduro tours in Vietnam,/,/,internal,200,/
/all-tours/three-day-tour-dalat-nhatrang,Dalat,/dalat,/dalat,internal,200,/dalat
/all-tours/three-day-tour-dalat-nhatrang,Nha Trang,/nhatrang,/nhatrang,internal,200,/nhatrang
/all-tours/three-day-tour-dalat-nhatrang,Danang,/danang,/danang,internal,200,/danang
/all-tours/three-day-tour-dalat-nhatrang,All tours,/all-tours,/all-tours,internal,200,/all-tours
/all-tours/three-day-tour-dalat-nhatrang,Scooter rental in Dalat,/rent-motorbike-dalat,/rent-motorbike-dalat,internal,200,/rent-motorbike-dalat
/all-tours/three-day-tour-dalat-nhatrang,Мототуры по всему Вьетнаму,/ru,/ru,internal,200,/ru
/all-tours/three-day-tour-dalat-nhatrang,Аренда Dirt байков и эндуро туры в Муйне,/ru/muine,/ru/muine,internal,200,/ru/muine
/all-tours/three-day-tour-dalat-nhatrang,Аренда эндуро мотоциклов и мото туры в Далате,/ru/dalat,/ru/dalat,internal,200,/ru/dalat
/all-tours/three-day-tour-dalat-nhatrang,Эндуро туры в Нячанге,/ru/nhatrang,/ru/nhatrang,internal,200,/ru/nhatrang
/all-tours/three-day-tour-dalat-nhatrang,https://t.me/mototourvietnam,https://t.me/mototourvietnam,https://t.me/mototourvietnam,external,,
/all-tours/three-day-tour-dalat-nhatrang,https://www.instagram.com/enduro.vietnam,https://www.instagram.com/enduro.vietnam,https://www.instagram.com/enduro.vietnam,external,,
/all-tours/three-day-tour-dalat-nhatrang,https://wa.me/79994564498,https://wa.me/79994564498,https://wa.me/79994564498,external,,
/all-tours/three-day-tour-dalat-nhatrang,https://t.me/mototourvietnam,https://t.me/mototourvietnam,https://t.me/mototourvietnam,external,,
/all-tours/three-day-tour-dalat-nhatrang,Creatium,https://creatium.app,https://creatium.app,external,,
/dalat,/,/,/,internal,200,/
/dalat,All tours,/all-tours,/all-tours,internal,200,/all-tours
/dalat,https://t.me/mototourvietnam,https://t.me/mototourvietnam,https://t.me/mototourvietnam,external,,
/dalat,https://www.instagram.com/enduro.vietnam,https://www.instagram.com/enduro.vietnam,https://www.instagram.com/enduro.vietnam,external,,
/dalat,https://wa.me/79994564498,https://wa.me/79994564498,https://wa.me/79994564498,external,,
/dalat,/,/,/,internal,200,/
/dalat,Dalat Day Tour,"https://img2.creatium.app/disk2/68/54/7e/093c77eb7a0ad2338d3889c03f88040200/zavershenie_tura.webp#%7B%22size%22:%5B1792,1058%5D,%22quality%22:8%7D","https://img2.creatium.app/disk2/68/54/7e/093c77eb7a0ad2338d3889c03f88040200/zavershenie_tura.webp#%7B%22size%22:%5B1792,1058%5D,%22quality%22:8%7D",external,,
/dalat,Enduro Tour of Dalat,"https://img2.creatium.app/disk2/53/7c/dc/e27809dd3a03fac0989d38626407d81f60/pereriv_na_perekus_dalat.webp#%7B%22size%22:%5B1792,1058%5D,%22quality%22:8%7D","https://img2.creatium.app/disk2/53/7c/dc/e27809dd3a03fac0989d38626407d81f60/pereriv_na_perekus_dalat.webp#%7B%22size%22:%5B1792,1058%5D,%22quality%22:8%7D",external,,
/dalat,"https://img2.creatium.app/disk2/68/f1/d4/1e1c760b3020f2847c8aec10dc4e46c01d/img_0568.png#%7B%22size%22:%5B950,567%5D,%22quality%22:8%7D","https://img2.creatium.app/disk2/68/f1/d4/1e1c760b3020f2847c8aec10dc4e46c01d/img_0568.png#%7B%22size%22:%5B950,567%5D,%22quality%22:8%7D","https://img2.creatium.app/disk2/68/f1/d4/1e1c760b3020f2847c8aec10dc4e46c01d/img_0568.png#%7B%22size%22:%5B950,567%5D,%22quality%22:8%7D",external,,
/dalat,"https://img2.creatium.app/disk2/67/db/c1/64b1925ff70d800a3d8e46728f54c78d40/enduro_ostanovka.webp#%7B%22size%22:%5B1792,1058%5D,%22quality%22:8%7D","https://img2.creatium.app/disk2/67/db/c1/64b1925ff70d800a3d8e46728f54c78d40/enduro_ostanovka.webp#%7B%22size%22:%5B1792,1058%5D,%22quality%22:8%7D","https://img2.creatium.app/disk2/67/db/c1/64b1925ff70d800a3d8e46728f54c78d40/enduro_ostanovka.webp#%7B%22size%22:%5B1792,1058%5D,%22quality%22:8%7D",external,,
/dalat,"https://img2.creatium.app/disk2/09/ac/76/80662f20e4be35e7d13a1129e838530024/dalat_moto_tour_1.webp#%7B%22size%22:%5B1920,1134%5D,%22quality%22:8%7D","https://img2.creatium.app/disk2/09/ac/76/80662f20e4be35e7d13a1129e838530024/dalat_moto_tour_1.webp#%7B%22size%22:%5B1920,1134%5D,%22quality%22:8%7D","https://img2.creatium.app/disk2/09/ac/76/80662f20e4be35e7d13a1129e838530024/dalat_moto_tour_1.webp#%7B%22size%22:%5B1920,1134%5D,%22quality%22:8%7D",external,,
/dalat,Type: Mini-band,http://,http://,external,,
/dalat,Group size: 4 people,http://,http://,external,,
/dalat,Duration: 3 hours,http://,http://,external,,
/dalat,"Booking confirmation: record at least 2 days in advance. The organizer will confirm the booking for the date you have chosen, after which you will make a 30% prepayment.",http://,http://,external,,
/dalat,https://t.me/mototourvietnam,https://t.me/mototourvietnam,https://t.me/mototourvietnam,external,,
/dalat,https://www.instagram.com/enduro.vietnam,https://www.instagram.com/enduro.vietnam,https://www.instagram.com/enduro.vietnam,external,,
/dalat,https://wa.me/79994564498,https://wa.me/79994564498,https://wa.me/79994564498,external,,
/dalat,Extended route in Dalat,"https://img2.creatium.app/disk2/bc/35/0f/90e6159a1d76fda2d0e86143afd299f21d/dalat_moto_tour_2.webp#%7B%22size%22:%5B1920,1134%5D,%22quality%22:8%7D","https://img2.creatium.app/disk2/bc/35/0f/90e6159a1d76fda2d0e86143afd299f21d/dalat_moto_tour_2.webp#%7B%22size%22:%5B1920,1134%5D,%22quality%22:8%7D",external,,
/dalat,Dalat Extended Enduro Tour,"https://img2.creatium.app/disk2/88/19/75/90fd24a0fb8ff59fd18a6c26a53e20baaf/dalat_moto_tour_3.webp#%7B%22size%22:%5B1920,1134%5D,%22quality%22:8%7D","https://img2.creatium.app/disk2/88/19/75/90fd24a0fb8ff59fd18a6c26a53e20baaf/dalat_moto_tour_3.webp#%7B%22size%22:%5B1920,1134%5D,%22quality%22:8%7D",external,,
/dalat,"https://img2.creatium.app/disk2/94/3d/7d/11619c83e935c79efc0bf5e0e4aabb00b1/dalat_moto_tour_5.webp#%7B%22size%22:%5B1920,1134%5D,%22quality%22:8%7D","https://img2.creatium.app/disk2/94/3d/7d/11619c83e935c79efc0bf5e0e4aabb00b1/dalat_moto_tour_5.webp#%7B%22size%22:%5B1920,1134%5D,%22quality%22:8%7D","https://img2.creatium.app/disk2/94/3d/7d/11619c83e935c79efc0bf5e0e4aabb00b1/dalat_moto_tour_5.webp#%7B%22size%22:%5B1920,1134%5D,%22quality%22:8%7D",external,,
/dalat,"https://img2.creatium.app/disk2/cf/e5/66/1a55a7e6d8669173cf6fc91361fb2063e4/dalat_moto_tour_4.webp#%7B%22size%22:%5B1920,1134%5D,%22quality%22:8%7D","https://img2.creatium.app/disk2/cf/e5/66/1a55a7e6d8669173cf6fc91361fb2063e4/dalat_moto_tour_4.webp#%7B%22size%22:%5B1920,1134%5D,%22quality%22:8%7D","https://img2.creatium.app/disk2/cf/e5/66/1a55a7e6d8669173cf6fc91361fb2063e4/dalat_moto_tour_4.webp#%7B%22size%22:%5B1920,1134%5D,%22quality%22:8%7D",external,,
/dalat,"https://img2.creatium.app/disk2/70/41/56/d3c1dfb919af53e36afba9232a28531438/dalat_moto_tour_6.webp#%7B%22size%22:%5B1920,1134%5D,%22quality%22:8%7D","https://img2.creatium.app/disk2/70/41/56/d3c1dfb919af53e36afba9232a28531438/dalat_moto_tour_6.webp#%7B%22size%22:%5B1920,1134%5D,%22quality%22:8%7D","https://img2.creatium.app/disk2/70/41/56/d3c1dfb919af53e36afba9232a28531438/dalat_moto_tour_6.webp#%7B%22size%22:%5B1920,1134%5D,%22quality%22:8%7D",external,,
/dalat,Type: Mini-band,http://,http://,external,,
/dalat,Group size: 4 people,http://,http://,external,,
/dalat,Duration: 6 hours,http://,http://,external,,
/dalat,"Booking confirmation: record at least 2 days in advance. The organizer will confirm the booking for the date you have chosen, after which you will make a 30% prepayment.",http://,http://,external,,
/dalat,https://t.me/mototourvietnam,https://t.me/mototourvietnam,https://t.me/mototourvietnam,external,,
/dalat,https://www.instagram.com/enduro.vietnam,https://www.instagram.com/enduro.vietnam,https://www.instagram.com/enduro.vietnam,external,,
/dalat,https://wa.me/79994564498,https://wa.me/79994564498,https://wa.me/79994564498,external,,
/dalat,Two-day Dalat tour,"https://img2.creatium.app/disk2/cd/81/c9/90a97864b50219f75cf3a98e3bf9f47c32/dalat_moto_tour_7.webp#%7B%22size%22:%5B1920,1134%5D,%22quality%22:8%7D","https://img2.creatium.app/disk2/cd/81/c9/90a97864b50219f75cf3a98e3bf9f47c32/dalat_moto_tour_7.webp#%7B%22size%22:%5B1920,1134%5D,%22quality%22:8%7D",external,,
/dalat,Two-day Dalat Enduro tour,"https://img2.creatium.app/disk2/00/4d/46/8a4fbc70c2c4af14a9ea6f44b82272c885/dalat_moto_tour_8.webp#%7B%22size%22:%5B1920,1134%5D,%22quality%22:8%7D","https://img2.creatium.app/disk2/00/4d/46/8a4fbc70c2c4af14a9ea6f44b82272c885/dalat_moto_tour_8.webp#%7B%22size%22:%5B1920,1134%5D,%22quality%22:8%7D",external,,
/dalat,"https://img2.creatium.app/disk2/d4/f6/0c/80d78094a1048d1f86aff4263b2b235e7b/dalat_moto_tour_11.webp#%7B%22size%22:%5B1920,1134%5D,%22quality%22:8%7D","https://img2.creatium.app/disk2/d4/f6/0c/80d78094a1048d1f86aff4263b2b235e7b/dalat_moto_tour_11.webp#%7B%22size%22:%5B1920,1134%5D,%22quality%22:8%7D","https://img2.creatium.app/disk2/d4/f6/0c/80d78094a1048d1f86aff4263b2b235e7b/dalat_moto_tour_11.webp#%7B%22size%22:%5B1920,1134%5D,%22quality%22:8%7D",external,,
/dalat,"https://img2.creatium.app/disk2/89/d7/72/447a7392ca43ef8b3794c47ff38e1eae72/dalat_moto_tour_10.webp#%7B%22size%22:%5B1920,1134%5D,%22quality%22:8%7D","https://img2.creatium.app/disk2/89/d7/72/447a7392ca43ef8b3794c47ff38e1eae72/dalat_moto_tour_10.webp#%7B%22size%22:%5B1920,1134%5D,%22quality%22:8%7D","https://img2.creatium.app/disk2/89/d7/72/447a7392ca43ef8b3794c47ff38e1eae72/dalat_moto_tour_10.webp#%7B%22size%22:%5B1920,1134%5D,%22quality%22:8%7D",external,,
/dalat,"https://img2.creatium.app/disk2/7d/d4/af/27a031881ed38f8e678c0aa3db8441dc7d/dalat_moto_tour_17.webp#%7B%22size%22:%5B1920,1134%5D,%22quality%22:8%7D","https://img2.creatium.app/disk2/7d/d4/af/27a031881ed38f8e678c0aa3db8441dc7d/dalat_moto_tour_17.webp#%7B%22size%22:%5B1920,1134%5D,%22quality%22:8%7D","https://img2.creatium.app/disk2/7d/d4/af/27a031881ed38f8e678c0aa3db8441dc7d/dalat_moto_tour_17.webp#%7B%22size%22:%5B1920,1134%5D,%22quality%22:8%7D",external,,
/dalat,Type: Mini-band,http://,http://,external,,
/dalat,Group size: 4 people,http://,http://,external,,
/dalat,Duration: 2 days,http://,http://,external,,
/dalat,"Booking confirmation: record at least 2 days in advance. The organizer will confirm the booking for the date you have chosen, after which you will make a 30% prepayment.",http://,http://,external,,
/dalat,https://t.me/mototourvietnam,https://t.me/mototourvietnam,https://t.me/mototourvietnam,external,,
/dalat,https://www.instagram.com/enduro.vietnam,https://www.instagram.com/enduro.vietnam,https://www.instagram.com/enduro.vietnam,external,,
/dalat,https://wa.me/79994564498,https://wa.me/79994564498,https://wa.me/79994564498,external,,
/dalat,Three-Day Tour of Dalat and Nha Trang,"https://img2.creatium.app/disk2/e6/74/77/59b161c2736a9b402575de00c83dba38f2/dalat_moto_tour_19.webp#%7B%22size%22:%5B1920,1134%5D,%22quality%22:8%7D","https://img2.creatium.app/disk2/e6/74/77/59b161c2736a9b402575de00c83dba38f2/dalat_moto_tour_19.webp#%7B%22size%22:%5B1920,1134%5D,%22quality%22:8%7D",external,,
/dalat,Three-Day Enduro Tour of Dalat and Nha Trang,"https://img2.creatium.app/disk2/dc/76/6f/700801664304d745c131f043fec0e2636f/dalat_moto_tour_18.webp#%7B%22size%22:%5B1920,1134%5D,%22quality%22:8%7D","https://img2.creatium.app/disk2/dc/76/6f/700801664304d745c131f043fec0e2636f/dalat_moto_tour_18.webp#%7B%22size%22:%5B1920,1134%5D,%22quality%22:8%7D",external,,
/dalat,"https://img2.creatium.app/disk2/84/3c/9f/b46290305eb7878687542b81bf03bb72da/dalat_moto_tour_21.webp#%7B%22size%22:%5B1920,1134%5D,%22quality%22:8%7D","https://img2.creatium.app/disk2/84/3c/9f/b46290305eb7878687542b81bf03bb72da/dalat_moto_tour_21.webp#%7B%22size%22:%5B1920,1134%5D,%22quality%22:8%7D","https://img2.creatium.app/disk2/84/3c/9f/b46290305eb7878687542b81bf03bb72da/dalat_moto_tour_21.webp#%7B%22size%22:%5B1920,1134%5D,%22quality%22:8%7D",external,,
/dalat,"https://img2.creatium.app/disk2/fc/ce/af/a92180259dca30e21a3185da2066e4815e/dalat_moto_tour_20.webp#%7B%22size%22:%5B1920,1134%5D,%22quality%22:8%7D","https://img2.creatium.app/disk2/fc/ce/af/a92180259dca30e21a3185da2066e4815e/dalat_moto_tour_20.webp#%7B%22size%22:%5B1920,1134%5D,%22quality%22:8%7D","https://img2.creatium.app/disk2/fc/ce/af/a92180259dca30e21a3185da2066e4815e/dalat_moto_tour_20.webp#%7B%22size%22:%5B1920,1134%5D,%22quality%22:8%7D",external,,
/dalat,"https://img2.creatium.app/disk2/dd/ea/02/78c1346d57eb6e22da9b21da7104502f68/dalat_moto_tour_22.webp#%7B%22size%22:%5B1920,1134%5D,%22quality%22:8%7D","https://img2.creatium.app/disk2/dd/ea/02/78c1346d57eb6e22da9b21da7104502f68/dalat_moto_tour_22.webp#%7B%22size%22:%5B1920,1134%5D,%22quality%22:8%7D","https://img2.creatium.app/disk2/dd/ea/02/78c1346d57eb6e22da9b21da7104502f68/dalat_moto_tour_22.webp#%7B%22size%22:%5B1920,1134%5D,%22quality%22:8%7D",external,,
/dalat,Type: Mini-band,http://,http://,external,,
/dalat,Group size: 4 people,http://,http://,external,,
/dalat,Duration: 3 days,http://,http://,external,,
/dalat,"Booking confirmation: record at least 2 days in advance. The organizer will confirm the booking for the date you have chosen, after which you will make a 30% prepayment.",http://,http://,external,,
/dalat,https://t.me/mototourvietnam,https://t.me/mototourvietnam,https://t.me/mototourvietnam,external,,
/dalat,https://www.instagram.com/enduro.vietnam,https://www.instagram.com/enduro.vietnam,https://www.instagram.com/enduro.vietnam,external,,
/dalat,https://wa.me/79994564498,https://wa.me/79994564498,https://wa.me/79994564498,external,,
/dalat,Three-Day Tour of Dalat and Mui Ne,"https://img2.creatium.app/disk2/f2/0d/43/2b164203306716679c2823393cd648731a/dalat_moto_tour_28.webp#%7B%22size%22:%5B1920,1134%5D,%22quality%22:8%7D","https://img2.creatium.app/disk2/f2/0d/43/2b164203306716679c2823393cd648731a/dalat_moto_tour_28.webp#%7B%22size%22:%5B1920,1134%5D,%22quality%22:8%7D",external,,
/dalat,Three-Day Enduro Tour of Dalat and Mui Ne,"https://img2.creatium.app/disk2/40/ae/c7/29adc1287ba3d214048a2b41522abd5a96/dalat_moto_tour_36.webp#%7B%22size%22:%5B1920,1134%5D,%22quality%22:8%7D","https://img2.creatium.app/disk2/40/ae/c7/29adc1287ba3d214048a2b41522abd5a96/dalat_moto_tour_36.webp#%7B%22size%22:%5B1920,1134%5D,%22quality%22:8%7D",external,,
/dalat,"https://img2.creatium.app/disk2/32/cd/7c/28b066b7e13df5d79e61d4a8878bcd550f/dalat_moto_tour_32.webp#%7B%22size%22:%5B1920,1134%5D,%22quality%22:8%7D","https://img2.creatium.app/disk2/32/cd/7c/28b066b7e13df5d79e61d4a8878bcd550f/dalat_moto_tour_32.webp#%7B%22size%22:%5B1920,1134%5D,%22quality%22:8%7D","https://img2.creatium.app/disk2/32/cd/7c/28b066b7e13df5d79e61d4a8878bcd550f/dalat_moto_tour_32.webp#%7B%22size%22:%5B1920,1134%5D,%22quality%22:8%7D",external,,
/dalat,"https://img2.creatium.app/disk2/b8/ea/d9/c1528e8eb737a48cc3569f8ed808e55aca/dalat_moto_tour_30.webp#%7B%22size%22:%5B1920,1134%5D,%22quality%22:8%7D","https://img2.creatium.app/disk2/b8/ea/d9/c1528e8eb737a48cc3569f8ed808e55aca/dalat_moto_tour_30.webp#%7B%22size%22:%5B1920,1134%5D,%22quality%22:8%7D","https://img2.creatium.app/disk2/b8/ea/d9/c1528e8eb737a48cc3569f8ed808e55aca/dalat_moto_tour_30.webp#%7B%22size%22:%5B1920,1134%5D,%22quality%22:8%7D",external,,
/dalat,"https://img2.creatium.app/disk2/08/32/4b/ebe49a00ab0a10d9b68b47c2c30dfea94b/dalat_moto_tour_33.webp#%7B%22size%22:%5B1920,1134%5D,%22quality%22:8%7D","https://img2.creatium.app/disk2/08/32/4b/ebe49a00ab0a10d9b68b47c2c30dfea94b/dalat_moto_tour_33.webp#%7B%22size%22:%5B1920,1134%5D,%22quality%22:8%7D","https://img2.creatium.app/disk2/08/32/4b/ebe49a00ab0a10d9b68b47c2c30dfea94b/dalat_moto_tour_33.webp#%7B%22size%22:%5B1920,1134%5D,%22quality%22:8%7D",external,,
/dalat,Type: Mini-band,http://,http://,external,,
/dalat,Group size: 4 people,http://,http://,external,,
/dalat,Duration: 3 days,http://,http://,external,,
/dalat,"Booking confirmation: record at least 2 days in advance. The organizer will confirm the booking for the date you have chosen, after which you will make a 30% prepayment.",http://,http://,external,,
/dalat,https://t.me/mototourvietnam,https://t.me/mototourvietnam,https://t.me/mototourvietnam,external,,
/dalat,https://www.instagram.com/enduro.vietnam,https://www.instagram.com/enduro.vietnam,https://www.instagram.com/enduro.vietnam,external,,
/dalat,https://wa.me/79994564498,https://wa.me/79994564498,https://wa.me/79994564498,external,,
/dalat,Easy Rider - Enduro Route for Beginners,"https://img2.creatium.app/disk2/21/39/ba/309d9a3821ff911dab48c7125acc0dc266/dalat_moto_tour_39.webp#%7B%22size%22:%5B1920,1134%5D,%22quality%22:8%7D","https://img2.creatium.app/disk2/21/39/ba/309d9a3821ff911dab48c7125acc0dc266/dalat_moto_tour_39.webp#%7B%22size%22:%5B1920,1134%5D,%22quality%22:8%7D",external,,
/dalat,Easy Rider - Enduro Route for Beginners of Dalat,"https://img2.creatium.app/disk2/e0/ec/7a/90dabbe76a99c06510971e268ac21dbe8a/dalat_moto_tour.webp#%7B%22size%22:%5B1920,1134%5D,%22quality%22:8%7D","https://img2.creatium.app/disk2/e0/ec/7a/90dabbe76a99c06510971e268ac21dbe8a/dalat_moto_tour.webp#%7B%22size%22:%5B1920,1134%5D,%22quality%22:8%7D",external,,
/dalat,"https://img2.creatium.app/disk2/d8/12/e4/14b6e817c60b21ad715445f343aed4a2b2/dalat_moto_tour_29.webp#%7B%22size%22:%5B1920,1134%5D,%22quality%22:8%7D","https://img2.creatium.app/disk2/d8/12/e4/14b6e817c60b21ad715445f343aed4a2b2/dalat_moto_tour_29.webp#%7B%22size%22:%5B1920,1134%5D,%22quality%22:8%7D","https://img2.creatium.app/disk2/d8/12/e4/14b6e817c60b21ad715445f343aed4a2b2/dalat_moto_tour_29.webp#%7B%22size%22:%5B1920,1134%5D,%22quality%22:8%7D",external,,
/dalat,"https://img2.creatium.app/disk2/e2/3c/5b/8a4571416812290b3c39eba50740c5cb0b/dalat_moto_tour_38.webp#%7B%22size%22:%5B1920,1134%5D,%22quality%22:8%7D","https://img2.creatium.app/disk2/e2/3c/5b/8a4571416812290b3c39eba50740c5cb0b/dalat_moto_tour_38.webp#%7B%22size%22:%5B1920,1134%5D,%22quality%22:8%7D","https://img2.creatium.app/disk2/e2/3c/5b/8a4571416812290b3c39eba50740c5cb0b/dalat_moto_tour_38.webp#%7B%22size%22:%5B1920,1134%5D,%22quality%22:8%7D",external,,
/dalat,"https://img2.creatium.app/disk2/24/60/57/b0a6f29c272adeb45d5f16cf73786e4c32/dalat_moto_tour_35.webp#%7B%22size%22:%5B1920,1134%5D,%22quality%22:8%7D","https://img2.creatium.app/disk2/24/60/57/b0a6f29c272adeb45d5f16cf73786e4c32/dalat_moto_tour_35.webp#%7B%22size%22:%5B1920,1134%5D,%22quality%22:8%7D","https://img2.creatium.app/disk2/24/60/57/b0a6f29c272adeb45d5f16cf73786e4c32/dalat_moto_tour_35.webp#%7B%22size%22:%5B1920,1134%5D,%22quality%22:8%7D",external,,
/dalat,Type: Mini-band,http://,http://,external,,
/dalat,Group size: 4 people,http://,http://,external,,
/dalat,Duration: 2.5 hours,http://,http://,external,,
/dalat,"Booking confirmation: record at least 2 days in advance. The organizer will confirm the booking for the date you have chosen, after which you will make a 30% prepayment.",http://,http://,external,,
/dalat,https://t.me/mototourvietnam,https://t.me/mototourvietnam,https://t.me/mototourvietnam,external,,
/dalat,https://www.instagram.com/enduro.vietnam,https://www.instagram.com/enduro.vietnam,https://www.instagram.com/enduro.vietnam,external,,
/dalat,https://wa.me/79994564498,https://wa.me/79994564498,https://wa.me/79994564498,external,,
/dalat,https://t.me/mototourvietnam,https://t.me/mototourvietnam,https://t.me/mototourvietnam,external,,
/dalat,https://www.instagram.com/enduro.vietnam,https://www.instagram.com/enduro.vietnam,https://www.instagram.com/enduro.vietnam,external,,
/dalat,https://wa.me/79994564498,https://wa.me/79994564498,https://wa.me/79994564498,external,,
/dalat,https://t.me/mototourvietnam,https://t.me/mototourvietnam,https://t.me/mototourvietnam,external,,
/dalat,https://www.instagram.com/enduro.vietnam,https://www.instagram.com/enduro.vietnam,https://www.instagram.com/enduro.vietnam,external,,
/dalat,https://wa.me/79994564498,https://wa.me/79994564498,https://wa.me/79994564498,external,,
/dalat,https://t.me/mototourvietnam,https://t.me/mototourvietnam,https://t.me/mototourvietnam,external,,
/dalat,https://www.instagram.com/enduro.vietnam,https://www.instagram.com/enduro.vietnam,https://www.instagram.com/enduro.vietnam,external,,
/dalat,https://wa.me/79994564498,https://wa.me/79994564498,https://wa.me/79994564498,external,,
/dalat,https://t.me/mototourvietnam,https://t.me/mototourvietnam,https://t.me/mototourvietnam,external,,
/dalat,https://www.instagram.com/enduro.vietnam,https://www.instagram.com/enduro.vietnam,https://www.instagram.com/enduro.vietnam,external,,
/dalat,https://wa.me/79994564498,https://wa.me/79994564498,https://wa.me/79994564498,external,,
/dalat,https://t.me/mototourvietnam,https://t.me/mototourvietnam,https://t.me/mototourvietnam,external,,
/dalat,https://www.instagram.com/enduro.vietnam,https://www.instagram.com/enduro.vietnam,https://www.instagram.com/enduro.vietnam,external,,
/dalat,https://wa.me/79994564498,https://wa.me/79994564498,https://wa.me/79994564498,external,,
/dalat,go to Google maps,https://maps.app.goo.gl/SS6RstzSVXo9Xgjy7,https://maps.app.goo.gl/SS6RstzSVXo9Xgjy7,external,,
/dalat,go to tripadvisor,https://www.tripadvisor.ru/Attraction_Review-g293922-d19701190-Reviews-Enduro_Vietnam-Da_Lat_Lam_Dong_Province.html,https://www.tripadvisor.ru/Attraction_Review-g293922-d19701190-Reviews-Enduro_Vietnam-Da_Lat_Lam_Dong_Province.html,external,,
/dalat,go to facebook,https://www.facebook.com/profile.php?id=61585240226310,https://www.facebook.com/profile.php?id=61585240226310,external,,
/dalat,go to Instagram,https://www.instagram.com/enduro.vietnam,https://www.instagram.com/enduro.vietnam,external,,
/dalat,go to Youtube,https://www.youtube.com/@Enduro.Vietnam,https://www.youtube.com/@Enduro.Vietnam,external,,
/dalat,go to Google maps,https://maps.app.goo.gl/SS6RstzSVXo9Xgjy7,https://maps.app.goo.gl/SS6RstzSVXo9Xgjy7,external,,
/dalat,go to tripadvisor,https://www.tripadvisor.ru/Attraction_Review-g293922-d19701190-Reviews-Enduro_Vietnam-Da_Lat_Lam_Dong_Province.html,https://www.tripadvisor.ru/Attraction_Review-g293922-d19701190-Reviews-Enduro_Vietnam-Da_Lat_Lam_Dong_Province.html,external,,
/dalat,go to facebook,https://www.facebook.com/profile.php?id=61585240226310,https://www.facebook.com/profile.php?id=61585240226310,external,,
/dalat,go to Instagram,https://www.instagram.com/enduro.vietnam/,https://www.instagram.com/enduro.vietnam/,external,,
/dalat,go to Youtube,https://www.youtube.com/@Enduro.Vietnam,https://www.youtube.com/@Enduro.Vietnam,external,,
/dalat,processing of personal data,/privacy,/privacy,internal,200,/privacy
/dalat,logo YouTube,https://youtube.com/@enduro.vietnam?si=FDMtZYMkF863JBpP,https://youtube.com/@enduro.vietnam?si=FDMtZYMkF863JBpP,external,,
/dalat,youtube.com/@enduro.vietnam,https://youtube.com/@enduro.vietnam?si=FDMtZYMkF863JBpP,https://youtube.com/@enduro.vietnam?si=FDMtZYMkF863JBpP,external,,
/dalat,logo Instagram,https://www.instagram.com/enduro.vietnam/,https://www.instagram.com/enduro.vietnam/,external,,
/dalat,instagram.com/enduro.vietnam,https://www.instagram.com/enduro.vietnam/,https://www.instagram.com/enduro.vietnam/,external,,
/dalat,"https://img2.creatium.app/plp/i.1.creatium.io/disk2/9b/8a/2c/c08c9947c8b142a4a9616d09467e014e59/img_4380.webp#%7B%22size%22:%5B2268,4032%5D,%22quality%22:8%7D","https://img2.creatium.app/plp/i.1.creatium.io/disk2/9b/8a/2c/c08c9947c8b142a4a9616d09467e014e59/img_4380.webp#%7B%22size%22:%5B2268,4032%5D,%22quality%22:8%7D","https://img2.creatium.app/plp/i.1.creatium.io/disk2/9b/8a/2c/c08c9947c8b142a4a9616d09467e014e59/img_4380.webp#%7B%22size%22:%5B2268,4032%5D,%22quality%22:8%7D",external,,
/dalat,"https://img2.creatium.app/plp/i.1.creatium.io/disk2/fe/10/6e/831d8f6f92d2204fc4e9f9fb48a611b2a5/snimok_ekrana_2025_11_11_v_22_10_58.png#%7B%22size%22:%5B606,1078%5D,%22quality%22:8%7D","https://img2.creatium.app/plp/i.1.creatium.io/disk2/fe/10/6e/831d8f6f92d2204fc4e9f9fb48a611b2a5/snimok_ekrana_2025_11_11_v_22_10_58.png#%7B%22size%22:%5B606,1078%5D,%22quality%22:8%7D","https://img2.creatium.app/plp/i.1.creatium.io/disk2/fe/10/6e/831d8f6f92d2204fc4e9f9fb48a611b2a5/snimok_ekrana_2025_11_11_v_22_10_58.png#%7B%22size%22:%5B606,1078%5D,%22quality%22:8%7D",external,,
/dalat,"https://img2.creatium.app/plp/i.1.creatium.io/disk2/6b/83/e2/058aba02e47da14bde4f01a0f6d91a9fcc/img_4208.webp#%7B%22size%22:%5B2268,4032%5D,%22quality%22:8%7D","https://img2.creatium.app/plp/i.1.creatium.io/disk2/6b/83/e2/058aba02e47da14bde4f01a0f6d91a9fcc/img_4208.webp#%7B%22size%22:%5B2268,4032%5D,%22quality%22:8%7D","https://img2.creatium.app/plp/i.1.creatium.io/disk2/6b/83/e2/058aba02e47da14bde4f01a0f6d91a9fcc/img_4208.webp#%7B%22size%22:%5B2268,4032%5D,%22quality%22:8%7D",external,,
/dalat,"https://img2.creatium.app/plp/i.1.creatium.io/disk2/86/b0/57/857e2198d932fcda3db83e89803632e03e/1_2.webp#%7B%22size%22:%5B1129,2007%5D,%22quality%22:8%7D","https://img2.creatium.app/plp/i.1.creatium.io/disk2/86/b0/57/857e2198d932fcda3db83e89803632e03e/1_2.webp#%7B%22size%22:%5B1129,2007%5D,%22quality%22:8%7D","https://img2.creatium.app/plp/i.1.creatium.io/disk2/86/b0/57/857e2198d932fcda3db83e89803632e03e/1_2.webp#%7B%22size%22:%5B1129,2007%5D,%22quality%22:8%7D",external,,
/dalat,"https://img2.creatium.app/plp/i.1.creatium.io/disk2/70/93/75/3ae36b4e3aca4386e2caa4cfa1f976e588/snimok_ekrana_2025_11_11_v_22_12_22.webp#%7B%22size%22:%5B606,1078%5D,%22quality%22:8%7D","https://img2.creatium.app/plp/i.1.creatium.io/disk2/70/93/75/3ae36b4e3aca4386e2caa4cfa1f976e588/snimok_ekrana_2025_11_11_v_22_12_22.webp#%7B%22size%22:%5B606,1078%5D,%22quality%22:8%7D","https://img2.creatium.app/plp/i.1.creatium.io/disk2/70/93/75/3ae36b4e3aca4386e2caa4cfa1f976e588/snimok_ekrana_2025_11_11_v_22_12_22.webp#%7B%22size%22:%5B606,1078%5D,%22quality%22:8%7D",external,,
/dalat,"https://img2.creatium.app/plp/i.1.creatium.io/disk2/89/c4/0b/cb2c02c8c5a2934e03b930a999dce41515/img_5924.webp#%7B%22size%22:%5B2268,4032%5D,%22quality%22:8%7D","https://img2.creatium.app/plp/i.1.creatium.io/disk2/89/c4/0b/cb2c02c8c5a2934e03b930a999dce41515/img_5924.webp#%7B%22size%22:%5B2268,4032%5D,%22quality%22:8%7D","https://img2.creatium.app/plp/i.1.creatium.io/disk2/89/c4/0b/cb2c02c8c5a2934e03b930a999dce41515/img_5924.webp#%7B%22size%22:%5B2268,4032%5D,%22quality%22:8%7D",external,,
/dalat,"https://img2.creatium.app/plp/i.1.creatium.io/disk2/5e/b9/39/a2c637595f867dd2c1b0e5bc04e8e8baa2/88e132ce_6a81_4b7a_b6d0_822d19f831f0.jpg#%7B%22size%22:%5B2160,3840%5D,%22quality%22:8%7D","https://img2.creatium.app/plp/i.1.creatium.io/disk2/5e/b9/39/a2c637595f867dd2c1b0e5bc04e8e8baa2/88e132ce_6a81_4b7a_b6d0_822d19f831f0.jpg#%7B%22size%22:%5B2160,3840%5D,%22quality%22:8%7D","https://img2.creatium.app/plp/i.1.creatium.io/disk2/5e/b9/39/a2c637595f867dd2c1b0e5bc04e8e8baa2/88e132ce_6a81_4b7a_b6d0_822d19f831f0.jpg#%7B%22size%22:%5B2160,3840%5D,%22quality%22:8%7D",external,,
/dalat,"https://img2.creatium.app/plp/i.1.creatium.io/disk2/b3/70/84/590fac1f01010a61c2d48bfd976fc15e24/snimok_ekrana_2025_11_11_v_22_09_34.png#%7B%22size%22:%5B606,1078%5D,%22quality%22:8%7D","https://img2.creatium.app/plp/i.1.creatium.io/disk2/b3/70/84/590fac1f01010a61c2d48bfd976fc15e24/snimok_ekrana_2025_11_11_v_22_09_34.png#%7B%22size%22:%5B606,1078%5D,%22quality%22:8%7D","https://img2.creatium.app/plp/i.1.creatium.io/disk2/b3/70/84/590fac1f01010a61c2d48bfd976fc15e24/snimok_ekrana_2025_11_11_v_22_09_34.png#%7B%22size%22:%5B606,1078%5D,%22quality%22:8%7D",external,,
/dalat,"https://img2.creatium.app/plp/i.1.creatium.io/disk2/a2/0b/b2/b68fa16aa7cf3519d45164fbec61972a40/img_6084.webp#%7B%22size%22:%5B2268,4032%5D,%22quality%22:8%7D","https://img2.creatium.app/plp/i.1.creatium.io/disk2/a2/0b/b2/b68fa16aa7cf3519d45164fbec61972a40/img_6084.webp#%7B%22size%22:%5B2268,4032%5D,%22quality%22:8%7D","https://img2.creatium.app/plp/i.1.creatium.io/disk2/a2/0b/b2/b68fa16aa7cf3519d45164fbec61972a40/img_6084.webp#%7B%22size%22:%5B2268,4032%5D,%22quality%22:8%7D",external,,
/dalat,https://t.me/mototourvietnam,https://t.me/mototourvietnam,https://t.me/mototourvietnam,external,,
/dalat,Главная страница,/ru,/ru,internal,200,/ru
/dalat,Эндуро туры в Далате,/ru/dalat,/ru/dalat,internal,200,/ru/dalat
/dalat,Эндуро туры в Нячанге,/ru/nhatrang,/ru/nhatrang,internal,200,/ru/nhatrang
/dalat,Эндуро туры в Дананге,/ru/danang,/ru/danang,internal,200,/ru/danang
/dalat,Эндуро туры в Муйне,/ru/muine,/ru/muine,internal,200,/ru/muine
/dalat,Все туры,/ru/all-tours,/ru/all-tours,internal,200,/ru/all-tours
/dalat,Аренда скутеров Далат,ru/rent-motorbike-dalat,/ru/rent-motorbike-dalat,internal,200,/ru/rent-motorbike-dalat
/dalat,Аренда скутеров Нячанг,ru/rent-scooter-nhatrang,/ru/rent-scooter-nhatrang,internal,200,/ru/rent-scooter-nhatrang
/dalat,/aboutourclinic,/aboutourclinic,,unavailable,404,/aboutourclinic
/dalat,Enduro tours in Vietnam,/,/,internal,200,/
/dalat,Dalat,/dalat,/dalat,internal,200,/dalat
/dalat,Nha Trang,/nhatrang,/nhatrang,internal,200,/nhatrang
/dalat,Danang,/danang,/danang,internal,200,/danang
/dalat,Muine,/muine,/muine,internal,200,/muine
/dalat,All tours,/all-tours,/all-tours,internal,200,/all-tours
/dalat,Scooter rental in Dalat,/rent-motorbike-dalat,/rent-motorbike-dalat,internal,200,/rent-motorbike-dalat
/dalat,Scooter rental in Nha Trang,/rent-scooter-nhatrang,/rent-scooter-nhatrang,internal,200,/rent-scooter-nhatrang
/dalat,Vietnam,https://maps.app.goo.gl/hvewF4aRPsdtciud6,https://maps.app.goo.gl/hvewF4aRPsdtciud6,external,,
/dalat,https://t.me/mototourvietnam,https://t.me/mototourvietnam,https://t.me/mototourvietnam,external,,
/dalat,https://www.instagram.com/enduro.vietnam,https://www.instagram.com/enduro.vietnam,https://www.instagram.com/enduro.vietnam,external,,
/dalat,https://wa.me/79994564498,https://wa.me/79994564498,https://wa.me/79994564498,external,,
/dalat,Enduro tours in Vietnam,/,/,internal,200,/
/dalat,Dalat,/dalat,/dalat,internal,200,/dalat
/dalat,Nha Trang,/nhatrang,/nhatrang,internal,200,/nhatrang
/dalat,Danang,/danang,/danang,internal,200,/danang
/dalat,All tours,/all-tours,/all-tours,internal,200,/all-tours
/dalat,Scooter rental in Dalat,/rent-motorbike-dalat,/rent-motorbike-dalat,internal,200,/rent-motorbike-dalat
/dalat,Мототуры по всему Вьетнаму,/ru,/ru,internal,200,/ru
/dalat,Аренда Dirt байков и эндуро туры в Муйне,/ru/muine,/ru/muine,internal,200,/ru/muine
/dalat,Аренда эндуро мотоциклов и мото туры в Далате,/ru/dalat,/ru/dalat,internal,200,/ru/dalat
/dalat,Эндуро туры в Нячанге,/ru/nhatrang,/ru/nhatrang,internal,200,/ru/nhatrang
/dalat,https://t.me/mototourvietnam,https://t.me/mototourvietnam,https://t.me/mototourvietnam,external,,
/dalat,https://www.instagram.com/enduro.vietnam,https://www.instagram.com/enduro.vietnam,https://www.instagram.com/enduro.vietnam,external,,
/dalat,https://wa.me/79994564498,https://wa.me/79994564498,https://wa.me/79994564498,external,,
/dalat,https://t.me/mototourvietnam,https://t.me/mototourvietnam,https://t.me/mototourvietnam,external,,
/dalat,Creatium,https://creatium.app,https://creatium.app,external,,
/danang,/,/,/,internal,200,/
/danang,All tours,/all-tours,/all-tours,internal,200,/all-tours
/danang,https://t.me/mototourvietnam,https://t.me/mototourvietnam,https://t.me/mototourvietnam,external,,
/danang,https://www.instagram.com/enduro.vietnam,https://www.instagram.com/enduro.vietnam,https://www.instagram.com/enduro.vietnam,external,,
/danang,https://wa.me/79994564498,https://wa.me/79994564498,https://wa.me/79994564498,external,,
/danang,/,/,/,internal,200,/
/danang,Da Nang Day Tour,"https://img2.creatium.app/disk2/28/fb/a3/e5d489c37f31fdd4adc1baa4a1416a79ff/danang_enduro_tour_4.webp#%7B%22size%22:%5B1920,1134%5D,%22quality%22:8%7D","https://img2.creatium.app/disk2/28/fb/a3/e5d489c37f31fdd4adc1baa4a1416a79ff/danang_enduro_tour_4.webp#%7B%22size%22:%5B1920,1134%5D,%22quality%22:8%7D",external,,
/danang,Enduro Tour of Da Nang,"https://img2.creatium.app/disk2/79/bd/84/20b358554d5c006334837c5e090976824f/danang_moto_tour_5.webp#%7B%22size%22:%5B1920,1134%5D,%22quality%22:8%7D","https://img2.creatium.app/disk2/79/bd/84/20b358554d5c006334837c5e090976824f/danang_moto_tour_5.webp#%7B%22size%22:%5B1920,1134%5D,%22quality%22:8%7D",external,,
/danang,"https://img2.creatium.app/disk2/0b/0d/78/74fe731f32f5a438c1f19e530b60abde6a/danang_moto_tour_2.webp#%7B%22size%22:%5B1920,1134%5D,%22quality%22:8%7D","https://img2.creatium.app/disk2/0b/0d/78/74fe731f32f5a438c1f19e530b60abde6a/danang_moto_tour_2.webp#%7B%22size%22:%5B1920,1134%5D,%22quality%22:8%7D","https://img2.creatium.app/disk2/0b/0d/78/74fe731f32f5a438c1f19e530b60abde6a/danang_moto_tour_2.webp#%7B%22size%22:%5B1920,1134%5D,%22quality%22:8%7D",external,,
/danang,"https://img2.creatium.app/disk2/2a/2b/f2/a172b5f725588e0fd86b3b257b6890818b/danang_enduro_tour.webp#%7B%22size%22:%5B1920,1134%5D,%22quality%22:8%7D","https://img2.creatium.app/disk2/2a/2b/f2/a172b5f725588e0fd86b3b257b6890818b/danang_enduro_tour.webp#%7B%22size%22:%5B1920,1134%5D,%22quality%22:8%7D","https://img2.creatium.app/disk2/2a/2b/f2/a172b5f725588e0fd86b3b257b6890818b/danang_enduro_tour.webp#%7B%22size%22:%5B1920,1134%5D,%22quality%22:8%7D",external,,
/danang,"https://img2.creatium.app/disk2/74/3e/02/ff458435218d1e864c9b8072e3545412ef/danang_moto_tour_3.webp#%7B%22size%22:%5B1920,1134%5D,%22quality%22:8%7D","https://img2.creatium.app/disk2/74/3e/02/ff458435218d1e864c9b8072e3545412ef/danang_moto_tour_3.webp#%7B%22size%22:%5B1920,1134%5D,%22quality%22:8%7D","https://img2.creatium.app/disk2/74/3e/02/ff458435218d1e864c9b8072e3545412ef/danang_moto_tour_3.webp#%7B%22size%22:%5B1920,1134%5D,%22quality%22:8%7D",external,,
/danang,Type: Mini-band,http://,http://,external,,
/danang,Group size: 4 people,http://,http://,external,,
/danang,Duration: 3 hours,http://,http://,external,,
/danang,"Booking confirmation: record at least 2 days in advance. The organizer will confirm the booking for the date you have chosen, after which you will make a 30% prepayment.",http://,http://,external,,
/danang,https://t.me/mototourvietnam,https://t.me/mototourvietnam,https://t.me/mototourvietnam,external,,
/danang,https://www.instagram.com/enduro.vietnam,https://www.instagram.com/enduro.vietnam,https://www.instagram.com/enduro.vietnam,external,,
/danang,https://wa.me/79994564498,https://wa.me/79994564498,https://wa.me/79994564498,external,,
/danang,Extended route in Da Nang,"https://img2.creatium.app/disk2/29/80/81/dddf1f46b86788ae42b0eab6882359ae0c/danang_moto_tour.webp#%7B%22size%22:%5B1920,1134%5D,%22quality%22:8%7D","https://img2.creatium.app/disk2/29/80/81/dddf1f46b86788ae42b0eab6882359ae0c/danang_moto_tour.webp#%7B%22size%22:%5B1920,1134%5D,%22quality%22:8%7D",external,,
/danang,Da Nang Extended Enduro Tour,"https://img2.creatium.app/disk2/80/f0/6d/a3e48900caf6dd69736a0b3e5beb0331b2/danang_moto_tour_6.webp#%7B%22size%22:%5B1920,1134%5D,%22quality%22:8%7D","https://img2.creatium.app/disk2/80/f0/6d/a3e48900caf6dd69736a0b3e5beb0331b2/danang_moto_tour_6.webp#%7B%22size%22:%5B1920,1134%5D,%22quality%22:8%7D",external,,
/danang,"https://img2.creatium.app/disk2/a6/35/3e/d21db5b9bfc9442bcdff68426b4b35446b/danang_enduro_tour_3.webp#%7B%22size%22:%5B1920,1134%5D,%22quality%22:8%7D","https://img2.creatium.app/disk2/a6/35/3e/d21db5b9bfc9442bcdff68426b4b35446b/danang_enduro_tour_3.webp#%7B%22size%22:%5B1920,1134%5D,%22quality%22:8%7D","https://img2.creatium.app/disk2/a6/35/3e/d21db5b9bfc9442bcdff68426b4b35446b/danang_enduro_tour_3.webp#%7B%22size%22:%5B1920,1134%5D,%22quality%22:8%7D",external,,
/danang,"https://img2.creatium.app/disk2/23/8d/ef/60db6a9d5f9e489baf53d98864b28ebf4c/danang_enduro_tour_1.webp#%7B%22size%22:%5B1920,1134%5D,%22quality%22:8%7D","https://img2.creatium.app/disk2/23/8d/ef/60db6a9d5f9e489baf53d98864b28ebf4c/danang_enduro_tour_1.webp#%7B%22size%22:%5B1920,1134%5D,%22quality%22:8%7D","https://img2.creatium.app/disk2/23/8d/ef/60db6a9d5f9e489baf53d98864b28ebf4c/danang_enduro_tour_1.webp#%7B%22size%22:%5B1920,1134%5D,%22quality%22:8%7D",external,,
/danang,"https://img2.creatium.app/disk2/3e/5e/14/b6708809e21fbf15cb070747832656face/dalat_moto_tour_24.webp#%7B%22size%22:%5B1920,1134%5D,%22quality%22:8%7D","https://img2.creatium.app/disk2/3e/5e/14/b6708809e21fbf15cb070747832656face/dalat_moto_tour_24.webp#%7B%22size%22:%5B1920,1134%5D,%22quality%22:8%7D","https://img2.creatium.app/disk2/3e/5e/14/b6708809e21fbf15cb070747832656face/dalat_moto_tour_24.webp#%7B%22size%22:%5B1920,1134%5D,%22quality%22:8%7D",external,,
/danang,Type: Mini-band,http://,http://,external,,
/danang,Group size: 4 people,http://,http://,external,,
/danang,Duration: 6 hours,http://,http://,external,,
/danang,"Booking confirmation: record at least 2 days in advance. The organizer will confirm the booking for the date you have chosen, after which you will make a 30% prepayment.",http://,http://,external,,
/danang,https://t.me/mototourvietnam,https://t.me/mototourvietnam,https://t.me/mototourvietnam,external,,
/danang,https://www.instagram.com/enduro.vietnam,https://www.instagram.com/enduro.vietnam,https://www.instagram.com/enduro.vietnam,external,,
/danang,https://wa.me/79994564498,https://wa.me/79994564498,https://wa.me/79994564498,external,,
/danang,https://t.me/mototourvietnam,https://t.me/mototourvietnam,https://t.me/mototourvietnam,external,,
/danang,https://www.instagram.com/enduro.vietnam,https://www.instagram.com/enduro.vietnam,https://www.instagram.com/enduro.vietnam,external,,
/danang,https://wa.me/79994564498,https://wa.me/79994564498,https://wa.me/79994564498,external,,
/danang,https://t.me/mototourvietnam,https://t.me/mototourvietnam,https://t.me/mototourvietnam,external,,
/danang,https://www.instagram.com/enduro.vietnam,https://www.instagram.com/enduro.vietnam,https://www.instagram.com/enduro.vietnam,external,,
/danang,https://wa.me/79994564498,https://wa.me/79994564498,https://wa.me/79994564498,external,,
/danang,https://t.me/mototourvietnam,https://t.me/mototourvietnam,https://t.me/mototourvietnam,external,,
/danang,https://www.instagram.com/enduro.vietnam,https://www.instagram.com/enduro.vietnam,https://www.instagram.com/enduro.vietnam,external,,
/danang,https://wa.me/79994564498,https://wa.me/79994564498,https://wa.me/79994564498,external,,
/danang,https://t.me/mototourvietnam,https://t.me/mototourvietnam,https://t.me/mototourvietnam,external,,
/danang,https://www.instagram.com/enduro.vietnam,https://www.instagram.com/enduro.vietnam,https://www.instagram.com/enduro.vietnam,external,,
/danang,https://wa.me/79994564498,https://wa.me/79994564498,https://wa.me/79994564498,external,,
/danang,https://t.me/mototourvietnam,https://t.me/mototourvietnam,https://t.me/mototourvietnam,external,,
/danang,https://www.instagram.com/enduro.vietnam,https://www.instagram.com/enduro.vietnam,https://www.instagram.com/enduro.vietnam,external,,
/danang,https://wa.me/79994564498,https://wa.me/79994564498,https://wa.me/79994564498,external,,
/danang,go to Google maps,https://maps.app.goo.gl/SS6RstzSVXo9Xgjy7,https://maps.app.goo.gl/SS6RstzSVXo9Xgjy7,external,,
/danang,go to tripadvisor,https://www.tripadvisor.ru/Attraction_Review-g293922-d19701190-Reviews-Enduro_Vietnam-Da_Lat_Lam_Dong_Province.html,https://www.tripadvisor.ru/Attraction_Review-g293922-d19701190-Reviews-Enduro_Vietnam-Da_Lat_Lam_Dong_Province.html,external,,
/danang,go to facebook,https://www.facebook.com/profile.php?id=61585240226310,https://www.facebook.com/profile.php?id=61585240226310,external,,
/danang,go to Instagram,https://www.instagram.com/enduro.vietnam,https://www.instagram.com/enduro.vietnam,external,,
/danang,go to Youtube,https://www.youtube.com/@Enduro.Vietnam,https://www.youtube.com/@Enduro.Vietnam,external,,
/danang,go to Google maps,https://maps.app.goo.gl/SS6RstzSVXo9Xgjy7,https://maps.app.goo.gl/SS6RstzSVXo9Xgjy7,external,,
/danang,go to tripadvisor,https://www.tripadvisor.ru/Attraction_Review-g293922-d19701190-Reviews-Enduro_Vietnam-Da_Lat_Lam_Dong_Province.html,https://www.tripadvisor.ru/Attraction_Review-g293922-d19701190-Reviews-Enduro_Vietnam-Da_Lat_Lam_Dong_Province.html,external,,
/danang,go to facebook,https://www.facebook.com/profile.php?id=61585240226310,https://www.facebook.com/profile.php?id=61585240226310,external,,
/danang,go to Instagram,https://www.instagram.com/enduro.vietnam/,https://www.instagram.com/enduro.vietnam/,external,,
/danang,go to Youtube,https://www.youtube.com/@Enduro.Vietnam,https://www.youtube.com/@Enduro.Vietnam,external,,
/danang,"https://img2.creatium.app/disk2/8d/57/5f/917286a5a971b3f6cced8fd3240e5ecc01/prival_na_enduro_ture.webp#%7B%22size%22:%5B959,1279%5D,%22quality%22:8%7D","https://img2.creatium.app/disk2/8d/57/5f/917286a5a971b3f6cced8fd3240e5ecc01/prival_na_enduro_ture.webp#%7B%22size%22:%5B959,1279%5D,%22quality%22:8%7D","https://img2.creatium.app/disk2/8d/57/5f/917286a5a971b3f6cced8fd3240e5ecc01/prival_na_enduro_ture.webp#%7B%22size%22:%5B959,1279%5D,%22quality%22:8%7D",external,,
/danang,"https://img2.creatium.app/disk2/fc/37/45/f88d6311b640e448e020d9e43a9332d585/ostanovilis_na_gore_na_otdih.webp#%7B%22size%22:%5B960,1280%5D,%22quality%22:8%7D","https://img2.creatium.app/disk2/fc/37/45/f88d6311b640e448e020d9e43a9332d585/ostanovilis_na_gore_na_otdih.webp#%7B%22size%22:%5B960,1280%5D,%22quality%22:8%7D","https://img2.creatium.app/disk2/fc/37/45/f88d6311b640e448e020d9e43a9332d585/ostanovilis_na_gore_na_otdih.webp#%7B%22size%22:%5B960,1280%5D,%22quality%22:8%7D",external,,
/danang,"https://img2.creatium.app/disk2/2e/61/43/27be66344073f9c6c7a3cd982b620965ac/podem_v_goru_na_enduro.webp#%7B%22size%22:%5B960,1280%5D,%22quality%22:8%7D","https://img2.creatium.app/disk2/2e/61/43/27be66344073f9c6c7a3cd982b620965ac/podem_v_goru_na_enduro.webp#%7B%22size%22:%5B960,1280%5D,%22quality%22:8%7D","https://img2.creatium.app/disk2/2e/61/43/27be66344073f9c6c7a3cd982b620965ac/podem_v_goru_na_enduro.webp#%7B%22size%22:%5B960,1280%5D,%22quality%22:8%7D",external,,
/danang,"https://img2.creatium.app/disk2/63/04/e3/6806d5e04ead5b08c63a4023d8e2f55ca7/enduro_tur_danang.webp#%7B%22size%22:%5B959,1278%5D,%22quality%22:8%7D","https://img2.creatium.app/disk2/63/04/e3/6806d5e04ead5b08c63a4023d8e2f55ca7/enduro_tur_danang.webp#%7B%22size%22:%5B959,1278%5D,%22quality%22:8%7D","https://img2.creatium.app/disk2/63/04/e3/6806d5e04ead5b08c63a4023d8e2f55ca7/enduro_tur_danang.webp#%7B%22size%22:%5B959,1278%5D,%22quality%22:8%7D",external,,
/danang,"https://img2.creatium.app/disk2/c1/da/80/45bda849c2da929473bda5272ad023e6be/zakat_v_lesu_na_enduro.webp#%7B%22size%22:%5B959,1279%5D,%22quality%22:8%7D","https://img2.creatium.app/disk2/c1/da/80/45bda849c2da929473bda5272ad023e6be/zakat_v_lesu_na_enduro.webp#%7B%22size%22:%5B959,1279%5D,%22quality%22:8%7D","https://img2.creatium.app/disk2/c1/da/80/45bda849c2da929473bda5272ad023e6be/zakat_v_lesu_na_enduro.webp#%7B%22size%22:%5B959,1279%5D,%22quality%22:8%7D",external,,
/danang,"https://img2.creatium.app/disk2/54/4d/18/fd073754aac21d7fd95769c5792568e728/edem_na_enduro_v_gori_v_danange.webp#%7B%22size%22:%5B960,1281%5D,%22quality%22:8%7D","https://img2.creatium.app/disk2/54/4d/18/fd073754aac21d7fd95769c5792568e728/edem_na_enduro_v_gori_v_danange.webp#%7B%22size%22:%5B960,1281%5D,%22quality%22:8%7D","https://img2.creatium.app/disk2/54/4d/18/fd073754aac21d7fd95769c5792568e728/edem_na_enduro_v_gori_v_danange.webp#%7B%22size%22:%5B960,1281%5D,%22quality%22:8%7D",external,,
/danang,"https://img2.creatium.app/disk2/76/1a/ae/c982d866640196a2e6a906715372797948/motocikli_honda_crf_i_yamaha_vr.webp#%7B%22size%22:%5B960,1280%5D,%22quality%22:8%7D","https://img2.creatium.app/disk2/76/1a/ae/c982d866640196a2e6a906715372797948/motocikli_honda_crf_i_yamaha_vr.webp#%7B%22size%22:%5B960,1280%5D,%22quality%22:8%7D","https://img2.creatium.app/disk2/76/1a/ae/c982d866640196a2e6a906715372797948/motocikli_honda_crf_i_yamaha_vr.webp#%7B%22size%22:%5B960,1280%5D,%22quality%22:8%7D",external,,
/danang,"https://img2.creatium.app/disk2/d2/fe/8d/eb9885110a113f4e5e3696b2fe9e2475bf/enduro_v_danange_v_gruppe.webp#%7B%22size%22:%5B960,1281%5D,%22quality%22:8%7D","https://img2.creatium.app/disk2/d2/fe/8d/eb9885110a113f4e5e3696b2fe9e2475bf/enduro_v_danange_v_gruppe.webp#%7B%22size%22:%5B960,1281%5D,%22quality%22:8%7D","https://img2.creatium.app/disk2/d2/fe/8d/eb9885110a113f4e5e3696b2fe9e2475bf/enduro_v_danange_v_gruppe.webp#%7B%22size%22:%5B960,1281%5D,%22quality%22:8%7D",external,,
/danang,"https://img2.creatium.app/disk2/3a/69/66/4595859b4181fa1ac1b7a1018db83df630/ostanovilis_na_prival_danang_enduro.webp#%7B%22size%22:%5B960,1280%5D,%22quality%22:8%7D","https://img2.creatium.app/disk2/3a/69/66/4595859b4181fa1ac1b7a1018db83df630/ostanovilis_na_prival_danang_enduro.webp#%7B%22size%22:%5B960,1280%5D,%22quality%22:8%7D","https://img2.creatium.app/disk2/3a/69/66/4595859b4181fa1ac1b7a1018db83df630/ostanovilis_na_prival_danang_enduro.webp#%7B%22size%22:%5B960,1280%5D,%22quality%22:8%7D",external,,
/danang,processing of personal data,/privacy,/privacy,internal,200,/privacy
/danang,logo YouTube,https://youtube.com/@enduro.vietnam?si=FDMtZYMkF863JBpP,https://youtube.com/@enduro.vietnam?si=FDMtZYMkF863JBpP,external,,
/danang,youtube.com/@enduro.vietnam,https://youtube.com/@enduro.vietnam?si=FDMtZYMkF863JBpP,https://youtube.com/@enduro.vietnam?si=FDMtZYMkF863JBpP,external,,
/danang,logo Instagram,https://www.instagram.com/enduro.vietnam/,https://www.instagram.com/enduro.vietnam/,external,,
/danang,instagram.com/enduro.vietnam,https://www.instagram.com/enduro.vietnam/,https://www.instagram.com/enduro.vietnam/,external,,
/danang,https://t.me/mototourvietnam,https://t.me/mototourvietnam,https://t.me/mototourvietnam,external,,
/danang,Главная страница,/ru,/ru,internal,200,/ru
/danang,Эндуро туры в Далате,/ru/dalat,/ru/dalat,internal,200,/ru/dalat
/danang,Эндуро туры в Нячанге,/ru/nhatrang,/ru/nhatrang,internal,200,/ru/nhatrang
/danang,Эндуро туры в Дананге,/ru/danang,/ru/danang,internal,200,/ru/danang
/danang,Эндуро туры в Муйне,/ru/muine,/ru/muine,internal,200,/ru/muine
/danang,Все туры,/ru/all-tours,/ru/all-tours,internal,200,/ru/all-tours
/danang,Аренда скутеров Далат,ru/rent-motorbike-dalat,/ru/rent-motorbike-dalat,internal,200,/ru/rent-motorbike-dalat
/danang,Аренда скутеров Нячанг,ru/rent-scooter-nhatrang,/ru/rent-scooter-nhatrang,internal,200,/ru/rent-scooter-nhatrang
/danang,/aboutourclinic,/aboutourclinic,,unavailable,404,/aboutourclinic
/danang,Enduro tours in Vietnam,/,/,internal,200,/
/danang,Dalat,/dalat,/dalat,internal,200,/dalat
/danang,Nha Trang,/nhatrang,/nhatrang,internal,200,/nhatrang
/danang,Danang,/danang,/danang,internal,200,/danang
/danang,Muine,/muine,/muine,internal,200,/muine
/danang,All tours,/all-tours,/all-tours,internal,200,/all-tours
/danang,Scooter rental in Dalat,/rent-motorbike-dalat,/rent-motorbike-dalat,internal,200,/rent-motorbike-dalat
/danang,Scooter rental in Nha Trang,/rent-scooter-nhatrang,/rent-scooter-nhatrang,internal,200,/rent-scooter-nhatrang
/danang,Vietnam,https://maps.app.goo.gl/hvewF4aRPsdtciud6,https://maps.app.goo.gl/hvewF4aRPsdtciud6,external,,
/danang,https://t.me/mototourvietnam,https://t.me/mototourvietnam,https://t.me/mototourvietnam,external,,
/danang,https://www.instagram.com/enduro.vietnam,https://www.instagram.com/enduro.vietnam,https://www.instagram.com/enduro.vietnam,external,,
/danang,https://wa.me/79994564498,https://wa.me/79994564498,https://wa.me/79994564498,external,,
/danang,Enduro tours in Vietnam,/,/,internal,200,/
/danang,Dalat,/dalat,/dalat,internal,200,/dalat
/danang,Nha Trang,/nhatrang,/nhatrang,internal,200,/nhatrang
/danang,Danang,/danang,/danang,internal,200,/danang
/danang,All tours,/all-tours,/all-tours,internal,200,/all-tours
/danang,Scooter rental in Dalat,/rent-motorbike-dalat,/rent-motorbike-dalat,internal,200,/rent-motorbike-dalat
/danang,Мототуры по всему Вьетнаму,/ru,/ru,internal,200,/ru
/danang,Аренда Dirt байков и эндуро туры в Муйне,/ru/muine,/ru/muine,internal,200,/ru/muine
/danang,Аренда эндуро мотоциклов и мото туры в Далате,/ru/dalat,/ru/dalat,internal,200,/ru/dalat
/danang,Эндуро туры в Нячанге,/ru/nhatrang,/ru/nhatrang,internal,200,/ru/nhatrang
/danang,https://t.me/mototourvietnam,https://t.me/mototourvietnam,https://t.me/mototourvietnam,external,,
/danang,https://www.instagram.com/enduro.vietnam,https://www.instagram.com/enduro.vietnam,https://www.instagram.com/enduro.vietnam,external,,
/danang,https://wa.me/79994564498,https://wa.me/79994564498,https://wa.me/79994564498,external,,
/danang,https://t.me/mototourvietnam,https://t.me/mototourvietnam,https://t.me/mototourvietnam,external,,
/danang,Creatium,https://creatium.app,https://creatium.app,external,,
/muine,/,/,/,internal,200,/
/muine,All tours,/all-tours,/all-tours,internal,200,/all-tours
/muine,https://t.me/mototourvietnam,https://t.me/mototourvietnam,https://t.me/mototourvietnam,external,,
/muine,https://www.instagram.com/enduro.vietnam,https://www.instagram.com/enduro.vietnam,https://www.instagram.com/enduro.vietnam,external,,
/muine,https://wa.me/79994564498,https://wa.me/79994564498,https://wa.me/79994564498,external,,
/muine,/,/,/,internal,200,/
/muine,https://t.me/mototourvietnam,https://t.me/mototourvietnam,https://t.me/mototourvietnam,external,,
/muine,https://www.instagram.com/enduro.vietnam,https://www.instagram.com/enduro.vietnam,https://www.instagram.com/enduro.vietnam,external,,
/muine,https://wa.me/79994564498,https://wa.me/79994564498,https://wa.me/79994564498,external,,
/muine,https://t.me/mototourvietnam,https://t.me/mototourvietnam,https://t.me/mototourvietnam,external,,
/muine,https://www.instagram.com/enduro.vietnam,https://www.instagram.com/enduro.vietnam,https://www.instagram.com/enduro.vietnam,external,,
/muine,https://wa.me/79994564498,https://wa.me/79994564498,https://wa.me/79994564498,external,,
/muine,https://t.me/mototourvietnam,https://t.me/mototourvietnam,https://t.me/mototourvietnam,external,,
/muine,https://www.instagram.com/enduro.vietnam,https://www.instagram.com/enduro.vietnam,https://www.instagram.com/enduro.vietnam,external,,
/muine,https://wa.me/79994564498,https://wa.me/79994564498,https://wa.me/79994564498,external,,
/muine,https://t.me/mototourvietnam,https://t.me/mototourvietnam,https://t.me/mototourvietnam,external,,
/muine,https://www.instagram.com/enduro.vietnam,https://www.instagram.com/enduro.vietnam,https://www.instagram.com/enduro.vietnam,external,,
/muine,https://wa.me/79994564498,https://wa.me/79994564498,https://wa.me/79994564498,external,,
/muine,https://t.me/mototourvietnam,https://t.me/mototourvietnam,https://t.me/mototourvietnam,external,,
/muine,https://www.instagram.com/enduro.vietnam,https://www.instagram.com/enduro.vietnam,https://www.instagram.com/enduro.vietnam,external,,
/muine,https://wa.me/79994564498,https://wa.me/79994564498,https://wa.me/79994564498,external,,
/muine,go to Google maps,https://maps.app.goo.gl/SS6RstzSVXo9Xgjy7,https://maps.app.goo.gl/SS6RstzSVXo9Xgjy7,external,,
/muine,go to tripadvisor,https://www.tripadvisor.ru/Attraction_Review-g293922-d19701190-Reviews-Enduro_Vietnam-Da_Lat_Lam_Dong_Province.html,https://www.tripadvisor.ru/Attraction_Review-g293922-d19701190-Reviews-Enduro_Vietnam-Da_Lat_Lam_Dong_Province.html,external,,
/muine,go to facebook,https://www.facebook.com/profile.php?id=61585240226310,https://www.facebook.com/profile.php?id=61585240226310,external,,
/muine,go to Instagram,https://www.instagram.com/enduro.vietnam,https://www.instagram.com/enduro.vietnam,external,,
/muine,go to Youtube,https://www.youtube.com/@Enduro.Vietnam,https://www.youtube.com/@Enduro.Vietnam,external,,
/muine,go to Google maps,https://maps.app.goo.gl/SS6RstzSVXo9Xgjy7,https://maps.app.goo.gl/SS6RstzSVXo9Xgjy7,external,,
/muine,go to tripadvisor,https://www.tripadvisor.ru/Attraction_Review-g293922-d19701190-Reviews-Enduro_Vietnam-Da_Lat_Lam_Dong_Province.html,https://www.tripadvisor.ru/Attraction_Review-g293922-d19701190-Reviews-Enduro_Vietnam-Da_Lat_Lam_Dong_Province.html,external,,
/muine,go to facebook,https://www.facebook.com/profile.php?id=61585240226310,https://www.facebook.com/profile.php?id=61585240226310,external,,
/muine,go to Instagram,https://www.instagram.com/enduro.vietnam/,https://www.instagram.com/enduro.vietnam/,external,,
/muine,go to Youtube,https://www.youtube.com/@Enduro.Vietnam,https://www.youtube.com/@Enduro.Vietnam,external,,
/muine,processing of personal data,/privacy,/privacy,internal,200,/privacy
/muine,logo YouTube,https://youtube.com/@enduro.vietnam?si=FDMtZYMkF863JBpP,https://youtube.com/@enduro.vietnam?si=FDMtZYMkF863JBpP,external,,
/muine,youtube.com/@enduro.vietnam,https://youtube.com/@enduro.vietnam?si=FDMtZYMkF863JBpP,https://youtube.com/@enduro.vietnam?si=FDMtZYMkF863JBpP,external,,
/muine,logo Instagram,https://www.instagram.com/enduro.vietnam/,https://www.instagram.com/enduro.vietnam/,external,,
/muine,instagram.com/enduro.vietnam,https://www.instagram.com/enduro.vietnam/,https://www.instagram.com/enduro.vietnam/,external,,
/muine,"https://img2.creatium.app/plp/i.1.creatium.io/disk2/9b/8a/2c/c08c9947c8b142a4a9616d09467e014e59/img_4380.webp#%7B%22size%22:%5B2268,4032%5D,%22quality%22:8%7D","https://img2.creatium.app/plp/i.1.creatium.io/disk2/9b/8a/2c/c08c9947c8b142a4a9616d09467e014e59/img_4380.webp#%7B%22size%22:%5B2268,4032%5D,%22quality%22:8%7D","https://img2.creatium.app/plp/i.1.creatium.io/disk2/9b/8a/2c/c08c9947c8b142a4a9616d09467e014e59/img_4380.webp#%7B%22size%22:%5B2268,4032%5D,%22quality%22:8%7D",external,,
/muine,"https://img2.creatium.app/plp/i.1.creatium.io/disk2/fe/10/6e/831d8f6f92d2204fc4e9f9fb48a611b2a5/snimok_ekrana_2025_11_11_v_22_10_58.png#%7B%22size%22:%5B606,1078%5D,%22quality%22:8%7D","https://img2.creatium.app/plp/i.1.creatium.io/disk2/fe/10/6e/831d8f6f92d2204fc4e9f9fb48a611b2a5/snimok_ekrana_2025_11_11_v_22_10_58.png#%7B%22size%22:%5B606,1078%5D,%22quality%22:8%7D","https://img2.creatium.app/plp/i.1.creatium.io/disk2/fe/10/6e/831d8f6f92d2204fc4e9f9fb48a611b2a5/snimok_ekrana_2025_11_11_v_22_10_58.png#%7B%22size%22:%5B606,1078%5D,%22quality%22:8%7D",external,,
/muine,"https://img2.creatium.app/plp/i.1.creatium.io/disk2/6b/83/e2/058aba02e47da14bde4f01a0f6d91a9fcc/img_4208.webp#%7B%22size%22:%5B2268,4032%5D,%22quality%22:8%7D","https://img2.creatium.app/plp/i.1.creatium.io/disk2/6b/83/e2/058aba02e47da14bde4f01a0f6d91a9fcc/img_4208.webp#%7B%22size%22:%5B2268,4032%5D,%22quality%22:8%7D","https://img2.creatium.app/plp/i.1.creatium.io/disk2/6b/83/e2/058aba02e47da14bde4f01a0f6d91a9fcc/img_4208.webp#%7B%22size%22:%5B2268,4032%5D,%22quality%22:8%7D",external,,
/muine,"https://img2.creatium.app/plp/i.1.creatium.io/disk2/86/b0/57/857e2198d932fcda3db83e89803632e03e/1_2.webp#%7B%22size%22:%5B1129,2007%5D,%22quality%22:8%7D","https://img2.creatium.app/plp/i.1.creatium.io/disk2/86/b0/57/857e2198d932fcda3db83e89803632e03e/1_2.webp#%7B%22size%22:%5B1129,2007%5D,%22quality%22:8%7D","https://img2.creatium.app/plp/i.1.creatium.io/disk2/86/b0/57/857e2198d932fcda3db83e89803632e03e/1_2.webp#%7B%22size%22:%5B1129,2007%5D,%22quality%22:8%7D",external,,
/muine,"https://img2.creatium.app/plp/i.1.creatium.io/disk2/70/93/75/3ae36b4e3aca4386e2caa4cfa1f976e588/snimok_ekrana_2025_11_11_v_22_12_22.webp#%7B%22size%22:%5B606,1078%5D,%22quality%22:8%7D","https://img2.creatium.app/plp/i.1.creatium.io/disk2/70/93/75/3ae36b4e3aca4386e2caa4cfa1f976e588/snimok_ekrana_2025_11_11_v_22_12_22.webp#%7B%22size%22:%5B606,1078%5D,%22quality%22:8%7D","https://img2.creatium.app/plp/i.1.creatium.io/disk2/70/93/75/3ae36b4e3aca4386e2caa4cfa1f976e588/snimok_ekrana_2025_11_11_v_22_12_22.webp#%7B%22size%22:%5B606,1078%5D,%22quality%22:8%7D",external,,
/muine,"https://img2.creatium.app/plp/i.1.creatium.io/disk2/89/c4/0b/cb2c02c8c5a2934e03b930a999dce41515/img_5924.webp#%7B%22size%22:%5B2268,4032%5D,%22quality%22:8%7D","https://img2.creatium.app/plp/i.1.creatium.io/disk2/89/c4/0b/cb2c02c8c5a2934e03b930a999dce41515/img_5924.webp#%7B%22size%22:%5B2268,4032%5D,%22quality%22:8%7D","https://img2.creatium.app/plp/i.1.creatium.io/disk2/89/c4/0b/cb2c02c8c5a2934e03b930a999dce41515/img_5924.webp#%7B%22size%22:%5B2268,4032%5D,%22quality%22:8%7D",external,,
/muine,"https://img2.creatium.app/plp/i.1.creatium.io/disk2/5e/b9/39/a2c637595f867dd2c1b0e5bc04e8e8baa2/88e132ce_6a81_4b7a_b6d0_822d19f831f0.jpg#%7B%22size%22:%5B2160,3840%5D,%22quality%22:8%7D","https://img2.creatium.app/plp/i.1.creatium.io/disk2/5e/b9/39/a2c637595f867dd2c1b0e5bc04e8e8baa2/88e132ce_6a81_4b7a_b6d0_822d19f831f0.jpg#%7B%22size%22:%5B2160,3840%5D,%22quality%22:8%7D","https://img2.creatium.app/plp/i.1.creatium.io/disk2/5e/b9/39/a2c637595f867dd2c1b0e5bc04e8e8baa2/88e132ce_6a81_4b7a_b6d0_822d19f831f0.jpg#%7B%22size%22:%5B2160,3840%5D,%22quality%22:8%7D",external,,
/muine,"https://img2.creatium.app/plp/i.1.creatium.io/disk2/b3/70/84/590fac1f01010a61c2d48bfd976fc15e24/snimok_ekrana_2025_11_11_v_22_09_34.png#%7B%22size%22:%5B606,1078%5D,%22quality%22:8%7D","https://img2.creatium.app/plp/i.1.creatium.io/disk2/b3/70/84/590fac1f01010a61c2d48bfd976fc15e24/snimok_ekrana_2025_11_11_v_22_09_34.png#%7B%22size%22:%5B606,1078%5D,%22quality%22:8%7D","https://img2.creatium.app/plp/i.1.creatium.io/disk2/b3/70/84/590fac1f01010a61c2d48bfd976fc15e24/snimok_ekrana_2025_11_11_v_22_09_34.png#%7B%22size%22:%5B606,1078%5D,%22quality%22:8%7D",external,,
/muine,"https://img2.creatium.app/plp/i.1.creatium.io/disk2/a2/0b/b2/b68fa16aa7cf3519d45164fbec61972a40/img_6084.webp#%7B%22size%22:%5B2268,4032%5D,%22quality%22:8%7D","https://img2.creatium.app/plp/i.1.creatium.io/disk2/a2/0b/b2/b68fa16aa7cf3519d45164fbec61972a40/img_6084.webp#%7B%22size%22:%5B2268,4032%5D,%22quality%22:8%7D","https://img2.creatium.app/plp/i.1.creatium.io/disk2/a2/0b/b2/b68fa16aa7cf3519d45164fbec61972a40/img_6084.webp#%7B%22size%22:%5B2268,4032%5D,%22quality%22:8%7D",external,,
/muine,https://t.me/mototourvietnam,https://t.me/mototourvietnam,https://t.me/mototourvietnam,external,,
/muine,Главная страница,/ru,/ru,internal,200,/ru
/muine,Эндуро туры в Далате,/ru/dalat,/ru/dalat,internal,200,/ru/dalat
/muine,Эндуро туры в Нячанге,/ru/nhatrang,/ru/nhatrang,internal,200,/ru/nhatrang
/muine,Эндуро туры в Дананге,/ru/danang,/ru/danang,internal,200,/ru/danang
/muine,Эндуро туры в Муйне,/ru/muine,/ru/muine,internal,200,/ru/muine
/muine,Все туры,/ru/all-tours,/ru/all-tours,internal,200,/ru/all-tours
/muine,Аренда скутеров Далат,ru/rent-motorbike-dalat,/ru/rent-motorbike-dalat,internal,200,/ru/rent-motorbike-dalat
/muine,Аренда скутеров Нячанг,ru/rent-scooter-nhatrang,/ru/rent-scooter-nhatrang,internal,200,/ru/rent-scooter-nhatrang
/muine,/aboutourclinic,/aboutourclinic,,unavailable,404,/aboutourclinic
/muine,Enduro tours in Vietnam,/,/,internal,200,/
/muine,Dalat,/dalat,/dalat,internal,200,/dalat
/muine,Nha Trang,/nhatrang,/nhatrang,internal,200,/nhatrang
/muine,Danang,/danang,/danang,internal,200,/danang
/muine,Muine,/muine,/muine,internal,200,/muine
/muine,All tours,/all-tours,/all-tours,internal,200,/all-tours
/muine,Scooter rental in Dalat,/rent-motorbike-dalat,/rent-motorbike-dalat,internal,200,/rent-motorbike-dalat
/muine,Scooter rental in Nha Trang,/rent-scooter-nhatrang,/rent-scooter-nhatrang,internal,200,/rent-scooter-nhatrang
/muine,Vietnam,https://maps.app.goo.gl/hvewF4aRPsdtciud6,https://maps.app.goo.gl/hvewF4aRPsdtciud6,external,,
/muine,https://t.me/mototourvietnam,https://t.me/mototourvietnam,https://t.me/mototourvietnam,external,,
/muine,https://www.instagram.com/enduro.vietnam,https://www.instagram.com/enduro.vietnam,https://www.instagram.com/enduro.vietnam,external,,
/muine,https://wa.me/79994564498,https://wa.me/79994564498,https://wa.me/79994564498,external,,
/muine,Enduro tours in Vietnam,/,/,internal,200,/
/muine,Dalat,/dalat,/dalat,internal,200,/dalat
/muine,Nha Trang,/nhatrang,/nhatrang,internal,200,/nhatrang
/muine,Danang,/danang,/danang,internal,200,/danang
/muine,All tours,/all-tours,/all-tours,internal,200,/all-tours
/muine,Scooter rental in Dalat,/rent-motorbike-dalat,/rent-motorbike-dalat,internal,200,/rent-motorbike-dalat
/muine,Мототуры по всему Вьетнаму,/ru,/ru,internal,200,/ru
/muine,Аренда Dirt байков и эндуро туры в Муйне,/ru/muine,/ru/muine,internal,200,/ru/muine
/muine,Аренда эндуро мотоциклов и мото туры в Далате,/ru/dalat,/ru/dalat,internal,200,/ru/dalat
/muine,Эндуро туры в Нячанге,/ru/nhatrang,/ru/nhatrang,internal,200,/ru/nhatrang
/muine,https://t.me/mototourvietnam,https://t.me/mototourvietnam,https://t.me/mototourvietnam,external,,
/muine,https://www.instagram.com/enduro.vietnam,https://www.instagram.com/enduro.vietnam,https://www.instagram.com/enduro.vietnam,external,,
/muine,https://wa.me/79994564498,https://wa.me/79994564498,https://wa.me/79994564498,external,,
/muine,https://t.me/mototourvietnam,https://t.me/mototourvietnam,https://t.me/mototourvietnam,external,,
/muine,Creatium,https://creatium.app,https://creatium.app,external,,
/nhatrang,/,/,/,internal,200,/
/nhatrang,All tours,/all-tours,/all-tours,internal,200,/all-tours
/nhatrang,https://t.me/mototourvietnam,https://t.me/mototourvietnam,https://t.me/mototourvietnam,external,,
/nhatrang,https://www.instagram.com/enduro.vietnam,https://www.instagram.com/enduro.vietnam,https://www.instagram.com/enduro.vietnam,external,,
/nhatrang,https://wa.me/79994564498,https://wa.me/79994564498,https://wa.me/79994564498,external,,
/nhatrang,/,/,/,internal,200,/
/nhatrang,Three-Day Tour of Dalat and Nha Trang,"https://img2.creatium.app/disk2/e6/74/77/59b161c2736a9b402575de00c83dba38f2/dalat_moto_tour_19.webp#%7B%22size%22:%5B1920,1134%5D,%22quality%22:8%7D","https://img2.creatium.app/disk2/e6/74/77/59b161c2736a9b402575de00c83dba38f2/dalat_moto_tour_19.webp#%7B%22size%22:%5B1920,1134%5D,%22quality%22:8%7D",external,,
/nhatrang,Three-Day Enduro Tour of Dalat and Nha Trang,"https://img2.creatium.app/disk2/dc/76/6f/700801664304d745c131f043fec0e2636f/dalat_moto_tour_18.webp#%7B%22size%22:%5B1920,1134%5D,%22quality%22:8%7D","https://img2.creatium.app/disk2/dc/76/6f/700801664304d745c131f043fec0e2636f/dalat_moto_tour_18.webp#%7B%22size%22:%5B1920,1134%5D,%22quality%22:8%7D",external,,
/nhatrang,"https://img2.creatium.app/disk2/84/3c/9f/b46290305eb7878687542b81bf03bb72da/dalat_moto_tour_21.webp#%7B%22size%22:%5B1920,1134%5D,%22quality%22:8%7D","https://img2.creatium.app/disk2/84/3c/9f/b46290305eb7878687542b81bf03bb72da/dalat_moto_tour_21.webp#%7B%22size%22:%5B1920,1134%5D,%22quality%22:8%7D","https://img2.creatium.app/disk2/84/3c/9f/b46290305eb7878687542b81bf03bb72da/dalat_moto_tour_21.webp#%7B%22size%22:%5B1920,1134%5D,%22quality%22:8%7D",external,,
/nhatrang,"https://img2.creatium.app/disk2/fc/ce/af/a92180259dca30e21a3185da2066e4815e/dalat_moto_tour_20.webp#%7B%22size%22:%5B1920,1134%5D,%22quality%22:8%7D","https://img2.creatium.app/disk2/fc/ce/af/a92180259dca30e21a3185da2066e4815e/dalat_moto_tour_20.webp#%7B%22size%22:%5B1920,1134%5D,%22quality%22:8%7D","https://img2.creatium.app/disk2/fc/ce/af/a92180259dca30e21a3185da2066e4815e/dalat_moto_tour_20.webp#%7B%22size%22:%5B1920,1134%5D,%22quality%22:8%7D",external,,
/nhatrang,"https://img2.creatium.app/disk2/dd/ea/02/78c1346d57eb6e22da9b21da7104502f68/dalat_moto_tour_22.webp#%7B%22size%22:%5B1920,1134%5D,%22quality%22:8%7D","https://img2.creatium.app/disk2/dd/ea/02/78c1346d57eb6e22da9b21da7104502f68/dalat_moto_tour_22.webp#%7B%22size%22:%5B1920,1134%5D,%22quality%22:8%7D","https://img2.creatium.app/disk2/dd/ea/02/78c1346d57eb6e22da9b21da7104502f68/dalat_moto_tour_22.webp#%7B%22size%22:%5B1920,1134%5D,%22quality%22:8%7D",external,,
/nhatrang,Type: Mini-band,http://,http://,external,,
/nhatrang,Group size: 4 people,http://,http://,external,,
/nhatrang,Duration: 3 days,http://,http://,external,,
/nhatrang,"Booking confirmation: record at least 2 days in advance. The organizer will confirm the booking for the date you have chosen, after which you will make a 30% prepayment.",http://,http://,external,,
/nhatrang,https://t.me/mototourvietnam,https://t.me/mototourvietnam,https://t.me/mototourvietnam,external,,
/nhatrang,https://www.instagram.com/enduro.vietnam,https://www.instagram.com/enduro.vietnam,https://www.instagram.com/enduro.vietnam,external,,
/nhatrang,https://wa.me/79994564498,https://wa.me/79994564498,https://wa.me/79994564498,external,,
/nhatrang,Nha Trang Day Tour,"https://img2.creatium.app/disk2/f2/b1/38/3abf20c46eb67a4e6fdcc5f900b00c0552/doroga_nyachang_dalat.webp#%7B%22size%22:%5B960,567%5D,%22quality%22:8%7D","https://img2.creatium.app/disk2/f2/b1/38/3abf20c46eb67a4e6fdcc5f900b00c0552/doroga_nyachang_dalat.webp#%7B%22size%22:%5B960,567%5D,%22quality%22:8%7D",external,,
/nhatrang,Enduro Tour in Nha Trang,"https://img2.creatium.app/disk2/74/29/49/913c3f016ef8c3d9beadff3a41ae9ef688/panoramniy_vid_s_gori.webp#%7B%22size%22:%5B960,567%5D,%22quality%22:8%7D","https://img2.creatium.app/disk2/74/29/49/913c3f016ef8c3d9beadff3a41ae9ef688/panoramniy_vid_s_gori.webp#%7B%22size%22:%5B960,567%5D,%22quality%22:8%7D",external,,
/nhatrang,"https://img2.creatium.app/disk2/69/e8/c8/07d1bce7a2566cca01df416ebfbbe3f851/kupaemsya_v_nyachange.webp#%7B%22size%22:%5B960,567%5D,%22quality%22:8%7D","https://img2.creatium.app/disk2/69/e8/c8/07d1bce7a2566cca01df416ebfbbe3f851/kupaemsya_v_nyachange.webp#%7B%22size%22:%5B960,567%5D,%22quality%22:8%7D","https://img2.creatium.app/disk2/69/e8/c8/07d1bce7a2566cca01df416ebfbbe3f851/kupaemsya_v_nyachange.webp#%7B%22size%22:%5B960,567%5D,%22quality%22:8%7D",external,,
/nhatrang,"https://img2.creatium.app/disk2/57/82/5a/d6e14a20bd9abfeea956cc791fb6f2ac8e/gruppa_enduristov_nyachang.webp#%7B%22size%22:%5B1661,981%5D,%22quality%22:8%7D","https://img2.creatium.app/disk2/57/82/5a/d6e14a20bd9abfeea956cc791fb6f2ac8e/gruppa_enduristov_nyachang.webp#%7B%22size%22:%5B1661,981%5D,%22quality%22:8%7D","https://img2.creatium.app/disk2/57/82/5a/d6e14a20bd9abfeea956cc791fb6f2ac8e/gruppa_enduristov_nyachang.webp#%7B%22size%22:%5B1661,981%5D,%22quality%22:8%7D",external,,
/nhatrang,"https://img2.creatium.app/disk2/e7/09/6a/703414b497a183cd77e13467d370a18895/znakomstvo_vibor_ekipirovki.webp#%7B%22size%22:%5B1661,981%5D,%22quality%22:8%7D","https://img2.creatium.app/disk2/e7/09/6a/703414b497a183cd77e13467d370a18895/znakomstvo_vibor_ekipirovki.webp#%7B%22size%22:%5B1661,981%5D,%22quality%22:8%7D","https://img2.creatium.app/disk2/e7/09/6a/703414b497a183cd77e13467d370a18895/znakomstvo_vibor_ekipirovki.webp#%7B%22size%22:%5B1661,981%5D,%22quality%22:8%7D",external,,
/nhatrang,Type: Mini-band,http://,http://,external,,
/nhatrang,Group size: 2 people,http://,http://,external,,
/nhatrang,Duration: 2.5 hours,http://,http://,external,,
/nhatrang,"Booking confirmation: record at least 2 days in advance. The organizer will confirm the booking for the date you have chosen, after which you will make a 30% prepayment.",http://,http://,external,,
/nhatrang,https://t.me/mototourvietnam,https://t.me/mototourvietnam,https://t.me/mototourvietnam,external,,
/nhatrang,https://www.instagram.com/enduro.vietnam,https://www.instagram.com/enduro.vietnam,https://www.instagram.com/enduro.vietnam,external,,
/nhatrang,https://wa.me/79994564498,https://wa.me/79994564498,https://wa.me/79994564498,external,,
/nhatrang,Extended Nha Trang Route,"https://img2.creatium.app/disk2/85/a4/8e/db36c5904f09f962aec806bd9159b898b6/mujchina_v_ekipirovke.webp#%7B%22size%22:%5B960,567%5D,%22quality%22:8%7D","https://img2.creatium.app/disk2/85/a4/8e/db36c5904f09f962aec806bd9159b898b6/mujchina_v_ekipirovke.webp#%7B%22size%22:%5B960,567%5D,%22quality%22:8%7D",external,,
/nhatrang,Nha Trang Extended Tour,"https://img2.creatium.app/disk2/c2/11/25/76438947e99438b44275590211162f332e/upal_na_motocikle.webp#%7B%22size%22:%5B960,567%5D,%22quality%22:8%7D","https://img2.creatium.app/disk2/c2/11/25/76438947e99438b44275590211162f332e/upal_na_motocikle.webp#%7B%22size%22:%5B960,567%5D,%22quality%22:8%7D",external,,
/nhatrang,"https://img2.creatium.app/disk2/9a/8f/8c/81bca173741ffedbd1f82ca50c1ec04c2b/dalat_moto_tour_31.webp#%7B%22size%22:%5B1920,1134%5D,%22quality%22:8%7D","https://img2.creatium.app/disk2/9a/8f/8c/81bca173741ffedbd1f82ca50c1ec04c2b/dalat_moto_tour_31.webp#%7B%22size%22:%5B1920,1134%5D,%22quality%22:8%7D","https://img2.creatium.app/disk2/9a/8f/8c/81bca173741ffedbd1f82ca50c1ec04c2b/dalat_moto_tour_31.webp#%7B%22size%22:%5B1920,1134%5D,%22quality%22:8%7D",external,,
/nhatrang,"https://img2.creatium.app/disk2/bc/b8/e4/2209c49ed0785dc40d7bd309d0a08eb039/dalat_moto_tour_34.webp#%7B%22size%22:%5B1920,1134%5D,%22quality%22:8%7D","https://img2.creatium.app/disk2/bc/b8/e4/2209c49ed0785dc40d7bd309d0a08eb039/dalat_moto_tour_34.webp#%7B%22size%22:%5B1920,1134%5D,%22quality%22:8%7D","https://img2.creatium.app/disk2/bc/b8/e4/2209c49ed0785dc40d7bd309d0a08eb039/dalat_moto_tour_34.webp#%7B%22size%22:%5B1920,1134%5D,%22quality%22:8%7D",external,,
/nhatrang,"https://img2.creatium.app/disk2/ba/62/ab/7f18352aa19ae0984de291425daf5c26b2/dalat_moto_tour_27.webp#%7B%22size%22:%5B1920,1134%5D,%22quality%22:8%7D","https://img2.creatium.app/disk2/ba/62/ab/7f18352aa19ae0984de291425daf5c26b2/dalat_moto_tour_27.webp#%7B%22size%22:%5B1920,1134%5D,%22quality%22:8%7D","https://img2.creatium.app/disk2/ba/62/ab/7f18352aa19ae0984de291425daf5c26b2/dalat_moto_tour_27.webp#%7B%22size%22:%5B1920,1134%5D,%22quality%22:8%7D",external,,
/nhatrang,Type: Mini-band,http://,http://,external,,
/nhatrang,Group size: 2 people,http://,http://,external,,
/nhatrang,Duration: 4 hours,http://,http://,external,,
/nhatrang,"Booking confirmation: record at least 2 days in advance. The organizer will confirm the booking for the date you have chosen, after which you will make a 30% prepayment.",http://,http://,external,,
/nhatrang,https://t.me/mototourvietnam,https://t.me/mototourvietnam,https://t.me/mototourvietnam,external,,
/nhatrang,https://www.instagram.com/enduro.vietnam,https://www.instagram.com/enduro.vietnam,https://www.instagram.com/enduro.vietnam,external,,
/nhatrang,https://wa.me/79994564498,https://wa.me/79994564498,https://wa.me/79994564498,external,,
/nhatrang,go to Google maps,https://maps.app.goo.gl/SS6RstzSVXo9Xgjy7,https://maps.app.goo.gl/SS6RstzSVXo9Xgjy7,external,,
/nhatrang,go to tripadvisor,https://www.tripadvisor.ru/Attraction_Review-g293922-d19701190-Reviews-Enduro_Vietnam-Da_Lat_Lam_Dong_Province.html,https://www.tripadvisor.ru/Attraction_Review-g293922-d19701190-Reviews-Enduro_Vietnam-Da_Lat_Lam_Dong_Province.html,external,,
/nhatrang,go to facebook,https://www.facebook.com/profile.php?id=61585240226310,https://www.facebook.com/profile.php?id=61585240226310,external,,
/nhatrang,go to Instagram,https://www.instagram.com/enduro.vietnam,https://www.instagram.com/enduro.vietnam,external,,
/nhatrang,go to Youtube,https://www.youtube.com/@Enduro.Vietnam,https://www.youtube.com/@Enduro.Vietnam,external,,
/nhatrang,go to Google maps,https://maps.app.goo.gl/SS6RstzSVXo9Xgjy7,https://maps.app.goo.gl/SS6RstzSVXo9Xgjy7,external,,
/nhatrang,go to tripadvisor,https://www.tripadvisor.ru/Attraction_Review-g293922-d19701190-Reviews-Enduro_Vietnam-Da_Lat_Lam_Dong_Province.html,https://www.tripadvisor.ru/Attraction_Review-g293922-d19701190-Reviews-Enduro_Vietnam-Da_Lat_Lam_Dong_Province.html,external,,
/nhatrang,go to facebook,https://www.facebook.com/profile.php?id=61585240226310,https://www.facebook.com/profile.php?id=61585240226310,external,,
/nhatrang,go to Instagram,https://www.instagram.com/enduro.vietnam/,https://www.instagram.com/enduro.vietnam/,external,,
/nhatrang,go to Youtube,https://www.youtube.com/@Enduro.Vietnam,https://www.youtube.com/@Enduro.Vietnam,external,,
/nhatrang,processing of personal data,/privacy,/privacy,internal,200,/privacy
/nhatrang,To book,https://t.me/Cryptoman78?text=Hello!%20I%27m%20from%20the%20enduro-vietnam%20website%2C%20I%27d%20like%20to%20rent%20a%20scooter,https://t.me/Cryptoman78?text=Hello!%20I%27m%20from%20the%20enduro-vietnam%20website%2C%20I%27d%20like%20to%20rent%20a%20scooter,external,,
/nhatrang,Watch more tours,https://enduro-vietnam.com/all-tours/,/all-tours,internal,200,/all-tours
/nhatrang,/three-day-tour-dalat-nhatrang,/three-day-tour-dalat-nhatrang,/three-day-tour-dalat-nhatrang,internal,200,/three-day-tour-dalat-nhatrang
/nhatrang,TO BOOK,https://t.me/mototourvietnam,https://t.me/mototourvietnam,external,,
/nhatrang,READ MORE,https://enduro-vietnam.com/all-tours/three-day-tour-dalat-nhatrang,/all-tours/three-day-tour-dalat-nhatrang,internal,200,/all-tours/three-day-tour-dalat-nhatrang
/nhatrang,/nhatrang-enduro-tour-one-day,/nhatrang-enduro-tour-one-day,/nhatrang-enduro-tour-one-day,internal,200,/nhatrang-enduro-tour-one-day
/nhatrang,TO BOOK,https://t.me/mototourvietnam,https://t.me/mototourvietnam,external,,
/nhatrang,READ MORE,https://enduro-vietnam.com/all-tours/nhatrang-enduro-tour-one-day,/all-tours/nhatrang-enduro-tour-one-day,internal,200,/all-tours/nhatrang-enduro-tour-one-day
/nhatrang,/nhatrang-enduro-tour-advanced,/nhatrang-enduro-tour-advanced,/nhatrang-enduro-tour-advanced,internal,200,/nhatrang-enduro-tour-advanced
/nhatrang,TO BOOK,https://t.me/mototourvietnam,https://t.me/mototourvietnam,external,,
/nhatrang,READ MORE,https://enduro-vietnam.com/all-tours/nhatrang-enduro-tour-advanced,/all-tours/nhatrang-enduro-tour-advanced,internal,200,/all-tours/nhatrang-enduro-tour-advanced
/nhatrang,To book,https://t.me/Cryptoman78?text=Hello!%20I%27m%20from%20the%20enduro-vietnam%20website%2C%20I%27d%20like%20to%20rent%20a%20scooter,https://t.me/Cryptoman78?text=Hello!%20I%27m%20from%20the%20enduro-vietnam%20website%2C%20I%27d%20like%20to%20rent%20a%20scooter,external,,
/nhatrang,Watch more tours,https://enduro-vietnam.com/all-tours/,/all-tours,internal,200,/all-tours
/nhatrang,TO BOOK,https://t.me/mototourvietnam,https://t.me/mototourvietnam,external,,
/nhatrang,READ MORE,https://enduro-vietnam.com/all-tours/dalat-enduro-tour-one-day,/all-tours/dalat-enduro-tour-one-day,internal,200,/all-tours/dalat-enduro-tour-one-day
/nhatrang,TO BOOK,https://t.me/mototourvietnam,https://t.me/mototourvietnam,external,,
/nhatrang,READ MORE,https://enduro-vietnam.com/all-tours/dalat-enduro-tour-advanced,/all-tours/dalat-enduro-tour-advanced,internal,200,/all-tours/dalat-enduro-tour-advanced
/nhatrang,TO BOOK,https://t.me/mototourvietnam,https://t.me/mototourvietnam,external,,
/nhatrang,READ MORE,https://enduro-vietnam.com/all-tours/dalat-enduro-tour-two-day,/all-tours/dalat-enduro-tour-two-day,internal,200,/all-tours/dalat-enduro-tour-two-day
/nhatrang,TO BOOK,https://t.me/mototourvietnam,https://t.me/mototourvietnam,external,,
/nhatrang,READ MORE,https://enduro-vietnam.com/all-tours/three-day-tour-dalat-nhatrang,/all-tours/three-day-tour-dalat-nhatrang,internal,200,/all-tours/three-day-tour-dalat-nhatrang
/nhatrang,TO BOOK,https://t.me/mototourvietnam,https://t.me/mototourvietnam,external,,
/nhatrang,READ MORE,https://enduro-vietnam.com/all-tours/three-day-tour-dalat-muine,/all-tours/three-day-tour-dalat-muine,internal,200,/all-tours/three-day-tour-dalat-muine
/nhatrang,TO BOOK,https://t.me/mototourvietnam,https://t.me/mototourvietnam,external,,
/nhatrang,READ MORE,https://enduro-vietnam.com/all-tours/dalat-easy-rider-enduro-beginners,/all-tours/dalat-easy-rider-enduro-beginners,internal,200,/all-tours/dalat-easy-rider-enduro-beginners
/nhatrang,TO BOOK,https://t.me/mototourvietnam,https://t.me/mototourvietnam,external,,
/nhatrang,READ MORE,https://enduro-vietnam.com/all-tours/nhatrang-enduro-tour-one-day,/all-tours/nhatrang-enduro-tour-one-day,internal,200,/all-tours/nhatrang-enduro-tour-one-day
/nhatrang,TO BOOK,https://t.me/mototourvietnam,https://t.me/mototourvietnam,external,,
/nhatrang,READ MORE,https://enduro-vietnam.com/all-tours/nhatrang-enduro-tour-advanced,/all-tours/nhatrang-enduro-tour-advanced,internal,200,/all-tours/nhatrang-enduro-tour-advanced
/nhatrang,TO BOOK,https://t.me/mototourvietnam,https://t.me/mototourvietnam,external,,
/nhatrang,READ MORE,https://enduro-vietnam.com/all-tours/motorbike-tour-south-vietnam-4-days,/all-tours/motorbike-tour-south-vietnam-4-days,internal,200,/all-tours/motorbike-tour-south-vietnam-4-days
/nhatrang,TO BOOK,https://t.me/mototourvietnam,https://t.me/mototourvietnam,external,,
/nhatrang,READ MORE,https://enduro-vietnam.com/all-tours/5-day-motorbike-tour-from-saigon-ho-chi-minh-city,/all-tours/5-day-motorbike-tour-from-saigon-ho-chi-minh-city,internal,200,/all-tours/5-day-motorbike-tour-from-saigon-ho-chi-minh-city
/nhatrang,TO BOOK,https://t.me/mototourvietnam,https://t.me/mototourvietnam,external,,
/nhatrang,READ MORE,https://enduro-vietnam.com/all-tours/mekong-delta-and-coastline-vietnam-motorbike-tour-6-days,/all-tours/mekong-delta-and-coastline-vietnam-motorbike-tour-6-days,internal,200,/all-tours/mekong-delta-and-coastline-vietnam-motorbike-tour-6-days
/nhatrang,TO BOOK,https://t.me/mototourvietnam,https://t.me/mototourvietnam,external,,
/nhatrang,READ MORE,https://enduro-vietnam.com/all-tours/motorcycle-tour-on-coastline-and-highlands-vietnam-7-days,/all-tours/motorcycle-tour-on-coastline-and-highlands-vietnam-7-days,internal,200,/all-tours/motorcycle-tour-on-coastline-and-highlands-vietnam-7-days
/nhatrang,TO BOOK,https://t.me/mototourvietnam,https://t.me/mototourvietnam,external,,
/nhatrang,READ MORE,https://enduro-vietnam.com/all-tours/saigon-motorbike-tour-10-days,/all-tours/saigon-motorbike-tour-10-days,internal,200,/all-tours/saigon-motorbike-tour-10-days
/nhatrang,TO BOOK,https://t.me/mototourvietnam,https://t.me/mototourvietnam,external,,
/nhatrang,READ MORE,https://enduro-vietnam.com/all-tours/south-vietnam-motorbike-tour-7-days,/all-tours/south-vietnam-motorbike-tour-7-days,internal,200,/all-tours/south-vietnam-motorbike-tour-7-days
/nhatrang,/three-day-tour-dalat-nhatrang,/three-day-tour-dalat-nhatrang,/three-day-tour-dalat-nhatrang,internal,200,/three-day-tour-dalat-nhatrang
/nhatrang,TO BOOK,https://t.me/mototourvietnam,https://t.me/mototourvietnam,external,,
/nhatrang,READ MORE,https://enduro-vietnam.com/all-tours/three-day-tour-dalat-nhatrang,/all-tours/three-day-tour-dalat-nhatrang,internal,200,/all-tours/three-day-tour-dalat-nhatrang
/nhatrang,/nhatrang-enduro-tour-one-day,/nhatrang-enduro-tour-one-day,/nhatrang-enduro-tour-one-day,internal,200,/nhatrang-enduro-tour-one-day
/nhatrang,TO BOOK,https://t.me/mototourvietnam,https://t.me/mototourvietnam,external,,
/nhatrang,READ MORE,https://enduro-vietnam.com/all-tours/nhatrang-enduro-tour-one-day,/all-tours/nhatrang-enduro-tour-one-day,internal,200,/all-tours/nhatrang-enduro-tour-one-day
/nhatrang,/nhatrang-enduro-tour-advanced,/nhatrang-enduro-tour-advanced,/nhatrang-enduro-tour-advanced,internal,200,/nhatrang-enduro-tour-advanced
/nhatrang,TO BOOK,https://t.me/mototourvietnam,https://t.me/mototourvietnam,external,,
/nhatrang,READ MORE,https://enduro-vietnam.com/all-tours/nhatrang-enduro-tour-advanced,/all-tours/nhatrang-enduro-tour-advanced,internal,200,/all-tours/nhatrang-enduro-tour-advanced
/nhatrang,logo YouTube,https://youtube.com/@enduro.vietnam?si=FDMtZYMkF863JBpP,https://youtube.com/@enduro.vietnam?si=FDMtZYMkF863JBpP,external,,
/nhatrang,youtube.com/@enduro.vietnam,https://youtube.com/@enduro.vietnam?si=FDMtZYMkF863JBpP,https://youtube.com/@enduro.vietnam?si=FDMtZYMkF863JBpP,external,,
/nhatrang,logo Instagram,https://www.instagram.com/enduro.vietnam/,https://www.instagram.com/enduro.vietnam/,external,,
/nhatrang,instagram.com/enduro.vietnam,https://www.instagram.com/enduro.vietnam/,https://www.instagram.com/enduro.vietnam/,external,,
/nhatrang,"https://img2.creatium.app/plp/i.1.creatium.io/disk2/9b/8a/2c/c08c9947c8b142a4a9616d09467e014e59/img_4380.webp#%7B%22size%22:%5B2268,4032%5D,%22quality%22:8%7D","https://img2.creatium.app/plp/i.1.creatium.io/disk2/9b/8a/2c/c08c9947c8b142a4a9616d09467e014e59/img_4380.webp#%7B%22size%22:%5B2268,4032%5D,%22quality%22:8%7D","https://img2.creatium.app/plp/i.1.creatium.io/disk2/9b/8a/2c/c08c9947c8b142a4a9616d09467e014e59/img_4380.webp#%7B%22size%22:%5B2268,4032%5D,%22quality%22:8%7D",external,,
/nhatrang,"https://img2.creatium.app/plp/i.1.creatium.io/disk2/fe/10/6e/831d8f6f92d2204fc4e9f9fb48a611b2a5/snimok_ekrana_2025_11_11_v_22_10_58.png#%7B%22size%22:%5B606,1078%5D,%22quality%22:8%7D","https://img2.creatium.app/plp/i.1.creatium.io/disk2/fe/10/6e/831d8f6f92d2204fc4e9f9fb48a611b2a5/snimok_ekrana_2025_11_11_v_22_10_58.png#%7B%22size%22:%5B606,1078%5D,%22quality%22:8%7D","https://img2.creatium.app/plp/i.1.creatium.io/disk2/fe/10/6e/831d8f6f92d2204fc4e9f9fb48a611b2a5/snimok_ekrana_2025_11_11_v_22_10_58.png#%7B%22size%22:%5B606,1078%5D,%22quality%22:8%7D",external,,
/nhatrang,"https://img2.creatium.app/plp/i.1.creatium.io/disk2/6b/83/e2/058aba02e47da14bde4f01a0f6d91a9fcc/img_4208.webp#%7B%22size%22:%5B2268,4032%5D,%22quality%22:8%7D","https://img2.creatium.app/plp/i.1.creatium.io/disk2/6b/83/e2/058aba02e47da14bde4f01a0f6d91a9fcc/img_4208.webp#%7B%22size%22:%5B2268,4032%5D,%22quality%22:8%7D","https://img2.creatium.app/plp/i.1.creatium.io/disk2/6b/83/e2/058aba02e47da14bde4f01a0f6d91a9fcc/img_4208.webp#%7B%22size%22:%5B2268,4032%5D,%22quality%22:8%7D",external,,
/nhatrang,"https://img2.creatium.app/plp/i.1.creatium.io/disk2/86/b0/57/857e2198d932fcda3db83e89803632e03e/1_2.webp#%7B%22size%22:%5B1129,2007%5D,%22quality%22:8%7D","https://img2.creatium.app/plp/i.1.creatium.io/disk2/86/b0/57/857e2198d932fcda3db83e89803632e03e/1_2.webp#%7B%22size%22:%5B1129,2007%5D,%22quality%22:8%7D","https://img2.creatium.app/plp/i.1.creatium.io/disk2/86/b0/57/857e2198d932fcda3db83e89803632e03e/1_2.webp#%7B%22size%22:%5B1129,2007%5D,%22quality%22:8%7D",external,,
/nhatrang,"https://img2.creatium.app/plp/i.1.creatium.io/disk2/70/93/75/3ae36b4e3aca4386e2caa4cfa1f976e588/snimok_ekrana_2025_11_11_v_22_12_22.webp#%7B%22size%22:%5B606,1078%5D,%22quality%22:8%7D","https://img2.creatium.app/plp/i.1.creatium.io/disk2/70/93/75/3ae36b4e3aca4386e2caa4cfa1f976e588/snimok_ekrana_2025_11_11_v_22_12_22.webp#%7B%22size%22:%5B606,1078%5D,%22quality%22:8%7D","https://img2.creatium.app/plp/i.1.creatium.io/disk2/70/93/75/3ae36b4e3aca4386e2caa4cfa1f976e588/snimok_ekrana_2025_11_11_v_22_12_22.webp#%7B%22size%22:%5B606,1078%5D,%22quality%22:8%7D",external,,
/nhatrang,"https://img2.creatium.app/plp/i.1.creatium.io/disk2/89/c4/0b/cb2c02c8c5a2934e03b930a999dce41515/img_5924.webp#%7B%22size%22:%5B2268,4032%5D,%22quality%22:8%7D","https://img2.creatium.app/plp/i.1.creatium.io/disk2/89/c4/0b/cb2c02c8c5a2934e03b930a999dce41515/img_5924.webp#%7B%22size%22:%5B2268,4032%5D,%22quality%22:8%7D","https://img2.creatium.app/plp/i.1.creatium.io/disk2/89/c4/0b/cb2c02c8c5a2934e03b930a999dce41515/img_5924.webp#%7B%22size%22:%5B2268,4032%5D,%22quality%22:8%7D",external,,
/nhatrang,"https://img2.creatium.app/plp/i.1.creatium.io/disk2/5e/b9/39/a2c637595f867dd2c1b0e5bc04e8e8baa2/88e132ce_6a81_4b7a_b6d0_822d19f831f0.jpg#%7B%22size%22:%5B2160,3840%5D,%22quality%22:8%7D","https://img2.creatium.app/plp/i.1.creatium.io/disk2/5e/b9/39/a2c637595f867dd2c1b0e5bc04e8e8baa2/88e132ce_6a81_4b7a_b6d0_822d19f831f0.jpg#%7B%22size%22:%5B2160,3840%5D,%22quality%22:8%7D","https://img2.creatium.app/plp/i.1.creatium.io/disk2/5e/b9/39/a2c637595f867dd2c1b0e5bc04e8e8baa2/88e132ce_6a81_4b7a_b6d0_822d19f831f0.jpg#%7B%22size%22:%5B2160,3840%5D,%22quality%22:8%7D",external,,
/nhatrang,"https://img2.creatium.app/plp/i.1.creatium.io/disk2/b3/70/84/590fac1f01010a61c2d48bfd976fc15e24/snimok_ekrana_2025_11_11_v_22_09_34.png#%7B%22size%22:%5B606,1078%5D,%22quality%22:8%7D","https://img2.creatium.app/plp/i.1.creatium.io/disk2/b3/70/84/590fac1f01010a61c2d48bfd976fc15e24/snimok_ekrana_2025_11_11_v_22_09_34.png#%7B%22size%22:%5B606,1078%5D,%22quality%22:8%7D","https://img2.creatium.app/plp/i.1.creatium.io/disk2/b3/70/84/590fac1f01010a61c2d48bfd976fc15e24/snimok_ekrana_2025_11_11_v_22_09_34.png#%7B%22size%22:%5B606,1078%5D,%22quality%22:8%7D",external,,
/nhatrang,"https://img2.creatium.app/plp/i.1.creatium.io/disk2/a2/0b/b2/b68fa16aa7cf3519d45164fbec61972a40/img_6084.webp#%7B%22size%22:%5B2268,4032%5D,%22quality%22:8%7D","https://img2.creatium.app/plp/i.1.creatium.io/disk2/a2/0b/b2/b68fa16aa7cf3519d45164fbec61972a40/img_6084.webp#%7B%22size%22:%5B2268,4032%5D,%22quality%22:8%7D","https://img2.creatium.app/plp/i.1.creatium.io/disk2/a2/0b/b2/b68fa16aa7cf3519d45164fbec61972a40/img_6084.webp#%7B%22size%22:%5B2268,4032%5D,%22quality%22:8%7D",external,,
/nhatrang,https://t.me/mototourvietnam,https://t.me/mototourvietnam,https://t.me/mototourvietnam,external,,
/nhatrang,Главная страница,/ru,/ru,internal,200,/ru
/nhatrang,Эндуро туры в Далате,/ru/dalat,/ru/dalat,internal,200,/ru/dalat
/nhatrang,Эндуро туры в Нячанге,/ru/nhatrang,/ru/nhatrang,internal,200,/ru/nhatrang
/nhatrang,Эндуро туры в Дананге,/ru/danang,/ru/danang,internal,200,/ru/danang
/nhatrang,Эндуро туры в Муйне,/ru/muine,/ru/muine,internal,200,/ru/muine
/nhatrang,Все туры,/ru/all-tours,/ru/all-tours,internal,200,/ru/all-tours
/nhatrang,Аренда скутеров Далат,ru/rent-motorbike-dalat,/ru/rent-motorbike-dalat,internal,200,/ru/rent-motorbike-dalat
/nhatrang,Аренда скутеров Нячанг,ru/rent-scooter-nhatrang,/ru/rent-scooter-nhatrang,internal,200,/ru/rent-scooter-nhatrang
/nhatrang,/aboutourclinic,/aboutourclinic,,unavailable,404,/aboutourclinic
/nhatrang,Enduro tours in Vietnam,/,/,internal,200,/
/nhatrang,Dalat,/dalat,/dalat,internal,200,/dalat
/nhatrang,Nha Trang,/nhatrang,/nhatrang,internal,200,/nhatrang
/nhatrang,Danang,/danang,/danang,internal,200,/danang
/nhatrang,Muine,/muine,/muine,internal,200,/muine
/nhatrang,All tours,/all-tours,/all-tours,internal,200,/all-tours
/nhatrang,Scooter rental in Dalat,/rent-motorbike-dalat,/rent-motorbike-dalat,internal,200,/rent-motorbike-dalat
/nhatrang,Scooter rental in Nha Trang,/rent-scooter-nhatrang,/rent-scooter-nhatrang,internal,200,/rent-scooter-nhatrang
/nhatrang,Vietnam,https://maps.app.goo.gl/hvewF4aRPsdtciud6,https://maps.app.goo.gl/hvewF4aRPsdtciud6,external,,
/nhatrang,https://t.me/mototourvietnam,https://t.me/mototourvietnam,https://t.me/mototourvietnam,external,,
/nhatrang,https://www.instagram.com/enduro.vietnam,https://www.instagram.com/enduro.vietnam,https://www.instagram.com/enduro.vietnam,external,,
/nhatrang,https://wa.me/79994564498,https://wa.me/79994564498,https://wa.me/79994564498,external,,
/nhatrang,Enduro tours in Vietnam,/,/,internal,200,/
/nhatrang,Dalat,/dalat,/dalat,internal,200,/dalat
/nhatrang,Nha Trang,/nhatrang,/nhatrang,internal,200,/nhatrang
/nhatrang,Danang,/danang,/danang,internal,200,/danang
/nhatrang,All tours,/all-tours,/all-tours,internal,200,/all-tours
/nhatrang,Scooter rental in Dalat,/rent-motorbike-dalat,/rent-motorbike-dalat,internal,200,/rent-motorbike-dalat
/nhatrang,Мототуры по всему Вьетнаму,/ru,/ru,internal,200,/ru
/nhatrang,Аренда Dirt байков и эндуро туры в Муйне,/ru/muine,/ru/muine,internal,200,/ru/muine
/nhatrang,Аренда эндуро мотоциклов и мото туры в Далате,/ru/dalat,/ru/dalat,internal,200,/ru/dalat
/nhatrang,Эндуро туры в Нячанге,/ru/nhatrang,/ru/nhatrang,internal,200,/ru/nhatrang
/nhatrang,https://t.me/mototourvietnam,https://t.me/mototourvietnam,https://t.me/mototourvietnam,external,,
/nhatrang,https://www.instagram.com/enduro.vietnam,https://www.instagram.com/enduro.vietnam,https://www.instagram.com/enduro.vietnam,external,,
/nhatrang,https://wa.me/79994564498,https://wa.me/79994564498,https://wa.me/79994564498,external,,
/nhatrang,https://t.me/mototourvietnam,https://t.me/mototourvietnam,https://t.me/mototourvietnam,external,,
/nhatrang,Creatium,https://creatium.app,https://creatium.app,external,,
/privacy,/,/,/,internal,200,/
/privacy,All tours,/all-tours,/all-tours,internal,200,/all-tours
/privacy,https://t.me/mototourvietnam,https://t.me/mototourvietnam,https://t.me/mototourvietnam,external,,
/privacy,https://www.instagram.com/enduro.vietnam,https://www.instagram.com/enduro.vietnam,https://www.instagram.com/enduro.vietnam,external,,
/privacy,https://wa.me/79994564498,https://wa.me/79994564498,https://wa.me/79994564498,external,,
/privacy,/,/,/,internal,200,/
/privacy,https://www.instagram.com/enduro.vietnam,https://www.instagram.com/enduro.vietnam,https://www.instagram.com/enduro.vietnam,external,,
/privacy,https://www.instagram.com/enduro.vietnam,https://www.instagram.com/enduro.vietnam,https://www.instagram.com/enduro.vietnam,external,,
/privacy,Политика в отношении обработки данных,/privacy,/privacy,internal,200,/privacy
/privacy,http://twitter.com/groupname,http://twitter.com/groupname,http://twitter.com/groupname,external,,
/privacy,http://vk.com/groupname,http://vk.com/groupname,http://vk.com/groupname,external,,
/privacy,http://facebook.com/groupname,http://facebook.com/groupname,http://facebook.com/groupname,external,,
/privacy,Creatium,https://creatium.app,https://creatium.app,external,,
/rent-motorbike-dalat,/,/,/,internal,200,/
/rent-motorbike-dalat,All tours,/all-tours,/all-tours,internal,200,/all-tours
/rent-motorbike-dalat,https://t.me/mototourvietnam,https://t.me/mototourvietnam,https://t.me/mototourvietnam,external,,
/rent-motorbike-dalat,https://www.instagram.com/enduro.vietnam,https://www.instagram.com/enduro.vietnam,https://www.instagram.com/enduro.vietnam,external,,
/rent-motorbike-dalat,https://wa.me/79994564498,https://wa.me/79994564498,https://wa.me/79994564498,external,,
/rent-motorbike-dalat,/,/,/,internal,200,/
/rent-motorbike-dalat,https://t.me/zack1308?text=Hello!%20I'm%20from%20the%20enduro-vietnam%20website%2C%20I'd%20like%20to%20rent%20a%20scooter,https://t.me/zack1308?text=Hello!%20I'm%20from%20the%20enduro-vietnam%20website%2C%20I'd%20like%20to%20rent%20a%20scooter,https://t.me/zack1308?text=Hello!%20I'm%20from%20the%20enduro-vietnam%20website%2C%20I'd%20like%20to%20rent%20a%20scooter,external,,
/rent-motorbike-dalat,https://api.whatsapp.com/send/?phone=84814286838&text=Hello!%20I'm%20from%20the%20enduro-vietnam%20website%2C%20I'd%20like%20to%20rent%20a%20scooter,https://api.whatsapp.com/send/?phone=84814286838&text=Hello!%20I'm%20from%20the%20enduro-vietnam%20website%2C%20I'd%20like%20to%20rent%20a%20scooter,https://api.whatsapp.com/send/?phone=84814286838&text=Hello!%20I'm%20from%20the%20enduro-vietnam%20website%2C%20I'd%20like%20to%20rent%20a%20scooter,external,,
/rent-motorbike-dalat,https://t.me/zack1308?text=Hello!%20I'm%20from%20the%20enduro-vietnam%20website%2C%20I'd%20like%20to%20rent%20a%20scooter,https://t.me/zack1308?text=Hello!%20I'm%20from%20the%20enduro-vietnam%20website%2C%20I'd%20like%20to%20rent%20a%20scooter,https://t.me/zack1308?text=Hello!%20I'm%20from%20the%20enduro-vietnam%20website%2C%20I'd%20like%20to%20rent%20a%20scooter,external,,
/rent-motorbike-dalat,https://api.whatsapp.com/send/?phone=84814286838&text=Hello!%20I'm%20from%20the%20enduro-vietnam%20website%2C%20I'd%20like%20to%20rent%20a%20scooter,https://api.whatsapp.com/send/?phone=84814286838&text=Hello!%20I'm%20from%20the%20enduro-vietnam%20website%2C%20I'd%20like%20to%20rent%20a%20scooter,https://api.whatsapp.com/send/?phone=84814286838&text=Hello!%20I'm%20from%20the%20enduro-vietnam%20website%2C%20I'd%20like%20to%20rent%20a%20scooter,external,,
/rent-motorbike-dalat,https://t.me/zack1308?text=Hello!%20I'm%20from%20the%20enduro-vietnam%20website%2C%20I'd%20like%20to%20rent%20a%20scooter,https://t.me/zack1308?text=Hello!%20I'm%20from%20the%20enduro-vietnam%20website%2C%20I'd%20like%20to%20rent%20a%20scooter,https://t.me/zack1308?text=Hello!%20I'm%20from%20the%20enduro-vietnam%20website%2C%20I'd%20like%20to%20rent%20a%20scooter,external,,
/rent-motorbike-dalat,https://api.whatsapp.com/send/?phone=84814286838&text=Hello!%20I'm%20from%20the%20enduro-vietnam%20website%2C%20I'd%20like%20to%20rent%20a%20scooter,https://api.whatsapp.com/send/?phone=84814286838&text=Hello!%20I'm%20from%20the%20enduro-vietnam%20website%2C%20I'd%20like%20to%20rent%20a%20scooter,https://api.whatsapp.com/send/?phone=84814286838&text=Hello!%20I'm%20from%20the%20enduro-vietnam%20website%2C%20I'd%20like%20to%20rent%20a%20scooter,external,,
/rent-motorbike-dalat,https://t.me/zack1308?text=Hello!%20I'm%20from%20the%20enduro-vietnam%20website%2C%20I'd%20like%20to%20rent%20a%20scooter,https://t.me/zack1308?text=Hello!%20I'm%20from%20the%20enduro-vietnam%20website%2C%20I'd%20like%20to%20rent%20a%20scooter,https://t.me/zack1308?text=Hello!%20I'm%20from%20the%20enduro-vietnam%20website%2C%20I'd%20like%20to%20rent%20a%20scooter,external,,
/rent-motorbike-dalat,https://api.whatsapp.com/send/?phone=84814286838&text=Hello!%20I'm%20from%20the%20enduro-vietnam%20website%2C%20I'd%20like%20to%20rent%20a%20scooter,https://api.whatsapp.com/send/?phone=84814286838&text=Hello!%20I'm%20from%20the%20enduro-vietnam%20website%2C%20I'd%20like%20to%20rent%20a%20scooter,https://api.whatsapp.com/send/?phone=84814286838&text=Hello!%20I'm%20from%20the%20enduro-vietnam%20website%2C%20I'd%20like%20to%20rent%20a%20scooter,external,,
/rent-motorbike-dalat,https://t.me/lebede_ff?text=Hello!%20I'm%20from%20the%20enduro-vietnam%20website%2C%20I'd%20like%20to%20rent%20a%20scooter,https://t.me/lebede_ff?text=Hello!%20I'm%20from%20the%20enduro-vietnam%20website%2C%20I'd%20like%20to%20rent%20a%20scooter,https://t.me/lebede_ff?text=Hello!%20I'm%20from%20the%20enduro-vietnam%20website%2C%20I'd%20like%20to%20rent%20a%20scooter,external,,
/rent-motorbike-dalat,https://api.whatsapp.com/send/?phone=89111858927 &text=Hello!%20I'm%20from%20the%20enduro-vietnam%20website%2C%20I'd%20like%20to%20rent%20a%20scooter,https://api.whatsapp.com/send/?phone=89111858927 &text=Hello!%20I'm%20from%20the%20enduro-vietnam%20website%2C%20I'd%20like%20to%20rent%20a%20scooter,https://api.whatsapp.com/send/?phone=89111858927 &text=Hello!%20I'm%20from%20the%20enduro-vietnam%20website%2C%20I'd%20like%20to%20rent%20a%20scooter,external,,
/rent-motorbike-dalat,https://t.me/lebede_ff?text=Hello!%20I'm%20from%20the%20enduro-vietnam%20website%2C%20I'd%20like%20to%20rent%20a%20scooter,https://t.me/lebede_ff?text=Hello!%20I'm%20from%20the%20enduro-vietnam%20website%2C%20I'd%20like%20to%20rent%20a%20scooter,https://t.me/lebede_ff?text=Hello!%20I'm%20from%20the%20enduro-vietnam%20website%2C%20I'd%20like%20to%20rent%20a%20scooter,external,,
/rent-motorbike-dalat,https://api.whatsapp.com/send/?phone=89111858927 &text=Hello!%20I'm%20from%20the%20enduro-vietnam%20website%2C%20I'd%20like%20to%20rent%20a%20scooter,https://api.whatsapp.com/send/?phone=89111858927 &text=Hello!%20I'm%20from%20the%20enduro-vietnam%20website%2C%20I'd%20like%20to%20rent%20a%20scooter,https://api.whatsapp.com/send/?phone=89111858927 &text=Hello!%20I'm%20from%20the%20enduro-vietnam%20website%2C%20I'd%20like%20to%20rent%20a%20scooter,external,,
/rent-motorbike-dalat,https://t.me/lebede_ff?text=Hello!%20I'm%20from%20the%20enduro-vietnam%20website%2C%20I'd%20like%20to%20rent%20a%20scooter,https://t.me/lebede_ff?text=Hello!%20I'm%20from%20the%20enduro-vietnam%20website%2C%20I'd%20like%20to%20rent%20a%20scooter,https://t.me/lebede_ff?text=Hello!%20I'm%20from%20the%20enduro-vietnam%20website%2C%20I'd%20like%20to%20rent%20a%20scooter,external,,
/rent-motorbike-dalat,https://api.whatsapp.com/send/?phone=89111858927 &text=Hello!%20I'm%20from%20the%20enduro-vietnam%20website%2C%20I'd%20like%20to%20rent%20a%20scooter,https://api.whatsapp.com/send/?phone=89111858927 &text=Hello!%20I'm%20from%20the%20enduro-vietnam%20website%2C%20I'd%20like%20to%20rent%20a%20scooter,https://api.whatsapp.com/send/?phone=89111858927 &text=Hello!%20I'm%20from%20the%20enduro-vietnam%20website%2C%20I'd%20like%20to%20rent%20a%20scooter,external,,
/rent-motorbike-dalat,https://t.me/lebede_ff?text=Hello!%20I'm%20from%20the%20enduro-vietnam%20website%2C%20I'd%20like%20to%20rent%20a%20scooter,https://t.me/lebede_ff?text=Hello!%20I'm%20from%20the%20enduro-vietnam%20website%2C%20I'd%20like%20to%20rent%20a%20scooter,https://t.me/lebede_ff?text=Hello!%20I'm%20from%20the%20enduro-vietnam%20website%2C%20I'd%20like%20to%20rent%20a%20scooter,external,,
/rent-motorbike-dalat,https://api.whatsapp.com/send/?phone=89111858927 &text=Hello!%20I'm%20from%20the%20enduro-vietnam%20website%2C%20I'd%20like%20to%20rent%20a%20scooter,https://api.whatsapp.com/send/?phone=89111858927 &text=Hello!%20I'm%20from%20the%20enduro-vietnam%20website%2C%20I'd%20like%20to%20rent%20a%20scooter,https://api.whatsapp.com/send/?phone=89111858927 &text=Hello!%20I'm%20from%20the%20enduro-vietnam%20website%2C%20I'd%20like%20to%20rent%20a%20scooter,external,,
/rent-motorbike-dalat,csgt.vn/tra-cuu-phat-nguoi,https://www.csgt.vn/tra-cuu-phat-nguoi,https://www.csgt.vn/tra-cuu-phat-nguoi,external,,
/rent-motorbike-dalat,phatnguoi.vn,https://phatnguoi.vn/,https://phatnguoi.vn/,external,,
/rent-motorbike-dalat,https://t.me/mototourvietnam,https://t.me/mototourvietnam,https://t.me/mototourvietnam,external,,
/rent-motorbike-dalat,Главная страница,/ru,/ru,internal,200,/ru
/rent-motorbike-dalat,Эндуро туры в Далате,/ru/dalat,/ru/dalat,internal,200,/ru/dalat
/rent-motorbike-dalat,Эндуро туры в Нячанге,/ru/nhatrang,/ru/nhatrang,internal,200,/ru/nhatrang
/rent-motorbike-dalat,Эндуро туры в Дананге,/ru/danang,/ru/danang,internal,200,/ru/danang
/rent-motorbike-dalat,Эндуро туры в Муйне,/ru/muine,/ru/muine,internal,200,/ru/muine
/rent-motorbike-dalat,Все туры,/ru/all-tours,/ru/all-tours,internal,200,/ru/all-tours
/rent-motorbike-dalat,Аренда скутеров Далат,ru/rent-motorbike-dalat,/ru/rent-motorbike-dalat,internal,200,/ru/rent-motorbike-dalat
/rent-motorbike-dalat,Аренда скутеров Нячанг,ru/rent-scooter-nhatrang,/ru/rent-scooter-nhatrang,internal,200,/ru/rent-scooter-nhatrang
/rent-motorbike-dalat,/aboutourclinic,/aboutourclinic,,unavailable,404,/aboutourclinic
/rent-motorbike-dalat,Enduro tours in Vietnam,/,/,internal,200,/
/rent-motorbike-dalat,Dalat,/dalat,/dalat,internal,200,/dalat
/rent-motorbike-dalat,Nha Trang,/nhatrang,/nhatrang,internal,200,/nhatrang
/rent-motorbike-dalat,Danang,/danang,/danang,internal,200,/danang
/rent-motorbike-dalat,Muine,/muine,/muine,internal,200,/muine
/rent-motorbike-dalat,All tours,/all-tours,/all-tours,internal,200,/all-tours
/rent-motorbike-dalat,Scooter rental in Dalat,/rent-motorbike-dalat,/rent-motorbike-dalat,internal,200,/rent-motorbike-dalat
/rent-motorbike-dalat,Scooter rental in Nha Trang,/rent-scooter-nhatrang,/rent-scooter-nhatrang,internal,200,/rent-scooter-nhatrang
/rent-motorbike-dalat,Vietnam,https://maps.app.goo.gl/hvewF4aRPsdtciud6,https://maps.app.goo.gl/hvewF4aRPsdtciud6,external,,
/rent-motorbike-dalat,https://t.me/mototourvietnam,https://t.me/mototourvietnam,https://t.me/mototourvietnam,external,,
/rent-motorbike-dalat,https://www.instagram.com/enduro.vietnam,https://www.instagram.com/enduro.vietnam,https://www.instagram.com/enduro.vietnam,external,,
/rent-motorbike-dalat,https://wa.me/79994564498,https://wa.me/79994564498,https://wa.me/79994564498,external,,
/rent-motorbike-dalat,Enduro tours in Vietnam,/,/,internal,200,/
/rent-motorbike-dalat,Dalat,/dalat,/dalat,internal,200,/dalat
/rent-motorbike-dalat,Nha Trang,/nhatrang,/nhatrang,internal,200,/nhatrang
/rent-motorbike-dalat,Danang,/danang,/danang,internal,200,/danang
/rent-motorbike-dalat,All tours,/all-tours,/all-tours,internal,200,/all-tours
/rent-motorbike-dalat,Scooter rental in Dalat,/rent-motorbike-dalat,/rent-motorbike-dalat,internal,200,/rent-motorbike-dalat
/rent-motorbike-dalat,Мототуры по всему Вьетнаму,/ru,/ru,internal,200,/ru
/rent-motorbike-dalat,Аренда Dirt байков и эндуро туры в Муйне,/ru/muine,/ru/muine,internal,200,/ru/muine
/rent-motorbike-dalat,Аренда эндуро мотоциклов и мото туры в Далате,/ru/dalat,/ru/dalat,internal,200,/ru/dalat
/rent-motorbike-dalat,Эндуро туры в Нячанге,/ru/nhatrang,/ru/nhatrang,internal,200,/ru/nhatrang
/rent-motorbike-dalat,https://t.me/mototourvietnam,https://t.me/mototourvietnam,https://t.me/mototourvietnam,external,,
/rent-motorbike-dalat,https://www.instagram.com/enduro.vietnam,https://www.instagram.com/enduro.vietnam,https://www.instagram.com/enduro.vietnam,external,,
/rent-motorbike-dalat,https://wa.me/79994564498,https://wa.me/79994564498,https://wa.me/79994564498,external,,
/rent-motorbike-dalat,https://t.me/mototourvietnam,https://t.me/mototourvietnam,https://t.me/mototourvietnam,external,,
/rent-motorbike-dalat,Creatium,https://creatium.app,https://creatium.app,external,,
/rent-scooter-nhatrang,/,/,/,internal,200,/
/rent-scooter-nhatrang,All tours,/all-tours,/all-tours,internal,200,/all-tours
/rent-scooter-nhatrang,https://t.me/mototourvietnam,https://t.me/mototourvietnam,https://t.me/mototourvietnam,external,,
/rent-scooter-nhatrang,https://www.instagram.com/enduro.vietnam,https://www.instagram.com/enduro.vietnam,https://www.instagram.com/enduro.vietnam,external,,
/rent-scooter-nhatrang,https://wa.me/79994564498,https://wa.me/79994564498,https://wa.me/79994564498,external,,
/rent-scooter-nhatrang,/,/,/,internal,200,/
/rent-scooter-nhatrang,rent motorbike,https://t.me/AAA_Viktorovich,https://t.me/AAA_Viktorovich,external,,
/rent-scooter-nhatrang,To book,https://api.whatsapp.com/send/?phone=79994564498&text&type=phone_number&app_absent=0,https://api.whatsapp.com/send/?phone=79994564498&text&type=phone_number&app_absent=0,external,,
/rent-scooter-nhatrang,csgt.vn/tra-cuu-phat-nguoi,https://www.csgt.vn/tra-cuu-phat-nguoi,https://www.csgt.vn/tra-cuu-phat-nguoi,external,,
/rent-scooter-nhatrang,phatnguoi.vn,https://phatnguoi.vn/,https://phatnguoi.vn/,external,,
/rent-scooter-nhatrang,https://t.me/mototourvietnam,https://t.me/mototourvietnam,https://t.me/mototourvietnam,external,,
/rent-scooter-nhatrang,Главная страница,/ru,/ru,internal,200,/ru
/rent-scooter-nhatrang,Эндуро туры в Далате,/ru/dalat,/ru/dalat,internal,200,/ru/dalat
/rent-scooter-nhatrang,Эндуро туры в Нячанге,/ru/nhatrang,/ru/nhatrang,internal,200,/ru/nhatrang
/rent-scooter-nhatrang,Эндуро туры в Дананге,/ru/danang,/ru/danang,internal,200,/ru/danang
/rent-scooter-nhatrang,Эндуро туры в Муйне,/ru/muine,/ru/muine,internal,200,/ru/muine
/rent-scooter-nhatrang,Все туры,/ru/all-tours,/ru/all-tours,internal,200,/ru/all-tours
/rent-scooter-nhatrang,Аренда скутеров Далат,ru/rent-motorbike-dalat,/ru/rent-motorbike-dalat,internal,200,/ru/rent-motorbike-dalat
/rent-scooter-nhatrang,Аренда скутеров Нячанг,ru/rent-scooter-nhatrang,/ru/rent-scooter-nhatrang,internal,200,/ru/rent-scooter-nhatrang
/rent-scooter-nhatrang,/aboutourclinic,/aboutourclinic,,unavailable,404,/aboutourclinic
/rent-scooter-nhatrang,Enduro tours in Vietnam,/,/,internal,200,/
/rent-scooter-nhatrang,Dalat,/dalat,/dalat,internal,200,/dalat
/rent-scooter-nhatrang,Nha Trang,/nhatrang,/nhatrang,internal,200,/nhatrang
/rent-scooter-nhatrang,Danang,/danang,/danang,internal,200,/danang
/rent-scooter-nhatrang,Muine,/muine,/muine,internal,200,/muine
/rent-scooter-nhatrang,All tours,/all-tours,/all-tours,internal,200,/all-tours
/rent-scooter-nhatrang,Scooter rental in Dalat,/rent-motorbike-dalat,/rent-motorbike-dalat,internal,200,/rent-motorbike-dalat
/rent-scooter-nhatrang,Scooter rental in Nha Trang,/rent-scooter-nhatrang,/rent-scooter-nhatrang,internal,200,/rent-scooter-nhatrang
/rent-scooter-nhatrang,Vietnam,https://maps.app.goo.gl/hvewF4aRPsdtciud6,https://maps.app.goo.gl/hvewF4aRPsdtciud6,external,,
/rent-scooter-nhatrang,https://t.me/mototourvietnam,https://t.me/mototourvietnam,https://t.me/mototourvietnam,external,,
/rent-scooter-nhatrang,https://www.instagram.com/enduro.vietnam,https://www.instagram.com/enduro.vietnam,https://www.instagram.com/enduro.vietnam,external,,
/rent-scooter-nhatrang,https://wa.me/79994564498,https://wa.me/79994564498,https://wa.me/79994564498,external,,
/rent-scooter-nhatrang,Enduro tours in Vietnam,/,/,internal,200,/
/rent-scooter-nhatrang,Dalat,/dalat,/dalat,internal,200,/dalat
/rent-scooter-nhatrang,Nha Trang,/nhatrang,/nhatrang,internal,200,/nhatrang
/rent-scooter-nhatrang,Danang,/danang,/danang,internal,200,/danang
/rent-scooter-nhatrang,All tours,/all-tours,/all-tours,internal,200,/all-tours
/rent-scooter-nhatrang,Scooter rental in Dalat,/rent-motorbike-dalat,/rent-motorbike-dalat,internal,200,/rent-motorbike-dalat
/rent-scooter-nhatrang,Мототуры по всему Вьетнаму,/ru,/ru,internal,200,/ru
/rent-scooter-nhatrang,Аренда Dirt байков и эндуро туры в Муйне,/ru/muine,/ru/muine,internal,200,/ru/muine
/rent-scooter-nhatrang,Аренда эндуро мотоциклов и мото туры в Далате,/ru/dalat,/ru/dalat,internal,200,/ru/dalat
/rent-scooter-nhatrang,Эндуро туры в Нячанге,/ru/nhatrang,/ru/nhatrang,internal,200,/ru/nhatrang
/rent-scooter-nhatrang,https://t.me/mototourvietnam,https://t.me/mototourvietnam,https://t.me/mototourvietnam,external,,
/rent-scooter-nhatrang,https://www.instagram.com/enduro.vietnam,https://www.instagram.com/enduro.vietnam,https://www.instagram.com/enduro.vietnam,external,,
/rent-scooter-nhatrang,https://wa.me/79994564498,https://wa.me/79994564498,https://wa.me/79994564498,external,,
/rent-scooter-nhatrang,https://t.me/mototourvietnam,https://t.me/mototourvietnam,https://t.me/mototourvietnam,external,,
/rent-scooter-nhatrang,Creatium,https://creatium.app,https://creatium.app,external,,
/ru/all-tours/5-day-motorbike-tour-from-saigon-ho-chi-minh-city,/ru,/ru,/ru,internal,200,/ru
/ru/all-tours/5-day-motorbike-tour-from-saigon-ho-chi-minh-city,Все туры,/ru/all-tours,/ru/all-tours,internal,200,/ru/all-tours
/ru/all-tours/5-day-motorbike-tour-from-saigon-ho-chi-minh-city,https://t.me/mototourvietnam,https://t.me/mototourvietnam,https://t.me/mototourvietnam,external,,
/ru/all-tours/5-day-motorbike-tour-from-saigon-ho-chi-minh-city,https://www.instagram.com/enduro.vietnam,https://www.instagram.com/enduro.vietnam,https://www.instagram.com/enduro.vietnam,external,,
/ru/all-tours/5-day-motorbike-tour-from-saigon-ho-chi-minh-city,https://wa.me/79994564498,https://wa.me/79994564498,https://wa.me/79994564498,external,,
/ru/all-tours/5-day-motorbike-tour-from-saigon-ho-chi-minh-city,Тип: Мини группа,http://,http://,external,,
/ru/all-tours/5-day-motorbike-tour-from-saigon-ho-chi-minh-city,Размер группы: 4 человека,http://,http://,external,,
/ru/all-tours/5-day-motorbike-tour-from-saigon-ho-chi-minh-city,Длительность: 5 дней,http://,http://,external,,
/ru/all-tours/5-day-motorbike-tour-from-saigon-ho-chi-minh-city,"Подтверждение бронирования: запись минимум за 2 дня. Организатор подтвердит бронирование на выбранные вами дату, после чего вы внесете предоплату 30%",http://,http://,external,,
/ru/all-tours/5-day-motorbike-tour-from-saigon-ho-chi-minh-city,Тур соло 5 дней $1000,http://,http://,external,,
/ru/all-tours/5-day-motorbike-tour-from-saigon-ho-chi-minh-city,Есть расширенный тур,http://,http://,external,,
/ru/all-tours/5-day-motorbike-tour-from-saigon-ho-chi-minh-city,https://t.me/mototourvietnam,https://t.me/mototourvietnam,https://t.me/mototourvietnam,external,,
/ru/all-tours/5-day-motorbike-tour-from-saigon-ho-chi-minh-city,https://www.instagram.com/enduro.vietnam,https://www.instagram.com/enduro.vietnam,https://www.instagram.com/enduro.vietnam,external,,
/ru/all-tours/5-day-motorbike-tour-from-saigon-ho-chi-minh-city,https://wa.me/79994564498,https://wa.me/79994564498,https://wa.me/79994564498,external,,
/ru/all-tours/5-day-motorbike-tour-from-saigon-ho-chi-minh-city,Эндуро-Туры во Вьетнаме,/ru,/ru,internal,200,/ru
/ru/all-tours/5-day-motorbike-tour-from-saigon-ho-chi-minh-city,Все туры,/ru/all-tours,/ru/all-tours,internal,200,/ru/all-tours
/ru/all-tours/5-day-motorbike-tour-from-saigon-ho-chi-minh-city,Забронировать,https://t.me/mototourvietnam,https://t.me/mototourvietnam,external,,
/ru/all-tours/5-day-motorbike-tour-from-saigon-ho-chi-minh-city,Забронировать,https://t.me/mototourvietnam,https://t.me/mototourvietnam,external,,
/ru/all-tours/5-day-motorbike-tour-from-saigon-ho-chi-minh-city,https://t.me/mototourvietnam,https://t.me/mototourvietnam,https://t.me/mototourvietnam,external,,
/ru/all-tours/5-day-motorbike-tour-from-saigon-ho-chi-minh-city,https://www.instagram.com/enduro.vietnam,https://www.instagram.com/enduro.vietnam,https://www.instagram.com/enduro.vietnam,external,,
/ru/all-tours/5-day-motorbike-tour-from-saigon-ho-chi-minh-city,https://wa.me/79994564498,https://wa.me/79994564498,https://wa.me/79994564498,external,,
/ru/all-tours/5-day-motorbike-tour-from-saigon-ho-chi-minh-city,Эндуро-Туры во Вьетнаме,/ru,/ru,internal,200,/ru
/ru/all-tours/5-day-motorbike-tour-from-saigon-ho-chi-minh-city,Все туры,/ru/all-tours,/ru/all-tours,internal,200,/ru/all-tours
/ru/all-tours/5-day-motorbike-tour-from-saigon-ho-chi-minh-city,https://t.me/mototourvietnam,https://t.me/mototourvietnam,https://t.me/mototourvietnam,external,,
/ru/all-tours/5-day-motorbike-tour-from-saigon-ho-chi-minh-city,https://www.instagram.com/enduro.vietnam,https://www.instagram.com/enduro.vietnam,https://www.instagram.com/enduro.vietnam,external,,
/ru/all-tours/5-day-motorbike-tour-from-saigon-ho-chi-minh-city,https://wa.me/79994564498,https://wa.me/79994564498,https://wa.me/79994564498,external,,
/ru/all-tours/5-day-motorbike-tour-from-saigon-ho-chi-minh-city,https://t.me/mototourvietnam,https://t.me/mototourvietnam,https://t.me/mototourvietnam,external,,
/ru/all-tours/5-day-motorbike-tour-from-saigon-ho-chi-minh-city,https://www.instagram.com/enduro.vietnam,https://www.instagram.com/enduro.vietnam,https://www.instagram.com/enduro.vietnam,external,,
/ru/all-tours/5-day-motorbike-tour-from-saigon-ho-chi-minh-city,https://wa.me/79994564498,https://wa.me/79994564498,https://wa.me/79994564498,external,,
/ru/all-tours/5-day-motorbike-tour-from-saigon-ho-chi-minh-city,https://t.me/mototourvietnam,https://t.me/mototourvietnam,https://t.me/mototourvietnam,external,,
/ru/all-tours/5-day-motorbike-tour-from-saigon-ho-chi-minh-city,https://www.instagram.com/enduro.vietnam,https://www.instagram.com/enduro.vietnam,https://www.instagram.com/enduro.vietnam,external,,
/ru/all-tours/5-day-motorbike-tour-from-saigon-ho-chi-minh-city,https://wa.me/79994564498,https://wa.me/79994564498,https://wa.me/79994564498,external,,
/ru/all-tours/5-day-motorbike-tour-from-saigon-ho-chi-minh-city,https://t.me/mototourvietnam,https://t.me/mototourvietnam,https://t.me/mototourvietnam,external,,
/ru/all-tours/5-day-motorbike-tour-from-saigon-ho-chi-minh-city,https://www.instagram.com/enduro.vietnam,https://www.instagram.com/enduro.vietnam,https://www.instagram.com/enduro.vietnam,external,,
/ru/all-tours/5-day-motorbike-tour-from-saigon-ho-chi-minh-city,https://wa.me/79994564498,https://wa.me/79994564498,https://wa.me/79994564498,external,,
/ru/all-tours/5-day-motorbike-tour-from-saigon-ho-chi-minh-city,https://t.me/mototourvietnam,https://t.me/mototourvietnam,https://t.me/mototourvietnam,external,,
/ru/all-tours/5-day-motorbike-tour-from-saigon-ho-chi-minh-city,https://www.instagram.com/enduro.vietnam,https://www.instagram.com/enduro.vietnam,https://www.instagram.com/enduro.vietnam,external,,
/ru/all-tours/5-day-motorbike-tour-from-saigon-ho-chi-minh-city,https://wa.me/79994564498,https://wa.me/79994564498,https://wa.me/79994564498,external,,
/ru/all-tours/5-day-motorbike-tour-from-saigon-ho-chi-minh-city,Забронировать,https://t.me/mototourvietnam,https://t.me/mototourvietnam,external,,
/ru/all-tours/5-day-motorbike-tour-from-saigon-ho-chi-minh-city,О туре,https://enduro-vietnam.com/ru/all-tours/dalat-enduro-tour-one-day,/ru/all-tours/dalat-enduro-tour-one-day,internal,200,/ru/all-tours/dalat-enduro-tour-one-day
/ru/all-tours/5-day-motorbike-tour-from-saigon-ho-chi-minh-city,О туре,https://enduro-vietnam.com/ru/all-tours/dalat-enduro-tour-advanced,/ru/all-tours/dalat-enduro-tour-advanced,internal,200,/ru/all-tours/dalat-enduro-tour-advanced
/ru/all-tours/5-day-motorbike-tour-from-saigon-ho-chi-minh-city,О туре,https://enduro-vietnam.com/ru/all-tours/dalat-enduro-tour-two-day,/ru/all-tours/dalat-enduro-tour-two-day,internal,200,/ru/all-tours/dalat-enduro-tour-two-day
/ru/all-tours/5-day-motorbike-tour-from-saigon-ho-chi-minh-city,О туре,https://enduro-vietnam.com/ru/all-tours/three-day-tour-dalat-nhatrang,/ru/all-tours/three-day-tour-dalat-nhatrang,internal,200,/ru/all-tours/three-day-tour-dalat-nhatrang
/ru/all-tours/5-day-motorbike-tour-from-saigon-ho-chi-minh-city,О туре,https://enduro-vietnam.com/ru/all-tours/three-day-tour-dalat-muine,/ru/all-tours/three-day-tour-dalat-muine,internal,200,/ru/all-tours/three-day-tour-dalat-muine
/ru/all-tours/5-day-motorbike-tour-from-saigon-ho-chi-minh-city,О туре,https://enduro-vietnam.com/ru/all-tours/dalat-easy-rider-enduro-beginners,/ru/all-tours/dalat-easy-rider-enduro-beginners,internal,200,/ru/all-tours/dalat-easy-rider-enduro-beginners
/ru/all-tours/5-day-motorbike-tour-from-saigon-ho-chi-minh-city,Забронировать,https://t.me/mototourvietnam,https://t.me/mototourvietnam,external,,
/ru/all-tours/5-day-motorbike-tour-from-saigon-ho-chi-minh-city,ЗАБРОНИРОВАТЬ,https://t.me/mototourvietnam,https://t.me/mototourvietnam,external,,
/ru/all-tours/5-day-motorbike-tour-from-saigon-ho-chi-minh-city,ПОДРОБНЕЕ,https://enduro-vietnam.com/ru/tours/dalat-enduro-tour-one-day,/ru/all-tours/dalat-enduro-tour-one-day,internal,404,/ru/tours/dalat-enduro-tour-one-day
/ru/all-tours/5-day-motorbike-tour-from-saigon-ho-chi-minh-city,ЗАБРОНИРОВАТЬ,https://t.me/mototourvietnam,https://t.me/mototourvietnam,external,,
/ru/all-tours/5-day-motorbike-tour-from-saigon-ho-chi-minh-city,ПОДРОБНЕЕ,https://enduro-vietnam.com/ru/tours/dalat-enduro-tour-advanced,/ru/all-tours/dalat-enduro-tour-advanced,internal,404,/ru/tours/dalat-enduro-tour-advanced
/ru/all-tours/5-day-motorbike-tour-from-saigon-ho-chi-minh-city,ЗАБРОНИРОВАТЬ,https://t.me/mototourvietnam,https://t.me/mototourvietnam,external,,
/ru/all-tours/5-day-motorbike-tour-from-saigon-ho-chi-minh-city,ПОДРОБНЕЕ,https://enduro-vietnam.com/ru/tours/dalat-enduro-tour-two-day,/ru/all-tours/dalat-enduro-tour-two-day,internal,404,/ru/tours/dalat-enduro-tour-two-day
/ru/all-tours/5-day-motorbike-tour-from-saigon-ho-chi-minh-city,ЗАБРОНИРОВАТЬ,https://t.me/mototourvietnam,https://t.me/mototourvietnam,external,,
/ru/all-tours/5-day-motorbike-tour-from-saigon-ho-chi-minh-city,ПОДРОБНЕЕ,https://enduro-vietnam.com/ru/tours/three-day-tour-dalat-nhatrang,/ru/all-tours/three-day-tour-dalat-nhatrang,internal,404,/ru/tours/three-day-tour-dalat-nhatrang
/ru/all-tours/5-day-motorbike-tour-from-saigon-ho-chi-minh-city,ЗАБРОНИРОВАТЬ,https://t.me/mototourvietnam,https://t.me/mototourvietnam,external,,
/ru/all-tours/5-day-motorbike-tour-from-saigon-ho-chi-minh-city,ПОДРОБНЕЕ,https://enduro-vietnam.com/ru/tours/three-day-tour-dalat-muine,/ru/all-tours/three-day-tour-dalat-muine,internal,404,/ru/tours/three-day-tour-dalat-muine
/ru/all-tours/5-day-motorbike-tour-from-saigon-ho-chi-minh-city,ЗАБРОНИРОВАТЬ,https://t.me/mototourvietnam,https://t.me/mototourvietnam,external,,
/ru/all-tours/5-day-motorbike-tour-from-saigon-ho-chi-minh-city,ПОДРОБНЕЕ,https://enduro-vietnam.com/ru/tours/dalat-easy-rider-enduro-beginners,/ru/all-tours/dalat-easy-rider-enduro-beginners,internal,404,/ru/tours/dalat-easy-rider-enduro-beginners
/ru/all-tours/5-day-motorbike-tour-from-saigon-ho-chi-minh-city,Главная страница,/ru,/ru,internal,200,/ru
/ru/all-tours/5-day-motorbike-tour-from-saigon-ho-chi-minh-city,Эндуро туры в Далате,/ru/dalat,/ru/dalat,internal,200,/ru/dalat
/ru/all-tours/5-day-motorbike-tour-from-saigon-ho-chi-minh-city,Эндуро туры в Нячанге,/ru/nhatrang,/ru/nhatrang,internal,200,/ru/nhatrang
/ru/all-tours/5-day-motorbike-tour-from-saigon-ho-chi-minh-city,Эндуро туры в Дананге,/ru/danang,/ru/danang,internal,200,/ru/danang
/ru/all-tours/5-day-motorbike-tour-from-saigon-ho-chi-minh-city,Эндуро туры в Муйне,/ru/muine,/ru/muine,internal,200,/ru/muine
/ru/all-tours/5-day-motorbike-tour-from-saigon-ho-chi-minh-city,Все туры,/ru/all-tours,/ru/all-tours,internal,200,/ru/all-tours
/ru/all-tours/5-day-motorbike-tour-from-saigon-ho-chi-minh-city,Аренда скутеров Далат,/rent-motorbike-dalat,/rent-motorbike-dalat,internal,200,/rent-motorbike-dalat
/ru/all-tours/5-day-motorbike-tour-from-saigon-ho-chi-minh-city,Аренда скутеров Нячанг,ru/rent-scooter-nhatrang,/ru/rent-scooter-nhatrang,internal,404,/ru/all-tours/ru/rent-scooter-nhatrang
/ru/all-tours/5-day-motorbike-tour-from-saigon-ho-chi-minh-city,Enduro tours in Vietnam,/,/,internal,200,/
/ru/all-tours/5-day-motorbike-tour-from-saigon-ho-chi-minh-city,Dalat,/dalat,/dalat,internal,200,/dalat
/ru/all-tours/5-day-motorbike-tour-from-saigon-ho-chi-minh-city,Nha Trang,/nhatrang,/nhatrang,internal,200,/nhatrang
/ru/all-tours/5-day-motorbike-tour-from-saigon-ho-chi-minh-city,Danang,/danang,/danang,internal,200,/danang
/ru/all-tours/5-day-motorbike-tour-from-saigon-ho-chi-minh-city,Muine,/muine,/muine,internal,200,/muine
/ru/all-tours/5-day-motorbike-tour-from-saigon-ho-chi-minh-city,All tours,/all-tours,/all-tours,internal,200,/all-tours
/ru/all-tours/5-day-motorbike-tour-from-saigon-ho-chi-minh-city,Scooter rental in Dalat,/rent-motorbike-dalat,/rent-motorbike-dalat,internal,200,/rent-motorbike-dalat
/ru/all-tours/5-day-motorbike-tour-from-saigon-ho-chi-minh-city,Scooter rental in Nha Trang,/rent-scooter-nhatrang,/rent-scooter-nhatrang,internal,200,/rent-scooter-nhatrang
/ru/all-tours/5-day-motorbike-tour-from-saigon-ho-chi-minh-city,Vietnam,https://maps.app.goo.gl/hvewF4aRPsdtciud6,https://maps.app.goo.gl/hvewF4aRPsdtciud6,external,,
/ru/all-tours/5-day-motorbike-tour-from-saigon-ho-chi-minh-city,https://t.me/mototourvietnam,https://t.me/mototourvietnam,https://t.me/mototourvietnam,external,,
/ru/all-tours/5-day-motorbike-tour-from-saigon-ho-chi-minh-city,https://www.instagram.com/enduro.vietnam,https://www.instagram.com/enduro.vietnam,https://www.instagram.com/enduro.vietnam,external,,
/ru/all-tours/5-day-motorbike-tour-from-saigon-ho-chi-minh-city,https://wa.me/79994564498,https://wa.me/79994564498,https://wa.me/79994564498,external,,
/ru/all-tours/5-day-motorbike-tour-from-saigon-ho-chi-minh-city,https://t.me/mototourvietnam,https://t.me/mototourvietnam,https://t.me/mototourvietnam,external,,
/ru/all-tours/5-day-motorbike-tour-from-saigon-ho-chi-minh-city,Creatium,https://creatium.app,https://creatium.app,external,,
/ru/all-tours/dalat-easy-rider-enduro-beginners,/ru,/ru,/ru,internal,200,/ru
/ru/all-tours/dalat-easy-rider-enduro-beginners,Все туры,/ru/all-tours,/ru/all-tours,internal,200,/ru/all-tours
/ru/all-tours/dalat-easy-rider-enduro-beginners,https://t.me/mototourvietnam,https://t.me/mototourvietnam,https://t.me/mototourvietnam,external,,
/ru/all-tours/dalat-easy-rider-enduro-beginners,https://www.instagram.com/enduro.vietnam,https://www.instagram.com/enduro.vietnam,https://www.instagram.com/enduro.vietnam,external,,
/ru/all-tours/dalat-easy-rider-enduro-beginners,https://wa.me/79994564498,https://wa.me/79994564498,https://wa.me/79994564498,external,,
/ru/all-tours/dalat-easy-rider-enduro-beginners,Тип: Мини группа,http://,http://,external,,
/ru/all-tours/dalat-easy-rider-enduro-beginners,Размер группы: 2 человека,http://,http://,external,,
/ru/all-tours/dalat-easy-rider-enduro-beginners,"Длительность: 2,5 часа",http://,http://,external,,
/ru/all-tours/dalat-easy-rider-enduro-beginners,"Подтверждение бронирования: запись минимум за 2 дня. Организатор подтвердит бронирование на выбранные вами дату, после чего вы внесете предоплату 30%",http://,http://,external,,
/ru/all-tours/dalat-easy-rider-enduro-beginners,"Тур соло 2,5 часа $100",http://,http://,external,,
/ru/all-tours/dalat-easy-rider-enduro-beginners,Есть расширенный тур,http://,http://,external,,
/ru/all-tours/dalat-easy-rider-enduro-beginners,https://t.me/mototourvietnam,https://t.me/mototourvietnam,https://t.me/mototourvietnam,external,,
/ru/all-tours/dalat-easy-rider-enduro-beginners,https://www.instagram.com/enduro.vietnam,https://www.instagram.com/enduro.vietnam,https://www.instagram.com/enduro.vietnam,external,,
/ru/all-tours/dalat-easy-rider-enduro-beginners,https://wa.me/79994564498,https://wa.me/79994564498,https://wa.me/79994564498,external,,
/ru/all-tours/dalat-easy-rider-enduro-beginners,Эндуро-Туры во Вьетнаме,/ru,/ru,internal,200,/ru
/ru/all-tours/dalat-easy-rider-enduro-beginners,Все туры,/ru/all-tours,/ru/all-tours,internal,200,/ru/all-tours
/ru/all-tours/dalat-easy-rider-enduro-beginners,Забронировать,https://t.me/mototourvietnam,https://t.me/mototourvietnam,external,,
/ru/all-tours/dalat-easy-rider-enduro-beginners,Забронировать,https://t.me/mototourvietnam,https://t.me/mototourvietnam,external,,
/ru/all-tours/dalat-easy-rider-enduro-beginners,https://t.me/mototourvietnam,https://t.me/mototourvietnam,https://t.me/mototourvietnam,external,,
/ru/all-tours/dalat-easy-rider-enduro-beginners,https://www.instagram.com/enduro.vietnam,https://www.instagram.com/enduro.vietnam,https://www.instagram.com/enduro.vietnam,external,,
/ru/all-tours/dalat-easy-rider-enduro-beginners,https://wa.me/79994564498,https://wa.me/79994564498,https://wa.me/79994564498,external,,
/ru/all-tours/dalat-easy-rider-enduro-beginners,Эндуро-Туры во Вьетнаме,/ru,/ru,internal,200,/ru
/ru/all-tours/dalat-easy-rider-enduro-beginners,Все туры,/ru/all-tours,/ru/all-tours,internal,200,/ru/all-tours
/ru/all-tours/dalat-easy-rider-enduro-beginners,https://t.me/mototourvietnam,https://t.me/mototourvietnam,https://t.me/mototourvietnam,external,,
/ru/all-tours/dalat-easy-rider-enduro-beginners,https://www.instagram.com/enduro.vietnam,https://www.instagram.com/enduro.vietnam,https://www.instagram.com/enduro.vietnam,external,,
/ru/all-tours/dalat-easy-rider-enduro-beginners,https://wa.me/79994564498,https://wa.me/79994564498,https://wa.me/79994564498,external,,
/ru/all-tours/dalat-easy-rider-enduro-beginners,https://t.me/mototourvietnam,https://t.me/mototourvietnam,https://t.me/mototourvietnam,external,,
/ru/all-tours/dalat-easy-rider-enduro-beginners,https://www.instagram.com/enduro.vietnam,https://www.instagram.com/enduro.vietnam,https://www.instagram.com/enduro.vietnam,external,,
/ru/all-tours/dalat-easy-rider-enduro-beginners,https://wa.me/79994564498,https://wa.me/79994564498,https://wa.me/79994564498,external,,
/ru/all-tours/dalat-easy-rider-enduro-beginners,https://t.me/mototourvietnam,https://t.me/mototourvietnam,https://t.me/mototourvietnam,external,,
/ru/all-tours/dalat-easy-rider-enduro-beginners,https://www.instagram.com/enduro.vietnam,https://www.instagram.com/enduro.vietnam,https://www.instagram.com/enduro.vietnam,external,,
/ru/all-tours/dalat-easy-rider-enduro-beginners,https://wa.me/79994564498,https://wa.me/79994564498,https://wa.me/79994564498,external,,
/ru/all-tours/dalat-easy-rider-enduro-beginners,https://t.me/mototourvietnam,https://t.me/mototourvietnam,https://t.me/mototourvietnam,external,,
/ru/all-tours/dalat-easy-rider-enduro-beginners,https://www.instagram.com/enduro.vietnam,https://www.instagram.com/enduro.vietnam,https://www.instagram.com/enduro.vietnam,external,,
/ru/all-tours/dalat-easy-rider-enduro-beginners,https://wa.me/79994564498,https://wa.me/79994564498,https://wa.me/79994564498,external,,
/ru/all-tours/dalat-easy-rider-enduro-beginners,https://t.me/mototourvietnam,https://t.me/mototourvietnam,https://t.me/mototourvietnam,external,,
/ru/all-tours/dalat-easy-rider-enduro-beginners,https://www.instagram.com/enduro.vietnam,https://www.instagram.com/enduro.vietnam,https://www.instagram.com/enduro.vietnam,external,,
/ru/all-tours/dalat-easy-rider-enduro-beginners,https://wa.me/79994564498,https://wa.me/79994564498,https://wa.me/79994564498,external,,
/ru/all-tours/dalat-easy-rider-enduro-beginners,Забронировать,https://t.me/mototourvietnam,https://t.me/mototourvietnam,external,,
/ru/all-tours/dalat-easy-rider-enduro-beginners,О туре,https://enduro-vietnam.com/ru/all-tours/dalat-enduro-tour-one-day,/ru/all-tours/dalat-enduro-tour-one-day,internal,200,/ru/all-tours/dalat-enduro-tour-one-day
/ru/all-tours/dalat-easy-rider-enduro-beginners,О туре,https://enduro-vietnam.com/ru/all-tours/dalat-enduro-tour-advanced,/ru/all-tours/dalat-enduro-tour-advanced,internal,200,/ru/all-tours/dalat-enduro-tour-advanced
/ru/all-tours/dalat-easy-rider-enduro-beginners,О туре,https://enduro-vietnam.com/ru/all-tours/dalat-enduro-tour-two-day,/ru/all-tours/dalat-enduro-tour-two-day,internal,200,/ru/all-tours/dalat-enduro-tour-two-day
/ru/all-tours/dalat-easy-rider-enduro-beginners,О туре,https://enduro-vietnam.com/ru/all-tours/three-day-tour-dalat-nhatrang,/ru/all-tours/three-day-tour-dalat-nhatrang,internal,200,/ru/all-tours/three-day-tour-dalat-nhatrang
/ru/all-tours/dalat-easy-rider-enduro-beginners,О туре,https://enduro-vietnam.com/ru/all-tours/three-day-tour-dalat-muine,/ru/all-tours/three-day-tour-dalat-muine,internal,200,/ru/all-tours/three-day-tour-dalat-muine
/ru/all-tours/dalat-easy-rider-enduro-beginners,О туре,https://enduro-vietnam.com/ru/all-tours/dalat-easy-rider-enduro-beginners,/ru/all-tours/dalat-easy-rider-enduro-beginners,internal,200,/ru/all-tours/dalat-easy-rider-enduro-beginners
/ru/all-tours/dalat-easy-rider-enduro-beginners,Забронировать,https://t.me/mototourvietnam,https://t.me/mototourvietnam,external,,
/ru/all-tours/dalat-easy-rider-enduro-beginners,ЗАБРОНИРОВАТЬ,https://t.me/mototourvietnam,https://t.me/mototourvietnam,external,,
/ru/all-tours/dalat-easy-rider-enduro-beginners,ПОДРОБНЕЕ,https://enduro-vietnam.com/ru/tours/dalat-enduro-tour-one-day,/ru/all-tours/dalat-enduro-tour-one-day,internal,404,/ru/tours/dalat-enduro-tour-one-day
/ru/all-tours/dalat-easy-rider-enduro-beginners,ЗАБРОНИРОВАТЬ,https://t.me/mototourvietnam,https://t.me/mototourvietnam,external,,
/ru/all-tours/dalat-easy-rider-enduro-beginners,ПОДРОБНЕЕ,https://enduro-vietnam.com/ru/tours/dalat-enduro-tour-advanced,/ru/all-tours/dalat-enduro-tour-advanced,internal,404,/ru/tours/dalat-enduro-tour-advanced
/ru/all-tours/dalat-easy-rider-enduro-beginners,ЗАБРОНИРОВАТЬ,https://t.me/mototourvietnam,https://t.me/mototourvietnam,external,,
/ru/all-tours/dalat-easy-rider-enduro-beginners,ПОДРОБНЕЕ,https://enduro-vietnam.com/ru/tours/dalat-enduro-tour-two-day,/ru/all-tours/dalat-enduro-tour-two-day,internal,404,/ru/tours/dalat-enduro-tour-two-day
/ru/all-tours/dalat-easy-rider-enduro-beginners,ЗАБРОНИРОВАТЬ,https://t.me/mototourvietnam,https://t.me/mototourvietnam,external,,
/ru/all-tours/dalat-easy-rider-enduro-beginners,ПОДРОБНЕЕ,https://enduro-vietnam.com/ru/tours/three-day-tour-dalat-nhatrang,/ru/all-tours/three-day-tour-dalat-nhatrang,internal,404,/ru/tours/three-day-tour-dalat-nhatrang
/ru/all-tours/dalat-easy-rider-enduro-beginners,ЗАБРОНИРОВАТЬ,https://t.me/mototourvietnam,https://t.me/mototourvietnam,external,,
/ru/all-tours/dalat-easy-rider-enduro-beginners,ПОДРОБНЕЕ,https://enduro-vietnam.com/ru/tours/three-day-tour-dalat-muine,/ru/all-tours/three-day-tour-dalat-muine,internal,404,/ru/tours/three-day-tour-dalat-muine
/ru/all-tours/dalat-easy-rider-enduro-beginners,ЗАБРОНИРОВАТЬ,https://t.me/mototourvietnam,https://t.me/mototourvietnam,external,,
/ru/all-tours/dalat-easy-rider-enduro-beginners,ПОДРОБНЕЕ,https://enduro-vietnam.com/ru/tours/dalat-easy-rider-enduro-beginners,/ru/all-tours/dalat-easy-rider-enduro-beginners,internal,404,/ru/tours/dalat-easy-rider-enduro-beginners
/ru/all-tours/dalat-easy-rider-enduro-beginners,Главная страница,/ru,/ru,internal,200,/ru
/ru/all-tours/dalat-easy-rider-enduro-beginners,Эндуро туры в Далате,/ru/dalat,/ru/dalat,internal,200,/ru/dalat
/ru/all-tours/dalat-easy-rider-enduro-beginners,Эндуро туры в Нячанге,/ru/nhatrang,/ru/nhatrang,internal,200,/ru/nhatrang
/ru/all-tours/dalat-easy-rider-enduro-beginners,Эндуро туры в Дананге,/ru/danang,/ru/danang,internal,200,/ru/danang
/ru/all-tours/dalat-easy-rider-enduro-beginners,Эндуро туры в Муйне,/ru/muine,/ru/muine,internal,200,/ru/muine
/ru/all-tours/dalat-easy-rider-enduro-beginners,Все туры,/ru/all-tours,/ru/all-tours,internal,200,/ru/all-tours
/ru/all-tours/dalat-easy-rider-enduro-beginners,Аренда скутеров Далат,/rent-motorbike-dalat,/rent-motorbike-dalat,internal,200,/rent-motorbike-dalat
/ru/all-tours/dalat-easy-rider-enduro-beginners,Аренда скутеров Нячанг,ru/rent-scooter-nhatrang,/ru/rent-scooter-nhatrang,internal,404,/ru/all-tours/ru/rent-scooter-nhatrang
/ru/all-tours/dalat-easy-rider-enduro-beginners,Enduro tours in Vietnam,/,/,internal,200,/
/ru/all-tours/dalat-easy-rider-enduro-beginners,Dalat,/dalat,/dalat,internal,200,/dalat
/ru/all-tours/dalat-easy-rider-enduro-beginners,Nha Trang,/nhatrang,/nhatrang,internal,200,/nhatrang
/ru/all-tours/dalat-easy-rider-enduro-beginners,Danang,/danang,/danang,internal,200,/danang
/ru/all-tours/dalat-easy-rider-enduro-beginners,Muine,/muine,/muine,internal,200,/muine
/ru/all-tours/dalat-easy-rider-enduro-beginners,All tours,/all-tours,/all-tours,internal,200,/all-tours
/ru/all-tours/dalat-easy-rider-enduro-beginners,Scooter rental in Dalat,/rent-motorbike-dalat,/rent-motorbike-dalat,internal,200,/rent-motorbike-dalat
/ru/all-tours/dalat-easy-rider-enduro-beginners,Scooter rental in Nha Trang,/rent-scooter-nhatrang,/rent-scooter-nhatrang,internal,200,/rent-scooter-nhatrang
/ru/all-tours/dalat-easy-rider-enduro-beginners,Vietnam,https://maps.app.goo.gl/hvewF4aRPsdtciud6,https://maps.app.goo.gl/hvewF4aRPsdtciud6,external,,
/ru/all-tours/dalat-easy-rider-enduro-beginners,https://t.me/mototourvietnam,https://t.me/mototourvietnam,https://t.me/mototourvietnam,external,,
/ru/all-tours/dalat-easy-rider-enduro-beginners,https://www.instagram.com/enduro.vietnam,https://www.instagram.com/enduro.vietnam,https://www.instagram.com/enduro.vietnam,external,,
/ru/all-tours/dalat-easy-rider-enduro-beginners,https://wa.me/79994564498,https://wa.me/79994564498,https://wa.me/79994564498,external,,
/ru/all-tours/dalat-easy-rider-enduro-beginners,https://t.me/mototourvietnam,https://t.me/mototourvietnam,https://t.me/mototourvietnam,external,,
/ru/all-tours/dalat-easy-rider-enduro-beginners,Creatium,https://creatium.app,https://creatium.app,external,,
/ru/all-tours/dalat-enduro-tour-advanced,/ru,/ru,/ru,internal,200,/ru
/ru/all-tours/dalat-enduro-tour-advanced,Все туры,/ru/all-tours,/ru/all-tours,internal,200,/ru/all-tours
/ru/all-tours/dalat-enduro-tour-advanced,https://t.me/mototourvietnam,https://t.me/mototourvietnam,https://t.me/mototourvietnam,external,,
/ru/all-tours/dalat-enduro-tour-advanced,https://www.instagram.com/enduro.vietnam,https://www.instagram.com/enduro.vietnam,https://www.instagram.com/enduro.vietnam,external,,
/ru/all-tours/dalat-enduro-tour-advanced,https://wa.me/79994564498,https://wa.me/79994564498,https://wa.me/79994564498,external,,
/ru/all-tours/dalat-enduro-tour-advanced,Тип: Мини группа,http://,http://,external,,
/ru/all-tours/dalat-enduro-tour-advanced,Размер группы: 4 человека,http://,http://,external,,
/ru/all-tours/dalat-enduro-tour-advanced,Длительность: 6 часов,http://,http://,external,,
/ru/all-tours/dalat-enduro-tour-advanced,"Подтверждение бронирования: запись минимум за 2 дня. Организатор подтвердит бронирование на выбранные вами дату, после чего вы внесете предоплату 30%",http://,http://,external,,
/ru/all-tours/dalat-enduro-tour-advanced,Тур соло 6 часов $150,http://,http://,external,,
/ru/all-tours/dalat-enduro-tour-advanced,Есть расширенный тур,http://,http://,external,,
/ru/all-tours/dalat-enduro-tour-advanced,https://t.me/mototourvietnam,https://t.me/mototourvietnam,https://t.me/mototourvietnam,external,,
/ru/all-tours/dalat-enduro-tour-advanced,https://www.instagram.com/enduro.vietnam,https://www.instagram.com/enduro.vietnam,https://www.instagram.com/enduro.vietnam,external,,
/ru/all-tours/dalat-enduro-tour-advanced,https://wa.me/79994564498,https://wa.me/79994564498,https://wa.me/79994564498,external,,
/ru/all-tours/dalat-enduro-tour-advanced,Эндуро-Туры во Вьетнаме,/ru,/ru,internal,200,/ru
/ru/all-tours/dalat-enduro-tour-advanced,Все туры,/ru/all-tours,/ru/all-tours,internal,200,/ru/all-tours
/ru/all-tours/dalat-enduro-tour-advanced,Забронировать,https://t.me/mototourvietnam,https://t.me/mototourvietnam,external,,
/ru/all-tours/dalat-enduro-tour-advanced,Забронировать,https://t.me/mototourvietnam,https://t.me/mototourvietnam,external,,
/ru/all-tours/dalat-enduro-tour-advanced,https://t.me/mototourvietnam,https://t.me/mototourvietnam,https://t.me/mototourvietnam,external,,
/ru/all-tours/dalat-enduro-tour-advanced,https://www.instagram.com/enduro.vietnam,https://www.instagram.com/enduro.vietnam,https://www.instagram.com/enduro.vietnam,external,,
/ru/all-tours/dalat-enduro-tour-advanced,https://wa.me/79994564498,https://wa.me/79994564498,https://wa.me/79994564498,external,,
/ru/all-tours/dalat-enduro-tour-advanced,Эндуро-Туры во Вьетнаме,/ru,/ru,internal,200,/ru
/ru/all-tours/dalat-enduro-tour-advanced,Все туры,/ru/all-tours,/ru/all-tours,internal,200,/ru/all-tours
/ru/all-tours/dalat-enduro-tour-advanced,https://t.me/mototourvietnam,https://t.me/mototourvietnam,https://t.me/mototourvietnam,external,,
/ru/all-tours/dalat-enduro-tour-advanced,https://www.instagram.com/enduro.vietnam,https://www.instagram.com/enduro.vietnam,https://www.instagram.com/enduro.vietnam,external,,
/ru/all-tours/dalat-enduro-tour-advanced,https://wa.me/79994564498,https://wa.me/79994564498,https://wa.me/79994564498,external,,
/ru/all-tours/dalat-enduro-tour-advanced,https://t.me/mototourvietnam,https://t.me/mototourvietnam,https://t.me/mototourvietnam,external,,
/ru/all-tours/dalat-enduro-tour-advanced,https://www.instagram.com/enduro.vietnam,https://www.instagram.com/enduro.vietnam,https://www.instagram.com/enduro.vietnam,external,,
/ru/all-tours/dalat-enduro-tour-advanced,https://wa.me/79994564498,https://wa.me/79994564498,https://wa.me/79994564498,external,,
/ru/all-tours/dalat-enduro-tour-advanced,https://t.me/mototourvietnam,https://t.me/mototourvietnam,https://t.me/mototourvietnam,external,,
/ru/all-tours/dalat-enduro-tour-advanced,https://www.instagram.com/enduro.vietnam,https://www.instagram.com/enduro.vietnam,https://www.instagram.com/enduro.vietnam,external,,
/ru/all-tours/dalat-enduro-tour-advanced,https://wa.me/79994564498,https://wa.me/79994564498,https://wa.me/79994564498,external,,
/ru/all-tours/dalat-enduro-tour-advanced,https://t.me/mototourvietnam,https://t.me/mototourvietnam,https://t.me/mototourvietnam,external,,
/ru/all-tours/dalat-enduro-tour-advanced,https://www.instagram.com/enduro.vietnam,https://www.instagram.com/enduro.vietnam,https://www.instagram.com/enduro.vietnam,external,,
/ru/all-tours/dalat-enduro-tour-advanced,https://wa.me/79994564498,https://wa.me/79994564498,https://wa.me/79994564498,external,,
/ru/all-tours/dalat-enduro-tour-advanced,https://t.me/mototourvietnam,https://t.me/mototourvietnam,https://t.me/mototourvietnam,external,,
/ru/all-tours/dalat-enduro-tour-advanced,https://www.instagram.com/enduro.vietnam,https://www.instagram.com/enduro.vietnam,https://www.instagram.com/enduro.vietnam,external,,
/ru/all-tours/dalat-enduro-tour-advanced,https://wa.me/79994564498,https://wa.me/79994564498,https://wa.me/79994564498,external,,
/ru/all-tours/dalat-enduro-tour-advanced,Забронировать,https://t.me/mototourvietnam,https://t.me/mototourvietnam,external,,
/ru/all-tours/dalat-enduro-tour-advanced,О туре,https://enduro-vietnam.com/ru/all-tours/dalat-enduro-tour-one-day,/ru/all-tours/dalat-enduro-tour-one-day,internal,200,/ru/all-tours/dalat-enduro-tour-one-day
/ru/all-tours/dalat-enduro-tour-advanced,О туре,https://enduro-vietnam.com/ru/all-tours/dalat-enduro-tour-advanced,/ru/all-tours/dalat-enduro-tour-advanced,internal,200,/ru/all-tours/dalat-enduro-tour-advanced
/ru/all-tours/dalat-enduro-tour-advanced,О туре,https://enduro-vietnam.com/ru/all-tours/dalat-enduro-tour-two-day,/ru/all-tours/dalat-enduro-tour-two-day,internal,200,/ru/all-tours/dalat-enduro-tour-two-day
/ru/all-tours/dalat-enduro-tour-advanced,О туре,https://enduro-vietnam.com/ru/all-tours/three-day-tour-dalat-nhatrang,/ru/all-tours/three-day-tour-dalat-nhatrang,internal,200,/ru/all-tours/three-day-tour-dalat-nhatrang
/ru/all-tours/dalat-enduro-tour-advanced,О туре,https://enduro-vietnam.com/ru/all-tours/three-day-tour-dalat-muine,/ru/all-tours/three-day-tour-dalat-muine,internal,200,/ru/all-tours/three-day-tour-dalat-muine
/ru/all-tours/dalat-enduro-tour-advanced,О туре,https://enduro-vietnam.com/ru/all-tours/dalat-easy-rider-enduro-beginners,/ru/all-tours/dalat-easy-rider-enduro-beginners,internal,200,/ru/all-tours/dalat-easy-rider-enduro-beginners
/ru/all-tours/dalat-enduro-tour-advanced,Забронировать,https://t.me/mototourvietnam,https://t.me/mototourvietnam,external,,
/ru/all-tours/dalat-enduro-tour-advanced,ЗАБРОНИРОВАТЬ,https://t.me/mototourvietnam,https://t.me/mototourvietnam,external,,
/ru/all-tours/dalat-enduro-tour-advanced,ПОДРОБНЕЕ,https://enduro-vietnam.com/ru/tours/dalat-enduro-tour-one-day,/ru/all-tours/dalat-enduro-tour-one-day,internal,404,/ru/tours/dalat-enduro-tour-one-day
/ru/all-tours/dalat-enduro-tour-advanced,ЗАБРОНИРОВАТЬ,https://t.me/mototourvietnam,https://t.me/mototourvietnam,external,,
/ru/all-tours/dalat-enduro-tour-advanced,ПОДРОБНЕЕ,https://enduro-vietnam.com/ru/tours/dalat-enduro-tour-advanced,/ru/all-tours/dalat-enduro-tour-advanced,internal,404,/ru/tours/dalat-enduro-tour-advanced
/ru/all-tours/dalat-enduro-tour-advanced,ЗАБРОНИРОВАТЬ,https://t.me/mototourvietnam,https://t.me/mototourvietnam,external,,
/ru/all-tours/dalat-enduro-tour-advanced,ПОДРОБНЕЕ,https://enduro-vietnam.com/ru/tours/dalat-enduro-tour-two-day,/ru/all-tours/dalat-enduro-tour-two-day,internal,404,/ru/tours/dalat-enduro-tour-two-day
/ru/all-tours/dalat-enduro-tour-advanced,ЗАБРОНИРОВАТЬ,https://t.me/mototourvietnam,https://t.me/mototourvietnam,external,,
/ru/all-tours/dalat-enduro-tour-advanced,ПОДРОБНЕЕ,https://enduro-vietnam.com/ru/tours/three-day-tour-dalat-nhatrang,/ru/all-tours/three-day-tour-dalat-nhatrang,internal,404,/ru/tours/three-day-tour-dalat-nhatrang
/ru/all-tours/dalat-enduro-tour-advanced,ЗАБРОНИРОВАТЬ,https://t.me/mototourvietnam,https://t.me/mototourvietnam,external,,
/ru/all-tours/dalat-enduro-tour-advanced,ПОДРОБНЕЕ,https://enduro-vietnam.com/ru/tours/three-day-tour-dalat-muine,/ru/all-tours/three-day-tour-dalat-muine,internal,404,/ru/tours/three-day-tour-dalat-muine
/ru/all-tours/dalat-enduro-tour-advanced,ЗАБРОНИРОВАТЬ,https://t.me/mototourvietnam,https://t.me/mototourvietnam,external,,
/ru/all-tours/dalat-enduro-tour-advanced,ПОДРОБНЕЕ,https://enduro-vietnam.com/ru/tours/dalat-easy-rider-enduro-beginners,/ru/all-tours/dalat-easy-rider-enduro-beginners,internal,404,/ru/tours/dalat-easy-rider-enduro-beginners
/ru/all-tours/dalat-enduro-tour-advanced,Главная страница,/ru,/ru,internal,200,/ru
/ru/all-tours/dalat-enduro-tour-advanced,Эндуро туры в Далате,/ru/dalat,/ru/dalat,internal,200,/ru/dalat
/ru/all-tours/dalat-enduro-tour-advanced,Эндуро туры в Нячанге,/ru/nhatrang,/ru/nhatrang,internal,200,/ru/nhatrang
/ru/all-tours/dalat-enduro-tour-advanced,Эндуро туры в Дананге,/ru/danang,/ru/danang,internal,200,/ru/danang
/ru/all-tours/dalat-enduro-tour-advanced,Эндуро туры в Муйне,/ru/muine,/ru/muine,internal,200,/ru/muine
/ru/all-tours/dalat-enduro-tour-advanced,Все туры,/ru/all-tours,/ru/all-tours,internal,200,/ru/all-tours
/ru/all-tours/dalat-enduro-tour-advanced,Аренда скутеров Далат,/rent-motorbike-dalat,/rent-motorbike-dalat,internal,200,/rent-motorbike-dalat
/ru/all-tours/dalat-enduro-tour-advanced,Аренда скутеров Нячанг,ru/rent-scooter-nhatrang,/ru/rent-scooter-nhatrang,internal,404,/ru/all-tours/ru/rent-scooter-nhatrang
/ru/all-tours/dalat-enduro-tour-advanced,Enduro tours in Vietnam,/,/,internal,200,/
/ru/all-tours/dalat-enduro-tour-advanced,Dalat,/dalat,/dalat,internal,200,/dalat
/ru/all-tours/dalat-enduro-tour-advanced,Nha Trang,/nhatrang,/nhatrang,internal,200,/nhatrang
/ru/all-tours/dalat-enduro-tour-advanced,Danang,/danang,/danang,internal,200,/danang
/ru/all-tours/dalat-enduro-tour-advanced,Muine,/muine,/muine,internal,200,/muine
/ru/all-tours/dalat-enduro-tour-advanced,All tours,/all-tours,/all-tours,internal,200,/all-tours
/ru/all-tours/dalat-enduro-tour-advanced,Scooter rental in Dalat,/rent-motorbike-dalat,/rent-motorbike-dalat,internal,200,/rent-motorbike-dalat
/ru/all-tours/dalat-enduro-tour-advanced,Scooter rental in Nha Trang,/rent-scooter-nhatrang,/rent-scooter-nhatrang,internal,200,/rent-scooter-nhatrang
/ru/all-tours/dalat-enduro-tour-advanced,Vietnam,https://maps.app.goo.gl/hvewF4aRPsdtciud6,https://maps.app.goo.gl/hvewF4aRPsdtciud6,external,,
/ru/all-tours/dalat-enduro-tour-advanced,https://t.me/mototourvietnam,https://t.me/mototourvietnam,https://t.me/mototourvietnam,external,,
/ru/all-tours/dalat-enduro-tour-advanced,https://www.instagram.com/enduro.vietnam,https://www.instagram.com/enduro.vietnam,https://www.instagram.com/enduro.vietnam,external,,
/ru/all-tours/dalat-enduro-tour-advanced,https://wa.me/79994564498,https://wa.me/79994564498,https://wa.me/79994564498,external,,
/ru/all-tours/dalat-enduro-tour-advanced,https://t.me/mototourvietnam,https://t.me/mototourvietnam,https://t.me/mototourvietnam,external,,
/ru/all-tours/dalat-enduro-tour-advanced,Creatium,https://creatium.app,https://creatium.app,external,,
/ru/all-tours/dalat-enduro-tour-one-day,/ru,/ru,/ru,internal,200,/ru
/ru/all-tours/dalat-enduro-tour-one-day,Все туры,/ru/all-tours,/ru/all-tours,internal,200,/ru/all-tours
/ru/all-tours/dalat-enduro-tour-one-day,https://t.me/mototourvietnam,https://t.me/mototourvietnam,https://t.me/mototourvietnam,external,,
/ru/all-tours/dalat-enduro-tour-one-day,https://www.instagram.com/enduro.vietnam,https://www.instagram.com/enduro.vietnam,https://www.instagram.com/enduro.vietnam,external,,
/ru/all-tours/dalat-enduro-tour-one-day,https://wa.me/79994564498,https://wa.me/79994564498,https://wa.me/79994564498,external,,
/ru/all-tours/dalat-enduro-tour-one-day,Тип: Мини группа,http://,http://,external,,
/ru/all-tours/dalat-enduro-tour-one-day,Размер группы: 4 человека,http://,http://,external,,
/ru/all-tours/dalat-enduro-tour-one-day,Длительность: 3 часа,http://,http://,external,,
/ru/all-tours/dalat-enduro-tour-one-day,"Подтверждение бронирования: запись минимум за 2 дня. Организатор подтвердит бронирование на выбранные вами дату, после чего вы внесете предоплату 30%",http://,http://,external,,
/ru/all-tours/dalat-enduro-tour-one-day,Тур соло 3 часа $120,http://,http://,external,,
/ru/all-tours/dalat-enduro-tour-one-day,Есть расширенный тур,http://,http://,external,,
/ru/all-tours/dalat-enduro-tour-one-day,https://t.me/mototourvietnam,https://t.me/mototourvietnam,https://t.me/mototourvietnam,external,,
/ru/all-tours/dalat-enduro-tour-one-day,https://www.instagram.com/enduro.vietnam,https://www.instagram.com/enduro.vietnam,https://www.instagram.com/enduro.vietnam,external,,
/ru/all-tours/dalat-enduro-tour-one-day,https://wa.me/79994564498,https://wa.me/79994564498,https://wa.me/79994564498,external,,
/ru/all-tours/dalat-enduro-tour-one-day,Эндуро-Туры во Вьетнаме,/ru,/ru,internal,200,/ru
/ru/all-tours/dalat-enduro-tour-one-day,Все туры,/ru/all-tours,/ru/all-tours,internal,200,/ru/all-tours
/ru/all-tours/dalat-enduro-tour-one-day,Забронировать,https://t.me/mototourvietnam,https://t.me/mototourvietnam,external,,
/ru/all-tours/dalat-enduro-tour-one-day,Забронировать,https://t.me/mototourvietnam,https://t.me/mototourvietnam,external,,
/ru/all-tours/dalat-enduro-tour-one-day,https://t.me/mototourvietnam,https://t.me/mototourvietnam,https://t.me/mototourvietnam,external,,
/ru/all-tours/dalat-enduro-tour-one-day,https://www.instagram.com/enduro.vietnam,https://www.instagram.com/enduro.vietnam,https://www.instagram.com/enduro.vietnam,external,,
/ru/all-tours/dalat-enduro-tour-one-day,https://wa.me/79994564498,https://wa.me/79994564498,https://wa.me/79994564498,external,,
/ru/all-tours/dalat-enduro-tour-one-day,Эндуро-Туры во Вьетнаме,/ru,/ru,internal,200,/ru
/ru/all-tours/dalat-enduro-tour-one-day,Все туры,/ru/all-tours,/ru/all-tours,internal,200,/ru/all-tours
/ru/all-tours/dalat-enduro-tour-one-day,https://t.me/mototourvietnam,https://t.me/mototourvietnam,https://t.me/mototourvietnam,external,,
/ru/all-tours/dalat-enduro-tour-one-day,https://www.instagram.com/enduro.vietnam,https://www.instagram.com/enduro.vietnam,https://www.instagram.com/enduro.vietnam,external,,
/ru/all-tours/dalat-enduro-tour-one-day,https://wa.me/79994564498,https://wa.me/79994564498,https://wa.me/79994564498,external,,
/ru/all-tours/dalat-enduro-tour-one-day,https://t.me/mototourvietnam,https://t.me/mototourvietnam,https://t.me/mototourvietnam,external,,
/ru/all-tours/dalat-enduro-tour-one-day,https://www.instagram.com/enduro.vietnam,https://www.instagram.com/enduro.vietnam,https://www.instagram.com/enduro.vietnam,external,,
/ru/all-tours/dalat-enduro-tour-one-day,https://wa.me/79994564498,https://wa.me/79994564498,https://wa.me/79994564498,external,,
/ru/all-tours/dalat-enduro-tour-one-day,https://t.me/mototourvietnam,https://t.me/mototourvietnam,https://t.me/mototourvietnam,external,,
/ru/all-tours/dalat-enduro-tour-one-day,https://www.instagram.com/enduro.vietnam,https://www.instagram.com/enduro.vietnam,https://www.instagram.com/enduro.vietnam,external,,
/ru/all-tours/dalat-enduro-tour-one-day,https://wa.me/79994564498,https://wa.me/79994564498,https://wa.me/79994564498,external,,
/ru/all-tours/dalat-enduro-tour-one-day,https://t.me/mototourvietnam,https://t.me/mototourvietnam,https://t.me/mototourvietnam,external,,
/ru/all-tours/dalat-enduro-tour-one-day,https://www.instagram.com/enduro.vietnam,https://www.instagram.com/enduro.vietnam,https://www.instagram.com/enduro.vietnam,external,,
/ru/all-tours/dalat-enduro-tour-one-day,https://wa.me/79994564498,https://wa.me/79994564498,https://wa.me/79994564498,external,,
/ru/all-tours/dalat-enduro-tour-one-day,https://t.me/mototourvietnam,https://t.me/mototourvietnam,https://t.me/mototourvietnam,external,,
/ru/all-tours/dalat-enduro-tour-one-day,https://www.instagram.com/enduro.vietnam,https://www.instagram.com/enduro.vietnam,https://www.instagram.com/enduro.vietnam,external,,
/ru/all-tours/dalat-enduro-tour-one-day,https://wa.me/79994564498,https://wa.me/79994564498,https://wa.me/79994564498,external,,
/ru/all-tours/dalat-enduro-tour-one-day,Забронировать,https://t.me/mototourvietnam,https://t.me/mototourvietnam,external,,
/ru/all-tours/dalat-enduro-tour-one-day,О туре,https://enduro-vietnam.com/ru/all-tours/dalat-enduro-tour-one-day,/ru/all-tours/dalat-enduro-tour-one-day,internal,200,/ru/all-tours/dalat-enduro-tour-one-day
/ru/all-tours/dalat-enduro-tour-one-day,О туре,https://enduro-vietnam.com/ru/all-tours/dalat-enduro-tour-advanced,/ru/all-tours/dalat-enduro-tour-advanced,internal,200,/ru/all-tours/dalat-enduro-tour-advanced
/ru/all-tours/dalat-enduro-tour-one-day,О туре,https://enduro-vietnam.com/ru/all-tours/dalat-enduro-tour-two-day,/ru/all-tours/dalat-enduro-tour-two-day,internal,200,/ru/all-tours/dalat-enduro-tour-two-day
/ru/all-tours/dalat-enduro-tour-one-day,О туре,https://enduro-vietnam.com/ru/all-tours/three-day-tour-dalat-nhatrang,/ru/all-tours/three-day-tour-dalat-nhatrang,internal,200,/ru/all-tours/three-day-tour-dalat-nhatrang
/ru/all-tours/dalat-enduro-tour-one-day,О туре,https://enduro-vietnam.com/ru/all-tours/three-day-tour-dalat-muine,/ru/all-tours/three-day-tour-dalat-muine,internal,200,/ru/all-tours/three-day-tour-dalat-muine
/ru/all-tours/dalat-enduro-tour-one-day,О туре,https://enduro-vietnam.com/ru/all-tours/dalat-easy-rider-enduro-beginners,/ru/all-tours/dalat-easy-rider-enduro-beginners,internal,200,/ru/all-tours/dalat-easy-rider-enduro-beginners
/ru/all-tours/dalat-enduro-tour-one-day,Забронировать,https://t.me/mototourvietnam,https://t.me/mototourvietnam,external,,
/ru/all-tours/dalat-enduro-tour-one-day,ЗАБРОНИРОВАТЬ,https://t.me/mototourvietnam,https://t.me/mototourvietnam,external,,
/ru/all-tours/dalat-enduro-tour-one-day,ПОДРОБНЕЕ,https://enduro-vietnam.com/ru/tours/dalat-enduro-tour-one-day,/ru/all-tours/dalat-enduro-tour-one-day,internal,404,/ru/tours/dalat-enduro-tour-one-day
/ru/all-tours/dalat-enduro-tour-one-day,ЗАБРОНИРОВАТЬ,https://t.me/mototourvietnam,https://t.me/mototourvietnam,external,,
/ru/all-tours/dalat-enduro-tour-one-day,ПОДРОБНЕЕ,https://enduro-vietnam.com/ru/tours/dalat-enduro-tour-advanced,/ru/all-tours/dalat-enduro-tour-advanced,internal,404,/ru/tours/dalat-enduro-tour-advanced
/ru/all-tours/dalat-enduro-tour-one-day,ЗАБРОНИРОВАТЬ,https://t.me/mototourvietnam,https://t.me/mototourvietnam,external,,
/ru/all-tours/dalat-enduro-tour-one-day,ПОДРОБНЕЕ,https://enduro-vietnam.com/ru/tours/dalat-enduro-tour-two-day,/ru/all-tours/dalat-enduro-tour-two-day,internal,404,/ru/tours/dalat-enduro-tour-two-day
/ru/all-tours/dalat-enduro-tour-one-day,ЗАБРОНИРОВАТЬ,https://t.me/mototourvietnam,https://t.me/mototourvietnam,external,,
/ru/all-tours/dalat-enduro-tour-one-day,ПОДРОБНЕЕ,https://enduro-vietnam.com/ru/tours/three-day-tour-dalat-nhatrang,/ru/all-tours/three-day-tour-dalat-nhatrang,internal,404,/ru/tours/three-day-tour-dalat-nhatrang
/ru/all-tours/dalat-enduro-tour-one-day,ЗАБРОНИРОВАТЬ,https://t.me/mototourvietnam,https://t.me/mototourvietnam,external,,
/ru/all-tours/dalat-enduro-tour-one-day,ПОДРОБНЕЕ,https://enduro-vietnam.com/ru/tours/three-day-tour-dalat-muine,/ru/all-tours/three-day-tour-dalat-muine,internal,404,/ru/tours/three-day-tour-dalat-muine
/ru/all-tours/dalat-enduro-tour-one-day,ЗАБРОНИРОВАТЬ,https://t.me/mototourvietnam,https://t.me/mototourvietnam,external,,
/ru/all-tours/dalat-enduro-tour-one-day,ПОДРОБНЕЕ,https://enduro-vietnam.com/ru/tours/dalat-easy-rider-enduro-beginners,/ru/all-tours/dalat-easy-rider-enduro-beginners,internal,404,/ru/tours/dalat-easy-rider-enduro-beginners
/ru/all-tours/dalat-enduro-tour-one-day,Главная страница,/ru,/ru,internal,200,/ru
/ru/all-tours/dalat-enduro-tour-one-day,Эндуро туры в Далате,/ru/dalat,/ru/dalat,internal,200,/ru/dalat
/ru/all-tours/dalat-enduro-tour-one-day,Эндуро туры в Нячанге,/ru/nhatrang,/ru/nhatrang,internal,200,/ru/nhatrang
/ru/all-tours/dalat-enduro-tour-one-day,Эндуро туры в Дананге,/ru/danang,/ru/danang,internal,200,/ru/danang
/ru/all-tours/dalat-enduro-tour-one-day,Эндуро туры в Муйне,/ru/muine,/ru/muine,internal,200,/ru/muine
/ru/all-tours/dalat-enduro-tour-one-day,Все туры,/ru/all-tours,/ru/all-tours,internal,200,/ru/all-tours
/ru/all-tours/dalat-enduro-tour-one-day,Аренда скутеров Далат,/rent-motorbike-dalat,/rent-motorbike-dalat,internal,200,/rent-motorbike-dalat
/ru/all-tours/dalat-enduro-tour-one-day,Аренда скутеров Нячанг,ru/rent-scooter-nhatrang,/ru/rent-scooter-nhatrang,internal,404,/ru/all-tours/ru/rent-scooter-nhatrang
/ru/all-tours/dalat-enduro-tour-one-day,Enduro tours in Vietnam,/,/,internal,200,/
/ru/all-tours/dalat-enduro-tour-one-day,Dalat,/dalat,/dalat,internal,200,/dalat
/ru/all-tours/dalat-enduro-tour-one-day,Nha Trang,/nhatrang,/nhatrang,internal,200,/nhatrang
/ru/all-tours/dalat-enduro-tour-one-day,Danang,/danang,/danang,internal,200,/danang
/ru/all-tours/dalat-enduro-tour-one-day,Muine,/muine,/muine,internal,200,/muine
/ru/all-tours/dalat-enduro-tour-one-day,All tours,/all-tours,/all-tours,internal,200,/all-tours
/ru/all-tours/dalat-enduro-tour-one-day,Scooter rental in Dalat,/rent-motorbike-dalat,/rent-motorbike-dalat,internal,200,/rent-motorbike-dalat
/ru/all-tours/dalat-enduro-tour-one-day,Scooter rental in Nha Trang,/rent-scooter-nhatrang,/rent-scooter-nhatrang,internal,200,/rent-scooter-nhatrang
/ru/all-tours/dalat-enduro-tour-one-day,Vietnam,https://maps.app.goo.gl/hvewF4aRPsdtciud6,https://maps.app.goo.gl/hvewF4aRPsdtciud6,external,,
/ru/all-tours/dalat-enduro-tour-one-day,https://t.me/mototourvietnam,https://t.me/mototourvietnam,https://t.me/mototourvietnam,external,,
/ru/all-tours/dalat-enduro-tour-one-day,https://www.instagram.com/enduro.vietnam,https://www.instagram.com/enduro.vietnam,https://www.instagram.com/enduro.vietnam,external,,
/ru/all-tours/dalat-enduro-tour-one-day,https://wa.me/79994564498,https://wa.me/79994564498,https://wa.me/79994564498,external,,
/ru/all-tours/dalat-enduro-tour-one-day,https://t.me/mototourvietnam,https://t.me/mototourvietnam,https://t.me/mototourvietnam,external,,
/ru/all-tours/dalat-enduro-tour-one-day,Creatium,https://creatium.app,https://creatium.app,external,,
/ru/all-tours/dalat-enduro-tour-two-day,/ru,/ru,/ru,internal,200,/ru
/ru/all-tours/dalat-enduro-tour-two-day,Все туры,/ru/all-tours,/ru/all-tours,internal,200,/ru/all-tours
/ru/all-tours/dalat-enduro-tour-two-day,https://t.me/mototourvietnam,https://t.me/mototourvietnam,https://t.me/mototourvietnam,external,,
/ru/all-tours/dalat-enduro-tour-two-day,https://www.instagram.com/enduro.vietnam,https://www.instagram.com/enduro.vietnam,https://www.instagram.com/enduro.vietnam,external,,
/ru/all-tours/dalat-enduro-tour-two-day,https://wa.me/79994564498,https://wa.me/79994564498,https://wa.me/79994564498,external,,
/ru/all-tours/dalat-enduro-tour-two-day,Тип: Мини группа,http://,http://,external,,
/ru/all-tours/dalat-enduro-tour-two-day,Размер группы: 4 человека,http://,http://,external,,
/ru/all-tours/dalat-enduro-tour-two-day,Длительность: 2 дня,http://,http://,external,,
/ru/all-tours/dalat-enduro-tour-two-day,"Подтверждение бронирования: запись минимум за 2 дня. Организатор подтвердит бронирование на выбранные вами дату, после чего вы внесете предоплату 30%",http://,http://,external,,
/ru/all-tours/dalat-enduro-tour-two-day,Тур соло 2 дня $300,http://,http://,external,,
/ru/all-tours/dalat-enduro-tour-two-day,Есть расширенный тур,http://,http://,external,,
/ru/all-tours/dalat-enduro-tour-two-day,https://t.me/mototourvietnam,https://t.me/mototourvietnam,https://t.me/mototourvietnam,external,,
/ru/all-tours/dalat-enduro-tour-two-day,https://www.instagram.com/enduro.vietnam,https://www.instagram.com/enduro.vietnam,https://www.instagram.com/enduro.vietnam,external,,
/ru/all-tours/dalat-enduro-tour-two-day,https://wa.me/79994564498,https://wa.me/79994564498,https://wa.me/79994564498,external,,
/ru/all-tours/dalat-enduro-tour-two-day,Эндуро-Туры во Вьетнаме,/ru,/ru,internal,200,/ru
/ru/all-tours/dalat-enduro-tour-two-day,Все туры,/ru/all-tours,/ru/all-tours,internal,200,/ru/all-tours
/ru/all-tours/dalat-enduro-tour-two-day,Забронировать,https://t.me/mototourvietnam,https://t.me/mototourvietnam,external,,
/ru/all-tours/dalat-enduro-tour-two-day,Забронировать,https://t.me/mototourvietnam,https://t.me/mototourvietnam,external,,
/ru/all-tours/dalat-enduro-tour-two-day,https://t.me/mototourvietnam,https://t.me/mototourvietnam,https://t.me/mototourvietnam,external,,
/ru/all-tours/dalat-enduro-tour-two-day,https://www.instagram.com/enduro.vietnam,https://www.instagram.com/enduro.vietnam,https://www.instagram.com/enduro.vietnam,external,,
/ru/all-tours/dalat-enduro-tour-two-day,https://wa.me/79994564498,https://wa.me/79994564498,https://wa.me/79994564498,external,,
/ru/all-tours/dalat-enduro-tour-two-day,Эндуро-Туры во Вьетнаме,/ru,/ru,internal,200,/ru
/ru/all-tours/dalat-enduro-tour-two-day,Все туры,/ru/all-tours,/ru/all-tours,internal,200,/ru/all-tours
/ru/all-tours/dalat-enduro-tour-two-day,https://t.me/mototourvietnam,https://t.me/mototourvietnam,https://t.me/mototourvietnam,external,,
/ru/all-tours/dalat-enduro-tour-two-day,https://www.instagram.com/enduro.vietnam,https://www.instagram.com/enduro.vietnam,https://www.instagram.com/enduro.vietnam,external,,
/ru/all-tours/dalat-enduro-tour-two-day,https://wa.me/79994564498,https://wa.me/79994564498,https://wa.me/79994564498,external,,
/ru/all-tours/dalat-enduro-tour-two-day,https://t.me/mototourvietnam,https://t.me/mototourvietnam,https://t.me/mototourvietnam,external,,
/ru/all-tours/dalat-enduro-tour-two-day,https://www.instagram.com/enduro.vietnam,https://www.instagram.com/enduro.vietnam,https://www.instagram.com/enduro.vietnam,external,,
/ru/all-tours/dalat-enduro-tour-two-day,https://wa.me/79994564498,https://wa.me/79994564498,https://wa.me/79994564498,external,,
/ru/all-tours/dalat-enduro-tour-two-day,https://t.me/mototourvietnam,https://t.me/mototourvietnam,https://t.me/mototourvietnam,external,,
/ru/all-tours/dalat-enduro-tour-two-day,https://www.instagram.com/enduro.vietnam,https://www.instagram.com/enduro.vietnam,https://www.instagram.com/enduro.vietnam,external,,
/ru/all-tours/dalat-enduro-tour-two-day,https://wa.me/79994564498,https://wa.me/79994564498,https://wa.me/79994564498,external,,
/ru/all-tours/dalat-enduro-tour-two-day,https://t.me/mototourvietnam,https://t.me/mototourvietnam,https://t.me/mototourvietnam,external,,
/ru/all-tours/dalat-enduro-tour-two-day,https://www.instagram.com/enduro.vietnam,https://www.instagram.com/enduro.vietnam,https://www.instagram.com/enduro.vietnam,external,,
/ru/all-tours/dalat-enduro-tour-two-day,https://wa.me/79994564498,https://wa.me/79994564498,https://wa.me/79994564498,external,,
/ru/all-tours/dalat-enduro-tour-two-day,https://t.me/mototourvietnam,https://t.me/mototourvietnam,https://t.me/mototourvietnam,external,,
/ru/all-tours/dalat-enduro-tour-two-day,https://www.instagram.com/enduro.vietnam,https://www.instagram.com/enduro.vietnam,https://www.instagram.com/enduro.vietnam,external,,
/ru/all-tours/dalat-enduro-tour-two-day,https://wa.me/79994564498,https://wa.me/79994564498,https://wa.me/79994564498,external,,
/ru/all-tours/dalat-enduro-tour-two-day,Забронировать,https://t.me/mototourvietnam,https://t.me/mototourvietnam,external,,
/ru/all-tours/dalat-enduro-tour-two-day,О туре,https://enduro-vietnam.com/ru/all-tours/dalat-enduro-tour-one-day,/ru/all-tours/dalat-enduro-tour-one-day,internal,200,/ru/all-tours/dalat-enduro-tour-one-day
/ru/all-tours/dalat-enduro-tour-two-day,О туре,https://enduro-vietnam.com/ru/all-tours/dalat-enduro-tour-advanced,/ru/all-tours/dalat-enduro-tour-advanced,internal,200,/ru/all-tours/dalat-enduro-tour-advanced
/ru/all-tours/dalat-enduro-tour-two-day,О туре,https://enduro-vietnam.com/ru/all-tours/dalat-enduro-tour-two-day,/ru/all-tours/dalat-enduro-tour-two-day,internal,200,/ru/all-tours/dalat-enduro-tour-two-day
/ru/all-tours/dalat-enduro-tour-two-day,О туре,https://enduro-vietnam.com/ru/all-tours/three-day-tour-dalat-nhatrang,/ru/all-tours/three-day-tour-dalat-nhatrang,internal,200,/ru/all-tours/three-day-tour-dalat-nhatrang
/ru/all-tours/dalat-enduro-tour-two-day,О туре,https://enduro-vietnam.com/ru/all-tours/three-day-tour-dalat-muine,/ru/all-tours/three-day-tour-dalat-muine,internal,200,/ru/all-tours/three-day-tour-dalat-muine
/ru/all-tours/dalat-enduro-tour-two-day,О туре,https://enduro-vietnam.com/ru/all-tours/dalat-easy-rider-enduro-beginners,/ru/all-tours/dalat-easy-rider-enduro-beginners,internal,200,/ru/all-tours/dalat-easy-rider-enduro-beginners
/ru/all-tours/dalat-enduro-tour-two-day,Забронировать,https://t.me/mototourvietnam,https://t.me/mototourvietnam,external,,
/ru/all-tours/dalat-enduro-tour-two-day,ЗАБРОНИРОВАТЬ,https://t.me/mototourvietnam,https://t.me/mototourvietnam,external,,
/ru/all-tours/dalat-enduro-tour-two-day,ПОДРОБНЕЕ,https://enduro-vietnam.com/ru/tours/dalat-enduro-tour-one-day,/ru/all-tours/dalat-enduro-tour-one-day,internal,404,/ru/tours/dalat-enduro-tour-one-day
/ru/all-tours/dalat-enduro-tour-two-day,ЗАБРОНИРОВАТЬ,https://t.me/mototourvietnam,https://t.me/mototourvietnam,external,,
/ru/all-tours/dalat-enduro-tour-two-day,ПОДРОБНЕЕ,https://enduro-vietnam.com/ru/tours/dalat-enduro-tour-advanced,/ru/all-tours/dalat-enduro-tour-advanced,internal,404,/ru/tours/dalat-enduro-tour-advanced
/ru/all-tours/dalat-enduro-tour-two-day,ЗАБРОНИРОВАТЬ,https://t.me/mototourvietnam,https://t.me/mototourvietnam,external,,
/ru/all-tours/dalat-enduro-tour-two-day,ПОДРОБНЕЕ,https://enduro-vietnam.com/ru/tours/dalat-enduro-tour-two-day,/ru/all-tours/dalat-enduro-tour-two-day,internal,404,/ru/tours/dalat-enduro-tour-two-day
/ru/all-tours/dalat-enduro-tour-two-day,ЗАБРОНИРОВАТЬ,https://t.me/mototourvietnam,https://t.me/mototourvietnam,external,,
/ru/all-tours/dalat-enduro-tour-two-day,ПОДРОБНЕЕ,https://enduro-vietnam.com/ru/tours/three-day-tour-dalat-nhatrang,/ru/all-tours/three-day-tour-dalat-nhatrang,internal,404,/ru/tours/three-day-tour-dalat-nhatrang
/ru/all-tours/dalat-enduro-tour-two-day,ЗАБРОНИРОВАТЬ,https://t.me/mototourvietnam,https://t.me/mototourvietnam,external,,
/ru/all-tours/dalat-enduro-tour-two-day,ПОДРОБНЕЕ,https://enduro-vietnam.com/ru/tours/three-day-tour-dalat-muine,/ru/all-tours/three-day-tour-dalat-muine,internal,404,/ru/tours/three-day-tour-dalat-muine
/ru/all-tours/dalat-enduro-tour-two-day,ЗАБРОНИРОВАТЬ,https://t.me/mototourvietnam,https://t.me/mototourvietnam,external,,
/ru/all-tours/dalat-enduro-tour-two-day,ПОДРОБНЕЕ,https://enduro-vietnam.com/ru/tours/dalat-easy-rider-enduro-beginners,/ru/all-tours/dalat-easy-rider-enduro-beginners,internal,404,/ru/tours/dalat-easy-rider-enduro-beginners
/ru/all-tours/dalat-enduro-tour-two-day,Главная страница,/ru,/ru,internal,200,/ru
/ru/all-tours/dalat-enduro-tour-two-day,Эндуро туры в Далате,/ru/dalat,/ru/dalat,internal,200,/ru/dalat
/ru/all-tours/dalat-enduro-tour-two-day,Эндуро туры в Нячанге,/ru/nhatrang,/ru/nhatrang,internal,200,/ru/nhatrang
/ru/all-tours/dalat-enduro-tour-two-day,Эндуро туры в Дананге,/ru/danang,/ru/danang,internal,200,/ru/danang
/ru/all-tours/dalat-enduro-tour-two-day,Эндуро туры в Муйне,/ru/muine,/ru/muine,internal,200,/ru/muine
/ru/all-tours/dalat-enduro-tour-two-day,Все туры,/ru/all-tours,/ru/all-tours,internal,200,/ru/all-tours
/ru/all-tours/dalat-enduro-tour-two-day,Аренда скутеров Далат,/rent-motorbike-dalat,/rent-motorbike-dalat,internal,200,/rent-motorbike-dalat
/ru/all-tours/dalat-enduro-tour-two-day,Аренда скутеров Нячанг,ru/rent-scooter-nhatrang,/ru/rent-scooter-nhatrang,internal,404,/ru/all-tours/ru/rent-scooter-nhatrang
/ru/all-tours/dalat-enduro-tour-two-day,Enduro tours in Vietnam,/,/,internal,200,/
/ru/all-tours/dalat-enduro-tour-two-day,Dalat,/dalat,/dalat,internal,200,/dalat
/ru/all-tours/dalat-enduro-tour-two-day,Nha Trang,/nhatrang,/nhatrang,internal,200,/nhatrang
/ru/all-tours/dalat-enduro-tour-two-day,Danang,/danang,/danang,internal,200,/danang
/ru/all-tours/dalat-enduro-tour-two-day,Muine,/muine,/muine,internal,200,/muine
/ru/all-tours/dalat-enduro-tour-two-day,All tours,/all-tours,/all-tours,internal,200,/all-tours
/ru/all-tours/dalat-enduro-tour-two-day,Scooter rental in Dalat,/rent-motorbike-dalat,/rent-motorbike-dalat,internal,200,/rent-motorbike-dalat
/ru/all-tours/dalat-enduro-tour-two-day,Scooter rental in Nha Trang,/rent-scooter-nhatrang,/rent-scooter-nhatrang,internal,200,/rent-scooter-nhatrang
/ru/all-tours/dalat-enduro-tour-two-day,Vietnam,https://maps.app.goo.gl/hvewF4aRPsdtciud6,https://maps.app.goo.gl/hvewF4aRPsdtciud6,external,,
/ru/all-tours/dalat-enduro-tour-two-day,https://t.me/mototourvietnam,https://t.me/mototourvietnam,https://t.me/mototourvietnam,external,,
/ru/all-tours/dalat-enduro-tour-two-day,https://www.instagram.com/enduro.vietnam,https://www.instagram.com/enduro.vietnam,https://www.instagram.com/enduro.vietnam,external,,
/ru/all-tours/dalat-enduro-tour-two-day,https://wa.me/79994564498,https://wa.me/79994564498,https://wa.me/79994564498,external,,
/ru/all-tours/dalat-enduro-tour-two-day,https://t.me/mototourvietnam,https://t.me/mototourvietnam,https://t.me/mototourvietnam,external,,
/ru/all-tours/dalat-enduro-tour-two-day,Creatium,https://creatium.app,https://creatium.app,external,,
/ru/all-tours/danang-enduro-tour-advanced,/ru,/ru,/ru,internal,200,/ru
/ru/all-tours/danang-enduro-tour-advanced,Все туры,/ru/all-tours,/ru/all-tours,internal,200,/ru/all-tours
/ru/all-tours/danang-enduro-tour-advanced,https://t.me/mototourvietnam,https://t.me/mototourvietnam,https://t.me/mototourvietnam,external,,
/ru/all-tours/danang-enduro-tour-advanced,https://www.instagram.com/enduro.vietnam,https://www.instagram.com/enduro.vietnam,https://www.instagram.com/enduro.vietnam,external,,
/ru/all-tours/danang-enduro-tour-advanced,https://wa.me/79994564498,https://wa.me/79994564498,https://wa.me/79994564498,external,,
/ru/all-tours/danang-enduro-tour-advanced,Тип: Мини группа,http://,http://,external,,
/ru/all-tours/danang-enduro-tour-advanced,Размер группы: 4 человека,http://,http://,external,,
/ru/all-tours/danang-enduro-tour-advanced,Длительность: 6 часов,http://,http://,external,,
/ru/all-tours/danang-enduro-tour-advanced,"Подтверждение бронирования: запись минимум за 2 дня. Организатор подтвердит бронирование на выбранные вами дату, после чего вы внесете предоплату 30%",http://,http://,external,,
/ru/all-tours/danang-enduro-tour-advanced,Тур соло 6 часов $150,http://,http://,external,,
/ru/all-tours/danang-enduro-tour-advanced,Есть расширенный тур,http://,http://,external,,
/ru/all-tours/danang-enduro-tour-advanced,https://t.me/mototourvietnam,https://t.me/mototourvietnam,https://t.me/mototourvietnam,external,,
/ru/all-tours/danang-enduro-tour-advanced,https://www.instagram.com/enduro.vietnam,https://www.instagram.com/enduro.vietnam,https://www.instagram.com/enduro.vietnam,external,,
/ru/all-tours/danang-enduro-tour-advanced,https://wa.me/79994564498,https://wa.me/79994564498,https://wa.me/79994564498,external,,
/ru/all-tours/danang-enduro-tour-advanced,Эндуро-Туры во Вьетнаме,/ru,/ru,internal,200,/ru
/ru/all-tours/danang-enduro-tour-advanced,Все туры,/ru/all-tours,/ru/all-tours,internal,200,/ru/all-tours
/ru/all-tours/danang-enduro-tour-advanced,Забронировать,https://t.me/mototourvietnam,https://t.me/mototourvietnam,external,,
/ru/all-tours/danang-enduro-tour-advanced,Забронировать,https://t.me/mototourvietnam,https://t.me/mototourvietnam,external,,
/ru/all-tours/danang-enduro-tour-advanced,https://t.me/mototourvietnam,https://t.me/mototourvietnam,https://t.me/mototourvietnam,external,,
/ru/all-tours/danang-enduro-tour-advanced,https://www.instagram.com/enduro.vietnam,https://www.instagram.com/enduro.vietnam,https://www.instagram.com/enduro.vietnam,external,,
/ru/all-tours/danang-enduro-tour-advanced,https://wa.me/79994564498,https://wa.me/79994564498,https://wa.me/79994564498,external,,
/ru/all-tours/danang-enduro-tour-advanced,Эндуро-Туры во Вьетнаме,/ru,/ru,internal,200,/ru
/ru/all-tours/danang-enduro-tour-advanced,Все туры,/ru/all-tours,/ru/all-tours,internal,200,/ru/all-tours
/ru/all-tours/danang-enduro-tour-advanced,https://t.me/mototourvietnam,https://t.me/mototourvietnam,https://t.me/mototourvietnam,external,,
/ru/all-tours/danang-enduro-tour-advanced,https://www.instagram.com/enduro.vietnam,https://www.instagram.com/enduro.vietnam,https://www.instagram.com/enduro.vietnam,external,,
/ru/all-tours/danang-enduro-tour-advanced,https://wa.me/79994564498,https://wa.me/79994564498,https://wa.me/79994564498,external,,
/ru/all-tours/danang-enduro-tour-advanced,https://t.me/mototourvietnam,https://t.me/mototourvietnam,https://t.me/mototourvietnam,external,,
/ru/all-tours/danang-enduro-tour-advanced,https://www.instagram.com/enduro.vietnam,https://www.instagram.com/enduro.vietnam,https://www.instagram.com/enduro.vietnam,external,,
/ru/all-tours/danang-enduro-tour-advanced,https://wa.me/79994564498,https://wa.me/79994564498,https://wa.me/79994564498,external,,
/ru/all-tours/danang-enduro-tour-advanced,https://t.me/mototourvietnam,https://t.me/mototourvietnam,https://t.me/mototourvietnam,external,,
/ru/all-tours/danang-enduro-tour-advanced,https://www.instagram.com/enduro.vietnam,https://www.instagram.com/enduro.vietnam,https://www.instagram.com/enduro.vietnam,external,,
/ru/all-tours/danang-enduro-tour-advanced,https://wa.me/79994564498,https://wa.me/79994564498,https://wa.me/79994564498,external,,
/ru/all-tours/danang-enduro-tour-advanced,https://t.me/mototourvietnam,https://t.me/mototourvietnam,https://t.me/mototourvietnam,external,,
/ru/all-tours/danang-enduro-tour-advanced,https://www.instagram.com/enduro.vietnam,https://www.instagram.com/enduro.vietnam,https://www.instagram.com/enduro.vietnam,external,,
/ru/all-tours/danang-enduro-tour-advanced,https://wa.me/79994564498,https://wa.me/79994564498,https://wa.me/79994564498,external,,
/ru/all-tours/danang-enduro-tour-advanced,https://t.me/mototourvietnam,https://t.me/mototourvietnam,https://t.me/mototourvietnam,external,,
/ru/all-tours/danang-enduro-tour-advanced,https://www.instagram.com/enduro.vietnam,https://www.instagram.com/enduro.vietnam,https://www.instagram.com/enduro.vietnam,external,,
/ru/all-tours/danang-enduro-tour-advanced,https://wa.me/79994564498,https://wa.me/79994564498,https://wa.me/79994564498,external,,
/ru/all-tours/danang-enduro-tour-advanced,Забронировать,https://t.me/mototourvietnam,https://t.me/mototourvietnam,external,,
/ru/all-tours/danang-enduro-tour-advanced,О туре,https://enduro-vietnam.com/ru/all-tours/dalat-enduro-tour-one-day,/ru/all-tours/dalat-enduro-tour-one-day,internal,200,/ru/all-tours/dalat-enduro-tour-one-day
/ru/all-tours/danang-enduro-tour-advanced,О туре,https://enduro-vietnam.com/ru/all-tours/dalat-enduro-tour-advanced,/ru/all-tours/dalat-enduro-tour-advanced,internal,200,/ru/all-tours/dalat-enduro-tour-advanced
/ru/all-tours/danang-enduro-tour-advanced,О туре,https://enduro-vietnam.com/ru/all-tours/dalat-enduro-tour-two-day,/ru/all-tours/dalat-enduro-tour-two-day,internal,200,/ru/all-tours/dalat-enduro-tour-two-day
/ru/all-tours/danang-enduro-tour-advanced,О туре,https://enduro-vietnam.com/ru/all-tours/three-day-tour-dalat-nhatrang,/ru/all-tours/three-day-tour-dalat-nhatrang,internal,200,/ru/all-tours/three-day-tour-dalat-nhatrang
/ru/all-tours/danang-enduro-tour-advanced,О туре,https://enduro-vietnam.com/ru/all-tours/three-day-tour-dalat-muine,/ru/all-tours/three-day-tour-dalat-muine,internal,200,/ru/all-tours/three-day-tour-dalat-muine
/ru/all-tours/danang-enduro-tour-advanced,О туре,https://enduro-vietnam.com/ru/all-tours/dalat-easy-rider-enduro-beginners,/ru/all-tours/dalat-easy-rider-enduro-beginners,internal,200,/ru/all-tours/dalat-easy-rider-enduro-beginners
/ru/all-tours/danang-enduro-tour-advanced,Забронировать,https://t.me/mototourvietnam,https://t.me/mototourvietnam,external,,
/ru/all-tours/danang-enduro-tour-advanced,ЗАБРОНИРОВАТЬ,https://t.me/mototourvietnam,https://t.me/mototourvietnam,external,,
/ru/all-tours/danang-enduro-tour-advanced,ПОДРОБНЕЕ,https://enduro-vietnam.com/ru/tours/dalat-enduro-tour-one-day,/ru/all-tours/dalat-enduro-tour-one-day,internal,404,/ru/tours/dalat-enduro-tour-one-day
/ru/all-tours/danang-enduro-tour-advanced,ЗАБРОНИРОВАТЬ,https://t.me/mototourvietnam,https://t.me/mototourvietnam,external,,
/ru/all-tours/danang-enduro-tour-advanced,ПОДРОБНЕЕ,https://enduro-vietnam.com/ru/tours/dalat-enduro-tour-advanced,/ru/all-tours/dalat-enduro-tour-advanced,internal,404,/ru/tours/dalat-enduro-tour-advanced
/ru/all-tours/danang-enduro-tour-advanced,ЗАБРОНИРОВАТЬ,https://t.me/mototourvietnam,https://t.me/mototourvietnam,external,,
/ru/all-tours/danang-enduro-tour-advanced,ПОДРОБНЕЕ,https://enduro-vietnam.com/ru/tours/dalat-enduro-tour-two-day,/ru/all-tours/dalat-enduro-tour-two-day,internal,404,/ru/tours/dalat-enduro-tour-two-day
/ru/all-tours/danang-enduro-tour-advanced,ЗАБРОНИРОВАТЬ,https://t.me/mototourvietnam,https://t.me/mototourvietnam,external,,
/ru/all-tours/danang-enduro-tour-advanced,ПОДРОБНЕЕ,https://enduro-vietnam.com/ru/tours/three-day-tour-dalat-nhatrang,/ru/all-tours/three-day-tour-dalat-nhatrang,internal,404,/ru/tours/three-day-tour-dalat-nhatrang
/ru/all-tours/danang-enduro-tour-advanced,ЗАБРОНИРОВАТЬ,https://t.me/mototourvietnam,https://t.me/mototourvietnam,external,,
/ru/all-tours/danang-enduro-tour-advanced,ПОДРОБНЕЕ,https://enduro-vietnam.com/ru/tours/three-day-tour-dalat-muine,/ru/all-tours/three-day-tour-dalat-muine,internal,404,/ru/tours/three-day-tour-dalat-muine
/ru/all-tours/danang-enduro-tour-advanced,ЗАБРОНИРОВАТЬ,https://t.me/mototourvietnam,https://t.me/mototourvietnam,external,,
/ru/all-tours/danang-enduro-tour-advanced,ПОДРОБНЕЕ,https://enduro-vietnam.com/ru/tours/dalat-easy-rider-enduro-beginners,/ru/all-tours/dalat-easy-rider-enduro-beginners,internal,404,/ru/tours/dalat-easy-rider-enduro-beginners
/ru/all-tours/danang-enduro-tour-advanced,Главная страница,/ru,/ru,internal,200,/ru
/ru/all-tours/danang-enduro-tour-advanced,Эндуро туры в Далате,/ru/dalat,/ru/dalat,internal,200,/ru/dalat
/ru/all-tours/danang-enduro-tour-advanced,Эндуро туры в Нячанге,/ru/nhatrang,/ru/nhatrang,internal,200,/ru/nhatrang
/ru/all-tours/danang-enduro-tour-advanced,Эндуро туры в Дананге,/ru/danang,/ru/danang,internal,200,/ru/danang
/ru/all-tours/danang-enduro-tour-advanced,Эндуро туры в Муйне,/ru/muine,/ru/muine,internal,200,/ru/muine
/ru/all-tours/danang-enduro-tour-advanced,Все туры,/ru/all-tours,/ru/all-tours,internal,200,/ru/all-tours
/ru/all-tours/danang-enduro-tour-advanced,Аренда скутеров Далат,/rent-motorbike-dalat,/rent-motorbike-dalat,internal,200,/rent-motorbike-dalat
/ru/all-tours/danang-enduro-tour-advanced,Аренда скутеров Нячанг,ru/rent-scooter-nhatrang,/ru/rent-scooter-nhatrang,internal,404,/ru/all-tours/ru/rent-scooter-nhatrang
/ru/all-tours/danang-enduro-tour-advanced,Enduro tours in Vietnam,/,/,internal,200,/
/ru/all-tours/danang-enduro-tour-advanced,Dalat,/dalat,/dalat,internal,200,/dalat
/ru/all-tours/danang-enduro-tour-advanced,Nha Trang,/nhatrang,/nhatrang,internal,200,/nhatrang
/ru/all-tours/danang-enduro-tour-advanced,Danang,/danang,/danang,internal,200,/danang
/ru/all-tours/danang-enduro-tour-advanced,Muine,/muine,/muine,internal,200,/muine
/ru/all-tours/danang-enduro-tour-advanced,All tours,/all-tours,/all-tours,internal,200,/all-tours
/ru/all-tours/danang-enduro-tour-advanced,Scooter rental in Dalat,/rent-motorbike-dalat,/rent-motorbike-dalat,internal,200,/rent-motorbike-dalat
/ru/all-tours/danang-enduro-tour-advanced,Scooter rental in Nha Trang,/rent-scooter-nhatrang,/rent-scooter-nhatrang,internal,200,/rent-scooter-nhatrang
/ru/all-tours/danang-enduro-tour-advanced,Vietnam,https://maps.app.goo.gl/hvewF4aRPsdtciud6,https://maps.app.goo.gl/hvewF4aRPsdtciud6,external,,
/ru/all-tours/danang-enduro-tour-advanced,https://t.me/mototourvietnam,https://t.me/mototourvietnam,https://t.me/mototourvietnam,external,,
/ru/all-tours/danang-enduro-tour-advanced,https://www.instagram.com/enduro.vietnam,https://www.instagram.com/enduro.vietnam,https://www.instagram.com/enduro.vietnam,external,,
/ru/all-tours/danang-enduro-tour-advanced,https://wa.me/79994564498,https://wa.me/79994564498,https://wa.me/79994564498,external,,
/ru/all-tours/danang-enduro-tour-advanced,https://t.me/mototourvietnam,https://t.me/mototourvietnam,https://t.me/mototourvietnam,external,,
/ru/all-tours/danang-enduro-tour-advanced,Creatium,https://creatium.app,https://creatium.app,external,,
/ru/all-tours/danang-enduro-tour-one-day,/ru,/ru,/ru,internal,200,/ru
/ru/all-tours/danang-enduro-tour-one-day,Все туры,/ru/all-tours,/ru/all-tours,internal,200,/ru/all-tours
/ru/all-tours/danang-enduro-tour-one-day,https://t.me/mototourvietnam,https://t.me/mototourvietnam,https://t.me/mototourvietnam,external,,
/ru/all-tours/danang-enduro-tour-one-day,https://www.instagram.com/enduro.vietnam,https://www.instagram.com/enduro.vietnam,https://www.instagram.com/enduro.vietnam,external,,
/ru/all-tours/danang-enduro-tour-one-day,https://wa.me/79994564498,https://wa.me/79994564498,https://wa.me/79994564498,external,,
/ru/all-tours/danang-enduro-tour-one-day,Тип: Мини группа,http://,http://,external,,
/ru/all-tours/danang-enduro-tour-one-day,Размер группы: 4 человека,http://,http://,external,,
/ru/all-tours/danang-enduro-tour-one-day,Длительность: 3 часа,http://,http://,external,,
/ru/all-tours/danang-enduro-tour-one-day,"Подтверждение бронирования: запись минимум за 2 дня. Организатор подтвердит бронирование на выбранные вами дату, после чего вы внесете предоплату 30%",http://,http://,external,,
/ru/all-tours/danang-enduro-tour-one-day,Тур соло 3 часа $120,http://,http://,external,,
/ru/all-tours/danang-enduro-tour-one-day,Есть расширенный тур,http://,http://,external,,
/ru/all-tours/danang-enduro-tour-one-day,https://t.me/mototourvietnam,https://t.me/mototourvietnam,https://t.me/mototourvietnam,external,,
/ru/all-tours/danang-enduro-tour-one-day,https://www.instagram.com/enduro.vietnam,https://www.instagram.com/enduro.vietnam,https://www.instagram.com/enduro.vietnam,external,,
/ru/all-tours/danang-enduro-tour-one-day,https://wa.me/79994564498,https://wa.me/79994564498,https://wa.me/79994564498,external,,
/ru/all-tours/danang-enduro-tour-one-day,Эндуро-Туры во Вьетнаме,/ru,/ru,internal,200,/ru
/ru/all-tours/danang-enduro-tour-one-day,Все туры,/ru/all-tours,/ru/all-tours,internal,200,/ru/all-tours
/ru/all-tours/danang-enduro-tour-one-day,Забронировать,https://t.me/mototourvietnam,https://t.me/mototourvietnam,external,,
/ru/all-tours/danang-enduro-tour-one-day,Забронировать,https://t.me/mototourvietnam,https://t.me/mototourvietnam,external,,
/ru/all-tours/danang-enduro-tour-one-day,https://t.me/mototourvietnam,https://t.me/mototourvietnam,https://t.me/mototourvietnam,external,,
/ru/all-tours/danang-enduro-tour-one-day,https://www.instagram.com/enduro.vietnam,https://www.instagram.com/enduro.vietnam,https://www.instagram.com/enduro.vietnam,external,,
/ru/all-tours/danang-enduro-tour-one-day,https://wa.me/79994564498,https://wa.me/79994564498,https://wa.me/79994564498,external,,
/ru/all-tours/danang-enduro-tour-one-day,Эндуро-Туры во Вьетнаме,/ru,/ru,internal,200,/ru
/ru/all-tours/danang-enduro-tour-one-day,Все туры,/ru/all-tours,/ru/all-tours,internal,200,/ru/all-tours
/ru/all-tours/danang-enduro-tour-one-day,https://t.me/mototourvietnam,https://t.me/mototourvietnam,https://t.me/mototourvietnam,external,,
/ru/all-tours/danang-enduro-tour-one-day,https://www.instagram.com/enduro.vietnam,https://www.instagram.com/enduro.vietnam,https://www.instagram.com/enduro.vietnam,external,,
/ru/all-tours/danang-enduro-tour-one-day,https://wa.me/79994564498,https://wa.me/79994564498,https://wa.me/79994564498,external,,
/ru/all-tours/danang-enduro-tour-one-day,https://t.me/mototourvietnam,https://t.me/mototourvietnam,https://t.me/mototourvietnam,external,,
/ru/all-tours/danang-enduro-tour-one-day,https://www.instagram.com/enduro.vietnam,https://www.instagram.com/enduro.vietnam,https://www.instagram.com/enduro.vietnam,external,,
/ru/all-tours/danang-enduro-tour-one-day,https://wa.me/79994564498,https://wa.me/79994564498,https://wa.me/79994564498,external,,
/ru/all-tours/danang-enduro-tour-one-day,https://t.me/mototourvietnam,https://t.me/mototourvietnam,https://t.me/mototourvietnam,external,,
/ru/all-tours/danang-enduro-tour-one-day,https://www.instagram.com/enduro.vietnam,https://www.instagram.com/enduro.vietnam,https://www.instagram.com/enduro.vietnam,external,,
/ru/all-tours/danang-enduro-tour-one-day,https://wa.me/79994564498,https://wa.me/79994564498,https://wa.me/79994564498,external,,
/ru/all-tours/danang-enduro-tour-one-day,https://t.me/mototourvietnam,https://t.me/mototourvietnam,https://t.me/mototourvietnam,external,,
/ru/all-tours/danang-enduro-tour-one-day,https://www.instagram.com/enduro.vietnam,https://www.instagram.com/enduro.vietnam,https://www.instagram.com/enduro.vietnam,external,,
/ru/all-tours/danang-enduro-tour-one-day,https://wa.me/79994564498,https://wa.me/79994564498,https://wa.me/79994564498,external,,
/ru/all-tours/danang-enduro-tour-one-day,https://t.me/mototourvietnam,https://t.me/mototourvietnam,https://t.me/mototourvietnam,external,,
/ru/all-tours/danang-enduro-tour-one-day,https://www.instagram.com/enduro.vietnam,https://www.instagram.com/enduro.vietnam,https://www.instagram.com/enduro.vietnam,external,,
/ru/all-tours/danang-enduro-tour-one-day,https://wa.me/79994564498,https://wa.me/79994564498,https://wa.me/79994564498,external,,
/ru/all-tours/danang-enduro-tour-one-day,Забронировать,https://t.me/mototourvietnam,https://t.me/mototourvietnam,external,,
/ru/all-tours/danang-enduro-tour-one-day,О туре,https://enduro-vietnam.com/ru/all-tours/dalat-enduro-tour-one-day,/ru/all-tours/dalat-enduro-tour-one-day,internal,200,/ru/all-tours/dalat-enduro-tour-one-day
/ru/all-tours/danang-enduro-tour-one-day,О туре,https://enduro-vietnam.com/ru/all-tours/dalat-enduro-tour-advanced,/ru/all-tours/dalat-enduro-tour-advanced,internal,200,/ru/all-tours/dalat-enduro-tour-advanced
/ru/all-tours/danang-enduro-tour-one-day,О туре,https://enduro-vietnam.com/ru/all-tours/dalat-enduro-tour-two-day,/ru/all-tours/dalat-enduro-tour-two-day,internal,200,/ru/all-tours/dalat-enduro-tour-two-day
/ru/all-tours/danang-enduro-tour-one-day,О туре,https://enduro-vietnam.com/ru/all-tours/three-day-tour-dalat-nhatrang,/ru/all-tours/three-day-tour-dalat-nhatrang,internal,200,/ru/all-tours/three-day-tour-dalat-nhatrang
/ru/all-tours/danang-enduro-tour-one-day,О туре,https://enduro-vietnam.com/ru/all-tours/three-day-tour-dalat-muine,/ru/all-tours/three-day-tour-dalat-muine,internal,200,/ru/all-tours/three-day-tour-dalat-muine
/ru/all-tours/danang-enduro-tour-one-day,О туре,https://enduro-vietnam.com/ru/all-tours/dalat-easy-rider-enduro-beginners,/ru/all-tours/dalat-easy-rider-enduro-beginners,internal,200,/ru/all-tours/dalat-easy-rider-enduro-beginners
/ru/all-tours/danang-enduro-tour-one-day,Забронировать,https://t.me/mototourvietnam,https://t.me/mototourvietnam,external,,
/ru/all-tours/danang-enduro-tour-one-day,ЗАБРОНИРОВАТЬ,https://t.me/mototourvietnam,https://t.me/mototourvietnam,external,,
/ru/all-tours/danang-enduro-tour-one-day,ПОДРОБНЕЕ,https://enduro-vietnam.com/ru/tours/dalat-enduro-tour-one-day,/ru/all-tours/dalat-enduro-tour-one-day,internal,404,/ru/tours/dalat-enduro-tour-one-day
/ru/all-tours/danang-enduro-tour-one-day,ЗАБРОНИРОВАТЬ,https://t.me/mototourvietnam,https://t.me/mototourvietnam,external,,
/ru/all-tours/danang-enduro-tour-one-day,ПОДРОБНЕЕ,https://enduro-vietnam.com/ru/tours/dalat-enduro-tour-advanced,/ru/all-tours/dalat-enduro-tour-advanced,internal,404,/ru/tours/dalat-enduro-tour-advanced
/ru/all-tours/danang-enduro-tour-one-day,ЗАБРОНИРОВАТЬ,https://t.me/mototourvietnam,https://t.me/mototourvietnam,external,,
/ru/all-tours/danang-enduro-tour-one-day,ПОДРОБНЕЕ,https://enduro-vietnam.com/ru/tours/dalat-enduro-tour-two-day,/ru/all-tours/dalat-enduro-tour-two-day,internal,404,/ru/tours/dalat-enduro-tour-two-day
/ru/all-tours/danang-enduro-tour-one-day,ЗАБРОНИРОВАТЬ,https://t.me/mototourvietnam,https://t.me/mototourvietnam,external,,
/ru/all-tours/danang-enduro-tour-one-day,ПОДРОБНЕЕ,https://enduro-vietnam.com/ru/tours/three-day-tour-dalat-nhatrang,/ru/all-tours/three-day-tour-dalat-nhatrang,internal,404,/ru/tours/three-day-tour-dalat-nhatrang
/ru/all-tours/danang-enduro-tour-one-day,ЗАБРОНИРОВАТЬ,https://t.me/mototourvietnam,https://t.me/mototourvietnam,external,,
/ru/all-tours/danang-enduro-tour-one-day,ПОДРОБНЕЕ,https://enduro-vietnam.com/ru/tours/three-day-tour-dalat-muine,/ru/all-tours/three-day-tour-dalat-muine,internal,404,/ru/tours/three-day-tour-dalat-muine
/ru/all-tours/danang-enduro-tour-one-day,ЗАБРОНИРОВАТЬ,https://t.me/mototourvietnam,https://t.me/mototourvietnam,external,,
/ru/all-tours/danang-enduro-tour-one-day,ПОДРОБНЕЕ,https://enduro-vietnam.com/ru/tours/dalat-easy-rider-enduro-beginners,/ru/all-tours/dalat-easy-rider-enduro-beginners,internal,404,/ru/tours/dalat-easy-rider-enduro-beginners
/ru/all-tours/danang-enduro-tour-one-day,Главная страница,/ru,/ru,internal,200,/ru
/ru/all-tours/danang-enduro-tour-one-day,Эндуро туры в Далате,/ru/dalat,/ru/dalat,internal,200,/ru/dalat
/ru/all-tours/danang-enduro-tour-one-day,Эндуро туры в Нячанге,/ru/nhatrang,/ru/nhatrang,internal,200,/ru/nhatrang
/ru/all-tours/danang-enduro-tour-one-day,Эндуро туры в Дананге,/ru/danang,/ru/danang,internal,200,/ru/danang
/ru/all-tours/danang-enduro-tour-one-day,Эндуро туры в Муйне,/ru/muine,/ru/muine,internal,200,/ru/muine
/ru/all-tours/danang-enduro-tour-one-day,Все туры,/ru/all-tours,/ru/all-tours,internal,200,/ru/all-tours
/ru/all-tours/danang-enduro-tour-one-day,Аренда скутеров Далат,/rent-motorbike-dalat,/rent-motorbike-dalat,internal,200,/rent-motorbike-dalat
/ru/all-tours/danang-enduro-tour-one-day,Аренда скутеров Нячанг,ru/rent-scooter-nhatrang,/ru/rent-scooter-nhatrang,internal,404,/ru/all-tours/ru/rent-scooter-nhatrang
/ru/all-tours/danang-enduro-tour-one-day,Enduro tours in Vietnam,/,/,internal,200,/
/ru/all-tours/danang-enduro-tour-one-day,Dalat,/dalat,/dalat,internal,200,/dalat
/ru/all-tours/danang-enduro-tour-one-day,Nha Trang,/nhatrang,/nhatrang,internal,200,/nhatrang
/ru/all-tours/danang-enduro-tour-one-day,Danang,/danang,/danang,internal,200,/danang
/ru/all-tours/danang-enduro-tour-one-day,Muine,/muine,/muine,internal,200,/muine
/ru/all-tours/danang-enduro-tour-one-day,All tours,/all-tours,/all-tours,internal,200,/all-tours
/ru/all-tours/danang-enduro-tour-one-day,Scooter rental in Dalat,/rent-motorbike-dalat,/rent-motorbike-dalat,internal,200,/rent-motorbike-dalat
/ru/all-tours/danang-enduro-tour-one-day,Scooter rental in Nha Trang,/rent-scooter-nhatrang,/rent-scooter-nhatrang,internal,200,/rent-scooter-nhatrang
/ru/all-tours/danang-enduro-tour-one-day,Vietnam,https://maps.app.goo.gl/hvewF4aRPsdtciud6,https://maps.app.goo.gl/hvewF4aRPsdtciud6,external,,
/ru/all-tours/danang-enduro-tour-one-day,https://t.me/mototourvietnam,https://t.me/mototourvietnam,https://t.me/mototourvietnam,external,,
/ru/all-tours/danang-enduro-tour-one-day,https://www.instagram.com/enduro.vietnam,https://www.instagram.com/enduro.vietnam,https://www.instagram.com/enduro.vietnam,external,,
/ru/all-tours/danang-enduro-tour-one-day,https://wa.me/79994564498,https://wa.me/79994564498,https://wa.me/79994564498,external,,
/ru/all-tours/danang-enduro-tour-one-day,https://t.me/mototourvietnam,https://t.me/mototourvietnam,https://t.me/mototourvietnam,external,,
/ru/all-tours/danang-enduro-tour-one-day,Creatium,https://creatium.app,https://creatium.app,external,,
/ru/all-tours/mekong-delta-and-coastline-vietnam-motorbike-tour-6-days,/ru,/ru,/ru,internal,200,/ru
/ru/all-tours/mekong-delta-and-coastline-vietnam-motorbike-tour-6-days,Все туры,/ru/all-tours,/ru/all-tours,internal,200,/ru/all-tours
/ru/all-tours/mekong-delta-and-coastline-vietnam-motorbike-tour-6-days,https://t.me/mototourvietnam,https://t.me/mototourvietnam,https://t.me/mototourvietnam,external,,
/ru/all-tours/mekong-delta-and-coastline-vietnam-motorbike-tour-6-days,https://www.instagram.com/enduro.vietnam,https://www.instagram.com/enduro.vietnam,https://www.instagram.com/enduro.vietnam,external,,
/ru/all-tours/mekong-delta-and-coastline-vietnam-motorbike-tour-6-days,https://wa.me/79994564498,https://wa.me/79994564498,https://wa.me/79994564498,external,,
/ru/all-tours/mekong-delta-and-coastline-vietnam-motorbike-tour-6-days,Тип: Мини группа,http://,http://,external,,
/ru/all-tours/mekong-delta-and-coastline-vietnam-motorbike-tour-6-days,Размер группы: 4 человека,http://,http://,external,,
/ru/all-tours/mekong-delta-and-coastline-vietnam-motorbike-tour-6-days,Длительность: 6 дней,http://,http://,external,,
/ru/all-tours/mekong-delta-and-coastline-vietnam-motorbike-tour-6-days,"Подтверждение бронирования: запись минимум за 2 дня. Организатор подтвердит бронирование на выбранные вами дату, после чего вы внесете предоплату 30%",http://,http://,external,,
/ru/all-tours/mekong-delta-and-coastline-vietnam-motorbike-tour-6-days,Тур соло 6 дней $1240,http://,http://,external,,
/ru/all-tours/mekong-delta-and-coastline-vietnam-motorbike-tour-6-days,Есть расширенный тур,http://,http://,external,,
/ru/all-tours/mekong-delta-and-coastline-vietnam-motorbike-tour-6-days,https://t.me/mototourvietnam,https://t.me/mototourvietnam,https://t.me/mototourvietnam,external,,
/ru/all-tours/mekong-delta-and-coastline-vietnam-motorbike-tour-6-days,https://www.instagram.com/enduro.vietnam,https://www.instagram.com/enduro.vietnam,https://www.instagram.com/enduro.vietnam,external,,
/ru/all-tours/mekong-delta-and-coastline-vietnam-motorbike-tour-6-days,https://wa.me/79994564498,https://wa.me/79994564498,https://wa.me/79994564498,external,,
/ru/all-tours/mekong-delta-and-coastline-vietnam-motorbike-tour-6-days,Эндуро-Туры во Вьетнаме,/ru,/ru,internal,200,/ru
/ru/all-tours/mekong-delta-and-coastline-vietnam-motorbike-tour-6-days,Все туры,/ru/all-tours,/ru/all-tours,internal,200,/ru/all-tours
/ru/all-tours/mekong-delta-and-coastline-vietnam-motorbike-tour-6-days,Забронировать,https://t.me/mototourvietnam,https://t.me/mototourvietnam,external,,
/ru/all-tours/mekong-delta-and-coastline-vietnam-motorbike-tour-6-days,Забронировать,https://t.me/mototourvietnam,https://t.me/mototourvietnam,external,,
/ru/all-tours/mekong-delta-and-coastline-vietnam-motorbike-tour-6-days,https://t.me/mototourvietnam,https://t.me/mototourvietnam,https://t.me/mototourvietnam,external,,
/ru/all-tours/mekong-delta-and-coastline-vietnam-motorbike-tour-6-days,https://www.instagram.com/enduro.vietnam,https://www.instagram.com/enduro.vietnam,https://www.instagram.com/enduro.vietnam,external,,
/ru/all-tours/mekong-delta-and-coastline-vietnam-motorbike-tour-6-days,https://wa.me/79994564498,https://wa.me/79994564498,https://wa.me/79994564498,external,,
/ru/all-tours/mekong-delta-and-coastline-vietnam-motorbike-tour-6-days,Эндуро-Туры во Вьетнаме,/ru,/ru,internal,200,/ru
/ru/all-tours/mekong-delta-and-coastline-vietnam-motorbike-tour-6-days,Все туры,/ru/all-tours,/ru/all-tours,internal,200,/ru/all-tours
/ru/all-tours/mekong-delta-and-coastline-vietnam-motorbike-tour-6-days,https://t.me/mototourvietnam,https://t.me/mototourvietnam,https://t.me/mototourvietnam,external,,
/ru/all-tours/mekong-delta-and-coastline-vietnam-motorbike-tour-6-days,https://www.instagram.com/enduro.vietnam,https://www.instagram.com/enduro.vietnam,https://www.instagram.com/enduro.vietnam,external,,
/ru/all-tours/mekong-delta-and-coastline-vietnam-motorbike-tour-6-days,https://wa.me/79994564498,https://wa.me/79994564498,https://wa.me/79994564498,external,,
/ru/all-tours/mekong-delta-and-coastline-vietnam-motorbike-tour-6-days,https://t.me/mototourvietnam,https://t.me/mototourvietnam,https://t.me/mototourvietnam,external,,
/ru/all-tours/mekong-delta-and-coastline-vietnam-motorbike-tour-6-days,https://www.instagram.com/enduro.vietnam,https://www.instagram.com/enduro.vietnam,https://www.instagram.com/enduro.vietnam,external,,
/ru/all-tours/mekong-delta-and-coastline-vietnam-motorbike-tour-6-days,https://wa.me/79994564498,https://wa.me/79994564498,https://wa.me/79994564498,external,,
/ru/all-tours/mekong-delta-and-coastline-vietnam-motorbike-tour-6-days,https://t.me/mototourvietnam,https://t.me/mototourvietnam,https://t.me/mototourvietnam,external,,
/ru/all-tours/mekong-delta-and-coastline-vietnam-motorbike-tour-6-days,https://www.instagram.com/enduro.vietnam,https://www.instagram.com/enduro.vietnam,https://www.instagram.com/enduro.vietnam,external,,
/ru/all-tours/mekong-delta-and-coastline-vietnam-motorbike-tour-6-days,https://wa.me/79994564498,https://wa.me/79994564498,https://wa.me/79994564498,external,,
/ru/all-tours/mekong-delta-and-coastline-vietnam-motorbike-tour-6-days,https://t.me/mototourvietnam,https://t.me/mototourvietnam,https://t.me/mototourvietnam,external,,
/ru/all-tours/mekong-delta-and-coastline-vietnam-motorbike-tour-6-days,https://www.instagram.com/enduro.vietnam,https://www.instagram.com/enduro.vietnam,https://www.instagram.com/enduro.vietnam,external,,
/ru/all-tours/mekong-delta-and-coastline-vietnam-motorbike-tour-6-days,https://wa.me/79994564498,https://wa.me/79994564498,https://wa.me/79994564498,external,,
/ru/all-tours/mekong-delta-and-coastline-vietnam-motorbike-tour-6-days,https://t.me/mototourvietnam,https://t.me/mototourvietnam,https://t.me/mototourvietnam,external,,
/ru/all-tours/mekong-delta-and-coastline-vietnam-motorbike-tour-6-days,https://www.instagram.com/enduro.vietnam,https://www.instagram.com/enduro.vietnam,https://www.instagram.com/enduro.vietnam,external,,
/ru/all-tours/mekong-delta-and-coastline-vietnam-motorbike-tour-6-days,https://wa.me/79994564498,https://wa.me/79994564498,https://wa.me/79994564498,external,,
/ru/all-tours/mekong-delta-and-coastline-vietnam-motorbike-tour-6-days,Забронировать,https://t.me/mototourvietnam,https://t.me/mototourvietnam,external,,
/ru/all-tours/mekong-delta-and-coastline-vietnam-motorbike-tour-6-days,О туре,https://enduro-vietnam.com/ru/all-tours/dalat-enduro-tour-one-day,/ru/all-tours/dalat-enduro-tour-one-day,internal,200,/ru/all-tours/dalat-enduro-tour-one-day
/ru/all-tours/mekong-delta-and-coastline-vietnam-motorbike-tour-6-days,О туре,https://enduro-vietnam.com/ru/all-tours/dalat-enduro-tour-advanced,/ru/all-tours/dalat-enduro-tour-advanced,internal,200,/ru/all-tours/dalat-enduro-tour-advanced
/ru/all-tours/mekong-delta-and-coastline-vietnam-motorbike-tour-6-days,О туре,https://enduro-vietnam.com/ru/all-tours/dalat-enduro-tour-two-day,/ru/all-tours/dalat-enduro-tour-two-day,internal,200,/ru/all-tours/dalat-enduro-tour-two-day
/ru/all-tours/mekong-delta-and-coastline-vietnam-motorbike-tour-6-days,О туре,https://enduro-vietnam.com/ru/all-tours/three-day-tour-dalat-nhatrang,/ru/all-tours/three-day-tour-dalat-nhatrang,internal,200,/ru/all-tours/three-day-tour-dalat-nhatrang
/ru/all-tours/mekong-delta-and-coastline-vietnam-motorbike-tour-6-days,О туре,https://enduro-vietnam.com/ru/all-tours/three-day-tour-dalat-muine,/ru/all-tours/three-day-tour-dalat-muine,internal,200,/ru/all-tours/three-day-tour-dalat-muine
/ru/all-tours/mekong-delta-and-coastline-vietnam-motorbike-tour-6-days,О туре,https://enduro-vietnam.com/ru/all-tours/dalat-easy-rider-enduro-beginners,/ru/all-tours/dalat-easy-rider-enduro-beginners,internal,200,/ru/all-tours/dalat-easy-rider-enduro-beginners
/ru/all-tours/mekong-delta-and-coastline-vietnam-motorbike-tour-6-days,Забронировать,https://t.me/mototourvietnam,https://t.me/mototourvietnam,external,,
/ru/all-tours/mekong-delta-and-coastline-vietnam-motorbike-tour-6-days,ЗАБРОНИРОВАТЬ,https://t.me/mototourvietnam,https://t.me/mototourvietnam,external,,
/ru/all-tours/mekong-delta-and-coastline-vietnam-motorbike-tour-6-days,ПОДРОБНЕЕ,https://enduro-vietnam.com/ru/tours/dalat-enduro-tour-one-day,/ru/all-tours/dalat-enduro-tour-one-day,internal,404,/ru/tours/dalat-enduro-tour-one-day
/ru/all-tours/mekong-delta-and-coastline-vietnam-motorbike-tour-6-days,ЗАБРОНИРОВАТЬ,https://t.me/mototourvietnam,https://t.me/mototourvietnam,external,,
/ru/all-tours/mekong-delta-and-coastline-vietnam-motorbike-tour-6-days,ПОДРОБНЕЕ,https://enduro-vietnam.com/ru/tours/dalat-enduro-tour-advanced,/ru/all-tours/dalat-enduro-tour-advanced,internal,404,/ru/tours/dalat-enduro-tour-advanced
/ru/all-tours/mekong-delta-and-coastline-vietnam-motorbike-tour-6-days,ЗАБРОНИРОВАТЬ,https://t.me/mototourvietnam,https://t.me/mototourvietnam,external,,
/ru/all-tours/mekong-delta-and-coastline-vietnam-motorbike-tour-6-days,ПОДРОБНЕЕ,https://enduro-vietnam.com/ru/tours/dalat-enduro-tour-two-day,/ru/all-tours/dalat-enduro-tour-two-day,internal,404,/ru/tours/dalat-enduro-tour-two-day
/ru/all-tours/mekong-delta-and-coastline-vietnam-motorbike-tour-6-days,ЗАБРОНИРОВАТЬ,https://t.me/mototourvietnam,https://t.me/mototourvietnam,external,,
/ru/all-tours/mekong-delta-and-coastline-vietnam-motorbike-tour-6-days,ПОДРОБНЕЕ,https://enduro-vietnam.com/ru/tours/three-day-tour-dalat-nhatrang,/ru/all-tours/three-day-tour-dalat-nhatrang,internal,404,/ru/tours/three-day-tour-dalat-nhatrang
/ru/all-tours/mekong-delta-and-coastline-vietnam-motorbike-tour-6-days,ЗАБРОНИРОВАТЬ,https://t.me/mototourvietnam,https://t.me/mototourvietnam,external,,
/ru/all-tours/mekong-delta-and-coastline-vietnam-motorbike-tour-6-days,ПОДРОБНЕЕ,https://enduro-vietnam.com/ru/tours/three-day-tour-dalat-muine,/ru/all-tours/three-day-tour-dalat-muine,internal,404,/ru/tours/three-day-tour-dalat-muine
/ru/all-tours/mekong-delta-and-coastline-vietnam-motorbike-tour-6-days,ЗАБРОНИРОВАТЬ,https://t.me/mototourvietnam,https://t.me/mototourvietnam,external,,
/ru/all-tours/mekong-delta-and-coastline-vietnam-motorbike-tour-6-days,ПОДРОБНЕЕ,https://enduro-vietnam.com/ru/tours/dalat-easy-rider-enduro-beginners,/ru/all-tours/dalat-easy-rider-enduro-beginners,internal,404,/ru/tours/dalat-easy-rider-enduro-beginners
/ru/all-tours/mekong-delta-and-coastline-vietnam-motorbike-tour-6-days,Главная страница,/ru,/ru,internal,200,/ru
/ru/all-tours/mekong-delta-and-coastline-vietnam-motorbike-tour-6-days,Эндуро туры в Далате,/ru/dalat,/ru/dalat,internal,200,/ru/dalat
/ru/all-tours/mekong-delta-and-coastline-vietnam-motorbike-tour-6-days,Эндуро туры в Нячанге,/ru/nhatrang,/ru/nhatrang,internal,200,/ru/nhatrang
/ru/all-tours/mekong-delta-and-coastline-vietnam-motorbike-tour-6-days,Эндуро туры в Дананге,/ru/danang,/ru/danang,internal,200,/ru/danang
/ru/all-tours/mekong-delta-and-coastline-vietnam-motorbike-tour-6-days,Эндуро туры в Муйне,/ru/muine,/ru/muine,internal,200,/ru/muine
/ru/all-tours/mekong-delta-and-coastline-vietnam-motorbike-tour-6-days,Все туры,/ru/all-tours,/ru/all-tours,internal,200,/ru/all-tours
/ru/all-tours/mekong-delta-and-coastline-vietnam-motorbike-tour-6-days,Аренда скутеров Далат,/rent-motorbike-dalat,/rent-motorbike-dalat,internal,200,/rent-motorbike-dalat
/ru/all-tours/mekong-delta-and-coastline-vietnam-motorbike-tour-6-days,Аренда скутеров Нячанг,ru/rent-scooter-nhatrang,/ru/rent-scooter-nhatrang,internal,404,/ru/all-tours/ru/rent-scooter-nhatrang
/ru/all-tours/mekong-delta-and-coastline-vietnam-motorbike-tour-6-days,Enduro tours in Vietnam,/,/,internal,200,/
/ru/all-tours/mekong-delta-and-coastline-vietnam-motorbike-tour-6-days,Dalat,/dalat,/dalat,internal,200,/dalat
/ru/all-tours/mekong-delta-and-coastline-vietnam-motorbike-tour-6-days,Nha Trang,/nhatrang,/nhatrang,internal,200,/nhatrang
/ru/all-tours/mekong-delta-and-coastline-vietnam-motorbike-tour-6-days,Danang,/danang,/danang,internal,200,/danang
/ru/all-tours/mekong-delta-and-coastline-vietnam-motorbike-tour-6-days,Muine,/muine,/muine,internal,200,/muine
/ru/all-tours/mekong-delta-and-coastline-vietnam-motorbike-tour-6-days,All tours,/all-tours,/all-tours,internal,200,/all-tours
/ru/all-tours/mekong-delta-and-coastline-vietnam-motorbike-tour-6-days,Scooter rental in Dalat,/rent-motorbike-dalat,/rent-motorbike-dalat,internal,200,/rent-motorbike-dalat
/ru/all-tours/mekong-delta-and-coastline-vietnam-motorbike-tour-6-days,Scooter rental in Nha Trang,/rent-scooter-nhatrang,/rent-scooter-nhatrang,internal,200,/rent-scooter-nhatrang
/ru/all-tours/mekong-delta-and-coastline-vietnam-motorbike-tour-6-days,Vietnam,https://maps.app.goo.gl/hvewF4aRPsdtciud6,https://maps.app.goo.gl/hvewF4aRPsdtciud6,external,,
/ru/all-tours/mekong-delta-and-coastline-vietnam-motorbike-tour-6-days,https://t.me/mototourvietnam,https://t.me/mototourvietnam,https://t.me/mototourvietnam,external,,
/ru/all-tours/mekong-delta-and-coastline-vietnam-motorbike-tour-6-days,https://www.instagram.com/enduro.vietnam,https://www.instagram.com/enduro.vietnam,https://www.instagram.com/enduro.vietnam,external,,
/ru/all-tours/mekong-delta-and-coastline-vietnam-motorbike-tour-6-days,https://wa.me/79994564498,https://wa.me/79994564498,https://wa.me/79994564498,external,,
/ru/all-tours/mekong-delta-and-coastline-vietnam-motorbike-tour-6-days,https://t.me/mototourvietnam,https://t.me/mototourvietnam,https://t.me/mototourvietnam,external,,
/ru/all-tours/mekong-delta-and-coastline-vietnam-motorbike-tour-6-days,Creatium,https://creatium.app,https://creatium.app,external,,
/ru/all-tours/motorbike-tour-south-vietnam-4-days,/ru,/ru,/ru,internal,200,/ru
/ru/all-tours/motorbike-tour-south-vietnam-4-days,Все туры,/ru/all-tours,/ru/all-tours,internal,200,/ru/all-tours
/ru/all-tours/motorbike-tour-south-vietnam-4-days,https://t.me/mototourvietnam,https://t.me/mototourvietnam,https://t.me/mototourvietnam,external,,
/ru/all-tours/motorbike-tour-south-vietnam-4-days,https://www.instagram.com/enduro.vietnam,https://www.instagram.com/enduro.vietnam,https://www.instagram.com/enduro.vietnam,external,,
/ru/all-tours/motorbike-tour-south-vietnam-4-days,https://wa.me/79994564498,https://wa.me/79994564498,https://wa.me/79994564498,external,,
/ru/all-tours/motorbike-tour-south-vietnam-4-days,Тип: Мини группа,http://,http://,external,,
/ru/all-tours/motorbike-tour-south-vietnam-4-days,Размер группы: 4 человека,http://,http://,external,,
/ru/all-tours/motorbike-tour-south-vietnam-4-days,Длительность: 4 дня,http://,http://,external,,
/ru/all-tours/motorbike-tour-south-vietnam-4-days,"Подтверждение бронирования: запись минимум за 2 дня. Организатор подтвердит бронирование на выбранные вами дату, после чего вы внесете предоплату 30%",http://,http://,external,,
/ru/all-tours/motorbike-tour-south-vietnam-4-days,Тур соло 4 дня $960,http://,http://,external,,
/ru/all-tours/motorbike-tour-south-vietnam-4-days,Есть расширенный тур,http://,http://,external,,
/ru/all-tours/motorbike-tour-south-vietnam-4-days,https://t.me/mototourvietnam,https://t.me/mototourvietnam,https://t.me/mototourvietnam,external,,
/ru/all-tours/motorbike-tour-south-vietnam-4-days,https://www.instagram.com/enduro.vietnam,https://www.instagram.com/enduro.vietnam,https://www.instagram.com/enduro.vietnam,external,,
/ru/all-tours/motorbike-tour-south-vietnam-4-days,https://wa.me/79994564498,https://wa.me/79994564498,https://wa.me/79994564498,external,,
/ru/all-tours/motorbike-tour-south-vietnam-4-days,Эндуро-Туры во Вьетнаме,/ru,/ru,internal,200,/ru
/ru/all-tours/motorbike-tour-south-vietnam-4-days,Все туры,/ru/all-tours,/ru/all-tours,internal,200,/ru/all-tours
/ru/all-tours/motorbike-tour-south-vietnam-4-days,Забронировать,https://t.me/mototourvietnam,https://t.me/mototourvietnam,external,,
/ru/all-tours/motorbike-tour-south-vietnam-4-days,Забронировать,https://t.me/mototourvietnam,https://t.me/mototourvietnam,external,,
/ru/all-tours/motorbike-tour-south-vietnam-4-days,https://t.me/mototourvietnam,https://t.me/mototourvietnam,https://t.me/mototourvietnam,external,,
/ru/all-tours/motorbike-tour-south-vietnam-4-days,https://www.instagram.com/enduro.vietnam,https://www.instagram.com/enduro.vietnam,https://www.instagram.com/enduro.vietnam,external,,
/ru/all-tours/motorbike-tour-south-vietnam-4-days,https://wa.me/79994564498,https://wa.me/79994564498,https://wa.me/79994564498,external,,
/ru/all-tours/motorbike-tour-south-vietnam-4-days,Эндуро-Туры во Вьетнаме,/ru,/ru,internal,200,/ru
/ru/all-tours/motorbike-tour-south-vietnam-4-days,Все туры,/ru/all-tours,/ru/all-tours,internal,200,/ru/all-tours
/ru/all-tours/motorbike-tour-south-vietnam-4-days,https://t.me/mototourvietnam,https://t.me/mototourvietnam,https://t.me/mototourvietnam,external,,
/ru/all-tours/motorbike-tour-south-vietnam-4-days,https://www.instagram.com/enduro.vietnam,https://www.instagram.com/enduro.vietnam,https://www.instagram.com/enduro.vietnam,external,,
/ru/all-tours/motorbike-tour-south-vietnam-4-days,https://wa.me/79994564498,https://wa.me/79994564498,https://wa.me/79994564498,external,,
/ru/all-tours/motorbike-tour-south-vietnam-4-days,https://t.me/mototourvietnam,https://t.me/mototourvietnam,https://t.me/mototourvietnam,external,,
/ru/all-tours/motorbike-tour-south-vietnam-4-days,https://www.instagram.com/enduro.vietnam,https://www.instagram.com/enduro.vietnam,https://www.instagram.com/enduro.vietnam,external,,
/ru/all-tours/motorbike-tour-south-vietnam-4-days,https://wa.me/79994564498,https://wa.me/79994564498,https://wa.me/79994564498,external,,
/ru/all-tours/motorbike-tour-south-vietnam-4-days,https://t.me/mototourvietnam,https://t.me/mototourvietnam,https://t.me/mototourvietnam,external,,
/ru/all-tours/motorbike-tour-south-vietnam-4-days,https://www.instagram.com/enduro.vietnam,https://www.instagram.com/enduro.vietnam,https://www.instagram.com/enduro.vietnam,external,,
/ru/all-tours/motorbike-tour-south-vietnam-4-days,https://wa.me/79994564498,https://wa.me/79994564498,https://wa.me/79994564498,external,,
/ru/all-tours/motorbike-tour-south-vietnam-4-days,https://t.me/mototourvietnam,https://t.me/mototourvietnam,https://t.me/mototourvietnam,external,,
/ru/all-tours/motorbike-tour-south-vietnam-4-days,https://www.instagram.com/enduro.vietnam,https://www.instagram.com/enduro.vietnam,https://www.instagram.com/enduro.vietnam,external,,
/ru/all-tours/motorbike-tour-south-vietnam-4-days,https://wa.me/79994564498,https://wa.me/79994564498,https://wa.me/79994564498,external,,
/ru/all-tours/motorbike-tour-south-vietnam-4-days,https://t.me/mototourvietnam,https://t.me/mototourvietnam,https://t.me/mototourvietnam,external,,
/ru/all-tours/motorbike-tour-south-vietnam-4-days,https://www.instagram.com/enduro.vietnam,https://www.instagram.com/enduro.vietnam,https://www.instagram.com/enduro.vietnam,external,,
/ru/all-tours/motorbike-tour-south-vietnam-4-days,https://wa.me/79994564498,https://wa.me/79994564498,https://wa.me/79994564498,external,,
/ru/all-tours/motorbike-tour-south-vietnam-4-days,Забронировать,https://t.me/mototourvietnam,https://t.me/mototourvietnam,external,,
/ru/all-tours/motorbike-tour-south-vietnam-4-days,О туре,https://enduro-vietnam.com/ru/all-tours/dalat-enduro-tour-one-day,/ru/all-tours/dalat-enduro-tour-one-day,internal,200,/ru/all-tours/dalat-enduro-tour-one-day
/ru/all-tours/motorbike-tour-south-vietnam-4-days,О туре,https://enduro-vietnam.com/ru/all-tours/dalat-enduro-tour-advanced,/ru/all-tours/dalat-enduro-tour-advanced,internal,200,/ru/all-tours/dalat-enduro-tour-advanced
/ru/all-tours/motorbike-tour-south-vietnam-4-days,О туре,https://enduro-vietnam.com/ru/all-tours/dalat-enduro-tour-two-day,/ru/all-tours/dalat-enduro-tour-two-day,internal,200,/ru/all-tours/dalat-enduro-tour-two-day
/ru/all-tours/motorbike-tour-south-vietnam-4-days,О туре,https://enduro-vietnam.com/ru/all-tours/three-day-tour-dalat-nhatrang,/ru/all-tours/three-day-tour-dalat-nhatrang,internal,200,/ru/all-tours/three-day-tour-dalat-nhatrang
/ru/all-tours/motorbike-tour-south-vietnam-4-days,О туре,https://enduro-vietnam.com/ru/all-tours/three-day-tour-dalat-muine,/ru/all-tours/three-day-tour-dalat-muine,internal,200,/ru/all-tours/three-day-tour-dalat-muine
/ru/all-tours/motorbike-tour-south-vietnam-4-days,О туре,https://enduro-vietnam.com/ru/all-tours/dalat-easy-rider-enduro-beginners,/ru/all-tours/dalat-easy-rider-enduro-beginners,internal,200,/ru/all-tours/dalat-easy-rider-enduro-beginners
/ru/all-tours/motorbike-tour-south-vietnam-4-days,Забронировать,https://t.me/mototourvietnam,https://t.me/mototourvietnam,external,,
/ru/all-tours/motorbike-tour-south-vietnam-4-days,ЗАБРОНИРОВАТЬ,https://t.me/mototourvietnam,https://t.me/mototourvietnam,external,,
/ru/all-tours/motorbike-tour-south-vietnam-4-days,ПОДРОБНЕЕ,https://enduro-vietnam.com/ru/tours/dalat-enduro-tour-one-day,/ru/all-tours/dalat-enduro-tour-one-day,internal,404,/ru/tours/dalat-enduro-tour-one-day
/ru/all-tours/motorbike-tour-south-vietnam-4-days,ЗАБРОНИРОВАТЬ,https://t.me/mototourvietnam,https://t.me/mototourvietnam,external,,
/ru/all-tours/motorbike-tour-south-vietnam-4-days,ПОДРОБНЕЕ,https://enduro-vietnam.com/ru/tours/dalat-enduro-tour-advanced,/ru/all-tours/dalat-enduro-tour-advanced,internal,404,/ru/tours/dalat-enduro-tour-advanced
/ru/all-tours/motorbike-tour-south-vietnam-4-days,ЗАБРОНИРОВАТЬ,https://t.me/mototourvietnam,https://t.me/mototourvietnam,external,,
/ru/all-tours/motorbike-tour-south-vietnam-4-days,ПОДРОБНЕЕ,https://enduro-vietnam.com/ru/tours/dalat-enduro-tour-two-day,/ru/all-tours/dalat-enduro-tour-two-day,internal,404,/ru/tours/dalat-enduro-tour-two-day
/ru/all-tours/motorbike-tour-south-vietnam-4-days,ЗАБРОНИРОВАТЬ,https://t.me/mototourvietnam,https://t.me/mototourvietnam,external,,
/ru/all-tours/motorbike-tour-south-vietnam-4-days,ПОДРОБНЕЕ,https://enduro-vietnam.com/ru/tours/three-day-tour-dalat-nhatrang,/ru/all-tours/three-day-tour-dalat-nhatrang,internal,404,/ru/tours/three-day-tour-dalat-nhatrang
/ru/all-tours/motorbike-tour-south-vietnam-4-days,ЗАБРОНИРОВАТЬ,https://t.me/mototourvietnam,https://t.me/mototourvietnam,external,,
/ru/all-tours/motorbike-tour-south-vietnam-4-days,ПОДРОБНЕЕ,https://enduro-vietnam.com/ru/tours/three-day-tour-dalat-muine,/ru/all-tours/three-day-tour-dalat-muine,internal,404,/ru/tours/three-day-tour-dalat-muine
/ru/all-tours/motorbike-tour-south-vietnam-4-days,ЗАБРОНИРОВАТЬ,https://t.me/mototourvietnam,https://t.me/mototourvietnam,external,,
/ru/all-tours/motorbike-tour-south-vietnam-4-days,ПОДРОБНЕЕ,https://enduro-vietnam.com/ru/tours/dalat-easy-rider-enduro-beginners,/ru/all-tours/dalat-easy-rider-enduro-beginners,internal,404,/ru/tours/dalat-easy-rider-enduro-beginners
/ru/all-tours/motorbike-tour-south-vietnam-4-days,Главная страница,/ru,/ru,internal,200,/ru
/ru/all-tours/motorbike-tour-south-vietnam-4-days,Эндуро туры в Далате,/ru/dalat,/ru/dalat,internal,200,/ru/dalat
/ru/all-tours/motorbike-tour-south-vietnam-4-days,Эндуро туры в Нячанге,/ru/nhatrang,/ru/nhatrang,internal,200,/ru/nhatrang
/ru/all-tours/motorbike-tour-south-vietnam-4-days,Эндуро туры в Дананге,/ru/danang,/ru/danang,internal,200,/ru/danang
/ru/all-tours/motorbike-tour-south-vietnam-4-days,Эндуро туры в Муйне,/ru/muine,/ru/muine,internal,200,/ru/muine
/ru/all-tours/motorbike-tour-south-vietnam-4-days,Все туры,/ru/all-tours,/ru/all-tours,internal,200,/ru/all-tours
/ru/all-tours/motorbike-tour-south-vietnam-4-days,Аренда скутеров Далат,/rent-motorbike-dalat,/rent-motorbike-dalat,internal,200,/rent-motorbike-dalat
/ru/all-tours/motorbike-tour-south-vietnam-4-days,Аренда скутеров Нячанг,ru/rent-scooter-nhatrang,/ru/rent-scooter-nhatrang,internal,404,/ru/all-tours/ru/rent-scooter-nhatrang
/ru/all-tours/motorbike-tour-south-vietnam-4-days,Enduro tours in Vietnam,/,/,internal,200,/
/ru/all-tours/motorbike-tour-south-vietnam-4-days,Dalat,/dalat,/dalat,internal,200,/dalat
/ru/all-tours/motorbike-tour-south-vietnam-4-days,Nha Trang,/nhatrang,/nhatrang,internal,200,/nhatrang
/ru/all-tours/motorbike-tour-south-vietnam-4-days,Danang,/danang,/danang,internal,200,/danang
/ru/all-tours/motorbike-tour-south-vietnam-4-days,Muine,/muine,/muine,internal,200,/muine
/ru/all-tours/motorbike-tour-south-vietnam-4-days,All tours,/all-tours,/all-tours,internal,200,/all-tours
/ru/all-tours/motorbike-tour-south-vietnam-4-days,Scooter rental in Dalat,/rent-motorbike-dalat,/rent-motorbike-dalat,internal,200,/rent-motorbike-dalat
/ru/all-tours/motorbike-tour-south-vietnam-4-days,Scooter rental in Nha Trang,/rent-scooter-nhatrang,/rent-scooter-nhatrang,internal,200,/rent-scooter-nhatrang
/ru/all-tours/motorbike-tour-south-vietnam-4-days,Vietnam,https://maps.app.goo.gl/hvewF4aRPsdtciud6,https://maps.app.goo.gl/hvewF4aRPsdtciud6,external,,
/ru/all-tours/motorbike-tour-south-vietnam-4-days,https://t.me/mototourvietnam,https://t.me/mototourvietnam,https://t.me/mototourvietnam,external,,
/ru/all-tours/motorbike-tour-south-vietnam-4-days,https://www.instagram.com/enduro.vietnam,https://www.instagram.com/enduro.vietnam,https://www.instagram.com/enduro.vietnam,external,,
/ru/all-tours/motorbike-tour-south-vietnam-4-days,https://wa.me/79994564498,https://wa.me/79994564498,https://wa.me/79994564498,external,,
/ru/all-tours/motorbike-tour-south-vietnam-4-days,https://t.me/mototourvietnam,https://t.me/mototourvietnam,https://t.me/mototourvietnam,external,,
/ru/all-tours/motorbike-tour-south-vietnam-4-days,Creatium,https://creatium.app,https://creatium.app,external,,
/ru/all-tours/motorcycle-tour-on-coastline-and-highlands-vietnam-7-days,/ru,/ru,/ru,internal,200,/ru
/ru/all-tours/motorcycle-tour-on-coastline-and-highlands-vietnam-7-days,Все туры,/ru/all-tours,/ru/all-tours,internal,200,/ru/all-tours
/ru/all-tours/motorcycle-tour-on-coastline-and-highlands-vietnam-7-days,https://t.me/mototourvietnam,https://t.me/mototourvietnam,https://t.me/mototourvietnam,external,,
/ru/all-tours/motorcycle-tour-on-coastline-and-highlands-vietnam-7-days,https://www.instagram.com/enduro.vietnam,https://www.instagram.com/enduro.vietnam,https://www.instagram.com/enduro.vietnam,external,,
/ru/all-tours/motorcycle-tour-on-coastline-and-highlands-vietnam-7-days,https://wa.me/79994564498,https://wa.me/79994564498,https://wa.me/79994564498,external,,
/ru/all-tours/motorcycle-tour-on-coastline-and-highlands-vietnam-7-days,Тип: Мини группа,http://,http://,external,,
/ru/all-tours/motorcycle-tour-on-coastline-and-highlands-vietnam-7-days,Размер группы: 4 человека,http://,http://,external,,
/ru/all-tours/motorcycle-tour-on-coastline-and-highlands-vietnam-7-days,Длительность: 7 дней,http://,http://,external,,
/ru/all-tours/motorcycle-tour-on-coastline-and-highlands-vietnam-7-days,"Подтверждение бронирования: запись минимум за 2 дня. Организатор подтвердит бронирование на выбранные вами дату, после чего вы внесете предоплату 30%",http://,http://,external,,
/ru/all-tours/motorcycle-tour-on-coastline-and-highlands-vietnam-7-days,Тур соло 7 дней $1380,http://,http://,external,,
/ru/all-tours/motorcycle-tour-on-coastline-and-highlands-vietnam-7-days,Есть расширенный тур,http://,http://,external,,
/ru/all-tours/motorcycle-tour-on-coastline-and-highlands-vietnam-7-days,https://t.me/mototourvietnam,https://t.me/mototourvietnam,https://t.me/mototourvietnam,external,,
/ru/all-tours/motorcycle-tour-on-coastline-and-highlands-vietnam-7-days,https://www.instagram.com/enduro.vietnam,https://www.instagram.com/enduro.vietnam,https://www.instagram.com/enduro.vietnam,external,,
/ru/all-tours/motorcycle-tour-on-coastline-and-highlands-vietnam-7-days,https://wa.me/79994564498,https://wa.me/79994564498,https://wa.me/79994564498,external,,
/ru/all-tours/motorcycle-tour-on-coastline-and-highlands-vietnam-7-days,Эндуро-Туры во Вьетнаме,/ru,/ru,internal,200,/ru
/ru/all-tours/motorcycle-tour-on-coastline-and-highlands-vietnam-7-days,Все туры,/ru/all-tours,/ru/all-tours,internal,200,/ru/all-tours
/ru/all-tours/motorcycle-tour-on-coastline-and-highlands-vietnam-7-days,Забронировать,https://t.me/mototourvietnam,https://t.me/mototourvietnam,external,,
/ru/all-tours/motorcycle-tour-on-coastline-and-highlands-vietnam-7-days,Забронировать,https://t.me/mototourvietnam,https://t.me/mototourvietnam,external,,
/ru/all-tours/motorcycle-tour-on-coastline-and-highlands-vietnam-7-days,https://t.me/mototourvietnam,https://t.me/mototourvietnam,https://t.me/mototourvietnam,external,,
/ru/all-tours/motorcycle-tour-on-coastline-and-highlands-vietnam-7-days,https://www.instagram.com/enduro.vietnam,https://www.instagram.com/enduro.vietnam,https://www.instagram.com/enduro.vietnam,external,,
/ru/all-tours/motorcycle-tour-on-coastline-and-highlands-vietnam-7-days,https://wa.me/79994564498,https://wa.me/79994564498,https://wa.me/79994564498,external,,
/ru/all-tours/motorcycle-tour-on-coastline-and-highlands-vietnam-7-days,Эндуро-Туры во Вьетнаме,/ru,/ru,internal,200,/ru
/ru/all-tours/motorcycle-tour-on-coastline-and-highlands-vietnam-7-days,Все туры,/ru/all-tours,/ru/all-tours,internal,200,/ru/all-tours
/ru/all-tours/motorcycle-tour-on-coastline-and-highlands-vietnam-7-days,https://t.me/mototourvietnam,https://t.me/mototourvietnam,https://t.me/mototourvietnam,external,,
/ru/all-tours/motorcycle-tour-on-coastline-and-highlands-vietnam-7-days,https://www.instagram.com/enduro.vietnam,https://www.instagram.com/enduro.vietnam,https://www.instagram.com/enduro.vietnam,external,,
/ru/all-tours/motorcycle-tour-on-coastline-and-highlands-vietnam-7-days,https://wa.me/79994564498,https://wa.me/79994564498,https://wa.me/79994564498,external,,
/ru/all-tours/motorcycle-tour-on-coastline-and-highlands-vietnam-7-days,https://t.me/mototourvietnam,https://t.me/mototourvietnam,https://t.me/mototourvietnam,external,,
/ru/all-tours/motorcycle-tour-on-coastline-and-highlands-vietnam-7-days,https://www.instagram.com/enduro.vietnam,https://www.instagram.com/enduro.vietnam,https://www.instagram.com/enduro.vietnam,external,,
/ru/all-tours/motorcycle-tour-on-coastline-and-highlands-vietnam-7-days,https://wa.me/79994564498,https://wa.me/79994564498,https://wa.me/79994564498,external,,
/ru/all-tours/motorcycle-tour-on-coastline-and-highlands-vietnam-7-days,https://t.me/mototourvietnam,https://t.me/mototourvietnam,https://t.me/mototourvietnam,external,,
/ru/all-tours/motorcycle-tour-on-coastline-and-highlands-vietnam-7-days,https://www.instagram.com/enduro.vietnam,https://www.instagram.com/enduro.vietnam,https://www.instagram.com/enduro.vietnam,external,,
/ru/all-tours/motorcycle-tour-on-coastline-and-highlands-vietnam-7-days,https://wa.me/79994564498,https://wa.me/79994564498,https://wa.me/79994564498,external,,
/ru/all-tours/motorcycle-tour-on-coastline-and-highlands-vietnam-7-days,https://t.me/mototourvietnam,https://t.me/mototourvietnam,https://t.me/mototourvietnam,external,,
/ru/all-tours/motorcycle-tour-on-coastline-and-highlands-vietnam-7-days,https://www.instagram.com/enduro.vietnam,https://www.instagram.com/enduro.vietnam,https://www.instagram.com/enduro.vietnam,external,,
/ru/all-tours/motorcycle-tour-on-coastline-and-highlands-vietnam-7-days,https://wa.me/79994564498,https://wa.me/79994564498,https://wa.me/79994564498,external,,
/ru/all-tours/motorcycle-tour-on-coastline-and-highlands-vietnam-7-days,https://t.me/mototourvietnam,https://t.me/mototourvietnam,https://t.me/mototourvietnam,external,,
/ru/all-tours/motorcycle-tour-on-coastline-and-highlands-vietnam-7-days,https://www.instagram.com/enduro.vietnam,https://www.instagram.com/enduro.vietnam,https://www.instagram.com/enduro.vietnam,external,,
/ru/all-tours/motorcycle-tour-on-coastline-and-highlands-vietnam-7-days,https://wa.me/79994564498,https://wa.me/79994564498,https://wa.me/79994564498,external,,
/ru/all-tours/motorcycle-tour-on-coastline-and-highlands-vietnam-7-days,Забронировать,https://t.me/mototourvietnam,https://t.me/mototourvietnam,external,,
/ru/all-tours/motorcycle-tour-on-coastline-and-highlands-vietnam-7-days,О туре,https://enduro-vietnam.com/ru/all-tours/dalat-enduro-tour-one-day,/ru/all-tours/dalat-enduro-tour-one-day,internal,200,/ru/all-tours/dalat-enduro-tour-one-day
/ru/all-tours/motorcycle-tour-on-coastline-and-highlands-vietnam-7-days,О туре,https://enduro-vietnam.com/ru/all-tours/dalat-enduro-tour-advanced,/ru/all-tours/dalat-enduro-tour-advanced,internal,200,/ru/all-tours/dalat-enduro-tour-advanced
/ru/all-tours/motorcycle-tour-on-coastline-and-highlands-vietnam-7-days,О туре,https://enduro-vietnam.com/ru/all-tours/dalat-enduro-tour-two-day,/ru/all-tours/dalat-enduro-tour-two-day,internal,200,/ru/all-tours/dalat-enduro-tour-two-day
/ru/all-tours/motorcycle-tour-on-coastline-and-highlands-vietnam-7-days,О туре,https://enduro-vietnam.com/ru/all-tours/three-day-tour-dalat-nhatrang,/ru/all-tours/three-day-tour-dalat-nhatrang,internal,200,/ru/all-tours/three-day-tour-dalat-nhatrang
/ru/all-tours/motorcycle-tour-on-coastline-and-highlands-vietnam-7-days,О туре,https://enduro-vietnam.com/ru/all-tours/three-day-tour-dalat-muine,/ru/all-tours/three-day-tour-dalat-muine,internal,200,/ru/all-tours/three-day-tour-dalat-muine
/ru/all-tours/motorcycle-tour-on-coastline-and-highlands-vietnam-7-days,О туре,https://enduro-vietnam.com/ru/all-tours/dalat-easy-rider-enduro-beginners,/ru/all-tours/dalat-easy-rider-enduro-beginners,internal,200,/ru/all-tours/dalat-easy-rider-enduro-beginners
/ru/all-tours/motorcycle-tour-on-coastline-and-highlands-vietnam-7-days,Забронировать,https://t.me/mototourvietnam,https://t.me/mototourvietnam,external,,
/ru/all-tours/motorcycle-tour-on-coastline-and-highlands-vietnam-7-days,ЗАБРОНИРОВАТЬ,https://t.me/mototourvietnam,https://t.me/mototourvietnam,external,,
/ru/all-tours/motorcycle-tour-on-coastline-and-highlands-vietnam-7-days,ПОДРОБНЕЕ,https://enduro-vietnam.com/ru/tours/dalat-enduro-tour-one-day,/ru/all-tours/dalat-enduro-tour-one-day,internal,404,/ru/tours/dalat-enduro-tour-one-day
/ru/all-tours/motorcycle-tour-on-coastline-and-highlands-vietnam-7-days,ЗАБРОНИРОВАТЬ,https://t.me/mototourvietnam,https://t.me/mototourvietnam,external,,
/ru/all-tours/motorcycle-tour-on-coastline-and-highlands-vietnam-7-days,ПОДРОБНЕЕ,https://enduro-vietnam.com/ru/tours/dalat-enduro-tour-advanced,/ru/all-tours/dalat-enduro-tour-advanced,internal,404,/ru/tours/dalat-enduro-tour-advanced
/ru/all-tours/motorcycle-tour-on-coastline-and-highlands-vietnam-7-days,ЗАБРОНИРОВАТЬ,https://t.me/mototourvietnam,https://t.me/mototourvietnam,external,,
/ru/all-tours/motorcycle-tour-on-coastline-and-highlands-vietnam-7-days,ПОДРОБНЕЕ,https://enduro-vietnam.com/ru/tours/dalat-enduro-tour-two-day,/ru/all-tours/dalat-enduro-tour-two-day,internal,404,/ru/tours/dalat-enduro-tour-two-day
/ru/all-tours/motorcycle-tour-on-coastline-and-highlands-vietnam-7-days,ЗАБРОНИРОВАТЬ,https://t.me/mototourvietnam,https://t.me/mototourvietnam,external,,
/ru/all-tours/motorcycle-tour-on-coastline-and-highlands-vietnam-7-days,ПОДРОБНЕЕ,https://enduro-vietnam.com/ru/tours/three-day-tour-dalat-nhatrang,/ru/all-tours/three-day-tour-dalat-nhatrang,internal,404,/ru/tours/three-day-tour-dalat-nhatrang
/ru/all-tours/motorcycle-tour-on-coastline-and-highlands-vietnam-7-days,ЗАБРОНИРОВАТЬ,https://t.me/mototourvietnam,https://t.me/mototourvietnam,external,,
/ru/all-tours/motorcycle-tour-on-coastline-and-highlands-vietnam-7-days,ПОДРОБНЕЕ,https://enduro-vietnam.com/ru/tours/three-day-tour-dalat-muine,/ru/all-tours/three-day-tour-dalat-muine,internal,404,/ru/tours/three-day-tour-dalat-muine
/ru/all-tours/motorcycle-tour-on-coastline-and-highlands-vietnam-7-days,ЗАБРОНИРОВАТЬ,https://t.me/mototourvietnam,https://t.me/mototourvietnam,external,,
/ru/all-tours/motorcycle-tour-on-coastline-and-highlands-vietnam-7-days,ПОДРОБНЕЕ,https://enduro-vietnam.com/ru/tours/dalat-easy-rider-enduro-beginners,/ru/all-tours/dalat-easy-rider-enduro-beginners,internal,404,/ru/tours/dalat-easy-rider-enduro-beginners
/ru/all-tours/motorcycle-tour-on-coastline-and-highlands-vietnam-7-days,Главная страница,/ru,/ru,internal,200,/ru
/ru/all-tours/motorcycle-tour-on-coastline-and-highlands-vietnam-7-days,Эндуро туры в Далате,/ru/dalat,/ru/dalat,internal,200,/ru/dalat
/ru/all-tours/motorcycle-tour-on-coastline-and-highlands-vietnam-7-days,Эндуро туры в Нячанге,/ru/nhatrang,/ru/nhatrang,internal,200,/ru/nhatrang
/ru/all-tours/motorcycle-tour-on-coastline-and-highlands-vietnam-7-days,Эндуро туры в Дананге,/ru/danang,/ru/danang,internal,200,/ru/danang
/ru/all-tours/motorcycle-tour-on-coastline-and-highlands-vietnam-7-days,Эндуро туры в Муйне,/ru/muine,/ru/muine,internal,200,/ru/muine
/ru/all-tours/motorcycle-tour-on-coastline-and-highlands-vietnam-7-days,Все туры,/ru/all-tours,/ru/all-tours,internal,200,/ru/all-tours
/ru/all-tours/motorcycle-tour-on-coastline-and-highlands-vietnam-7-days,Аренда скутеров Далат,/rent-motorbike-dalat,/rent-motorbike-dalat,internal,200,/rent-motorbike-dalat
/ru/all-tours/motorcycle-tour-on-coastline-and-highlands-vietnam-7-days,Аренда скутеров Нячанг,ru/rent-scooter-nhatrang,/ru/rent-scooter-nhatrang,internal,404,/ru/all-tours/ru/rent-scooter-nhatrang
/ru/all-tours/motorcycle-tour-on-coastline-and-highlands-vietnam-7-days,Enduro tours in Vietnam,/,/,internal,200,/
/ru/all-tours/motorcycle-tour-on-coastline-and-highlands-vietnam-7-days,Dalat,/dalat,/dalat,internal,200,/dalat
/ru/all-tours/motorcycle-tour-on-coastline-and-highlands-vietnam-7-days,Nha Trang,/nhatrang,/nhatrang,internal,200,/nhatrang
/ru/all-tours/motorcycle-tour-on-coastline-and-highlands-vietnam-7-days,Danang,/danang,/danang,internal,200,/danang
/ru/all-tours/motorcycle-tour-on-coastline-and-highlands-vietnam-7-days,Muine,/muine,/muine,internal,200,/muine
/ru/all-tours/motorcycle-tour-on-coastline-and-highlands-vietnam-7-days,All tours,/all-tours,/all-tours,internal,200,/all-tours
/ru/all-tours/motorcycle-tour-on-coastline-and-highlands-vietnam-7-days,Scooter rental in Dalat,/rent-motorbike-dalat,/rent-motorbike-dalat,internal,200,/rent-motorbike-dalat
/ru/all-tours/motorcycle-tour-on-coastline-and-highlands-vietnam-7-days,Scooter rental in Nha Trang,/rent-scooter-nhatrang,/rent-scooter-nhatrang,internal,200,/rent-scooter-nhatrang
/ru/all-tours/motorcycle-tour-on-coastline-and-highlands-vietnam-7-days,Vietnam,https://maps.app.goo.gl/hvewF4aRPsdtciud6,https://maps.app.goo.gl/hvewF4aRPsdtciud6,external,,
/ru/all-tours/motorcycle-tour-on-coastline-and-highlands-vietnam-7-days,https://t.me/mototourvietnam,https://t.me/mototourvietnam,https://t.me/mototourvietnam,external,,
/ru/all-tours/motorcycle-tour-on-coastline-and-highlands-vietnam-7-days,https://www.instagram.com/enduro.vietnam,https://www.instagram.com/enduro.vietnam,https://www.instagram.com/enduro.vietnam,external,,
/ru/all-tours/motorcycle-tour-on-coastline-and-highlands-vietnam-7-days,https://wa.me/79994564498,https://wa.me/79994564498,https://wa.me/79994564498,external,,
/ru/all-tours/motorcycle-tour-on-coastline-and-highlands-vietnam-7-days,https://t.me/mototourvietnam,https://t.me/mototourvietnam,https://t.me/mototourvietnam,external,,
/ru/all-tours/motorcycle-tour-on-coastline-and-highlands-vietnam-7-days,Creatium,https://creatium.app,https://creatium.app,external,,
/ru/all-tours/nhatrang-enduro-tour-advanced,/ru,/ru,/ru,internal,200,/ru
/ru/all-tours/nhatrang-enduro-tour-advanced,Все туры,/ru/all-tours,/ru/all-tours,internal,200,/ru/all-tours
/ru/all-tours/nhatrang-enduro-tour-advanced,https://t.me/mototourvietnam,https://t.me/mototourvietnam,https://t.me/mototourvietnam,external,,
/ru/all-tours/nhatrang-enduro-tour-advanced,https://www.instagram.com/enduro.vietnam,https://www.instagram.com/enduro.vietnam,https://www.instagram.com/enduro.vietnam,external,,
/ru/all-tours/nhatrang-enduro-tour-advanced,https://wa.me/79994564498,https://wa.me/79994564498,https://wa.me/79994564498,external,,
/ru/all-tours/nhatrang-enduro-tour-advanced,Тип: Мини группа,http://,http://,external,,
/ru/all-tours/nhatrang-enduro-tour-advanced,Размер группы: 2 человека,http://,http://,external,,
/ru/all-tours/nhatrang-enduro-tour-advanced,Длительность: 4 часа,http://,http://,external,,
/ru/all-tours/nhatrang-enduro-tour-advanced,"Подтверждение бронирования: запись минимум за 2 дня. Организатор подтвердит бронирование на выбранные вами дату, после чего вы внесете предоплату 30%",http://,http://,external,,
/ru/all-tours/nhatrang-enduro-tour-advanced,Тур соло 4 часа $150,http://,http://,external,,
/ru/all-tours/nhatrang-enduro-tour-advanced,Есть расширенный тур,http://,http://,external,,
/ru/all-tours/nhatrang-enduro-tour-advanced,https://t.me/mototourvietnam,https://t.me/mototourvietnam,https://t.me/mototourvietnam,external,,
/ru/all-tours/nhatrang-enduro-tour-advanced,https://www.instagram.com/enduro.vietnam,https://www.instagram.com/enduro.vietnam,https://www.instagram.com/enduro.vietnam,external,,
/ru/all-tours/nhatrang-enduro-tour-advanced,https://wa.me/79994564498,https://wa.me/79994564498,https://wa.me/79994564498,external,,
/ru/all-tours/nhatrang-enduro-tour-advanced,Эндуро-Туры во Вьетнаме,/ru,/ru,internal,200,/ru
/ru/all-tours/nhatrang-enduro-tour-advanced,Все туры,/ru/all-tours,/ru/all-tours,internal,200,/ru/all-tours
/ru/all-tours/nhatrang-enduro-tour-advanced,Забронировать,https://t.me/mototourvietnam,https://t.me/mototourvietnam,external,,
/ru/all-tours/nhatrang-enduro-tour-advanced,Забронировать,https://t.me/mototourvietnam,https://t.me/mototourvietnam,external,,
/ru/all-tours/nhatrang-enduro-tour-advanced,https://t.me/mototourvietnam,https://t.me/mototourvietnam,https://t.me/mototourvietnam,external,,
/ru/all-tours/nhatrang-enduro-tour-advanced,https://www.instagram.com/enduro.vietnam,https://www.instagram.com/enduro.vietnam,https://www.instagram.com/enduro.vietnam,external,,
/ru/all-tours/nhatrang-enduro-tour-advanced,https://wa.me/79994564498,https://wa.me/79994564498,https://wa.me/79994564498,external,,
/ru/all-tours/nhatrang-enduro-tour-advanced,Эндуро-Туры во Вьетнаме,/ru,/ru,internal,200,/ru
/ru/all-tours/nhatrang-enduro-tour-advanced,Все туры,/ru/all-tours,/ru/all-tours,internal,200,/ru/all-tours
/ru/all-tours/nhatrang-enduro-tour-advanced,https://t.me/mototourvietnam,https://t.me/mototourvietnam,https://t.me/mototourvietnam,external,,
/ru/all-tours/nhatrang-enduro-tour-advanced,https://www.instagram.com/enduro.vietnam,https://www.instagram.com/enduro.vietnam,https://www.instagram.com/enduro.vietnam,external,,
/ru/all-tours/nhatrang-enduro-tour-advanced,https://wa.me/79994564498,https://wa.me/79994564498,https://wa.me/79994564498,external,,
/ru/all-tours/nhatrang-enduro-tour-advanced,https://t.me/mototourvietnam,https://t.me/mototourvietnam,https://t.me/mototourvietnam,external,,
/ru/all-tours/nhatrang-enduro-tour-advanced,https://www.instagram.com/enduro.vietnam,https://www.instagram.com/enduro.vietnam,https://www.instagram.com/enduro.vietnam,external,,
/ru/all-tours/nhatrang-enduro-tour-advanced,https://wa.me/79994564498,https://wa.me/79994564498,https://wa.me/79994564498,external,,
/ru/all-tours/nhatrang-enduro-tour-advanced,https://t.me/mototourvietnam,https://t.me/mototourvietnam,https://t.me/mototourvietnam,external,,
/ru/all-tours/nhatrang-enduro-tour-advanced,https://www.instagram.com/enduro.vietnam,https://www.instagram.com/enduro.vietnam,https://www.instagram.com/enduro.vietnam,external,,
/ru/all-tours/nhatrang-enduro-tour-advanced,https://wa.me/79994564498,https://wa.me/79994564498,https://wa.me/79994564498,external,,
/ru/all-tours/nhatrang-enduro-tour-advanced,https://t.me/mototourvietnam,https://t.me/mototourvietnam,https://t.me/mototourvietnam,external,,
/ru/all-tours/nhatrang-enduro-tour-advanced,https://www.instagram.com/enduro.vietnam,https://www.instagram.com/enduro.vietnam,https://www.instagram.com/enduro.vietnam,external,,
/ru/all-tours/nhatrang-enduro-tour-advanced,https://wa.me/79994564498,https://wa.me/79994564498,https://wa.me/79994564498,external,,
/ru/all-tours/nhatrang-enduro-tour-advanced,https://t.me/mototourvietnam,https://t.me/mototourvietnam,https://t.me/mototourvietnam,external,,
/ru/all-tours/nhatrang-enduro-tour-advanced,https://www.instagram.com/enduro.vietnam,https://www.instagram.com/enduro.vietnam,https://www.instagram.com/enduro.vietnam,external,,
/ru/all-tours/nhatrang-enduro-tour-advanced,https://wa.me/79994564498,https://wa.me/79994564498,https://wa.me/79994564498,external,,
/ru/all-tours/nhatrang-enduro-tour-advanced,Забронировать,https://t.me/mototourvietnam,https://t.me/mototourvietnam,external,,
/ru/all-tours/nhatrang-enduro-tour-advanced,О туре,https://enduro-vietnam.com/ru/all-tours/dalat-enduro-tour-one-day,/ru/all-tours/dalat-enduro-tour-one-day,internal,200,/ru/all-tours/dalat-enduro-tour-one-day
/ru/all-tours/nhatrang-enduro-tour-advanced,О туре,https://enduro-vietnam.com/ru/all-tours/dalat-enduro-tour-advanced,/ru/all-tours/dalat-enduro-tour-advanced,internal,200,/ru/all-tours/dalat-enduro-tour-advanced
/ru/all-tours/nhatrang-enduro-tour-advanced,О туре,https://enduro-vietnam.com/ru/all-tours/dalat-enduro-tour-two-day,/ru/all-tours/dalat-enduro-tour-two-day,internal,200,/ru/all-tours/dalat-enduro-tour-two-day
/ru/all-tours/nhatrang-enduro-tour-advanced,О туре,https://enduro-vietnam.com/ru/all-tours/three-day-tour-dalat-nhatrang,/ru/all-tours/three-day-tour-dalat-nhatrang,internal,200,/ru/all-tours/three-day-tour-dalat-nhatrang
/ru/all-tours/nhatrang-enduro-tour-advanced,О туре,https://enduro-vietnam.com/ru/all-tours/three-day-tour-dalat-muine,/ru/all-tours/three-day-tour-dalat-muine,internal,200,/ru/all-tours/three-day-tour-dalat-muine
/ru/all-tours/nhatrang-enduro-tour-advanced,О туре,https://enduro-vietnam.com/ru/all-tours/dalat-easy-rider-enduro-beginners,/ru/all-tours/dalat-easy-rider-enduro-beginners,internal,200,/ru/all-tours/dalat-easy-rider-enduro-beginners
/ru/all-tours/nhatrang-enduro-tour-advanced,Забронировать,https://t.me/mototourvietnam,https://t.me/mototourvietnam,external,,
/ru/all-tours/nhatrang-enduro-tour-advanced,ЗАБРОНИРОВАТЬ,https://t.me/mototourvietnam,https://t.me/mototourvietnam,external,,
/ru/all-tours/nhatrang-enduro-tour-advanced,ПОДРОБНЕЕ,https://enduro-vietnam.com/ru/tours/dalat-enduro-tour-one-day,/ru/all-tours/dalat-enduro-tour-one-day,internal,404,/ru/tours/dalat-enduro-tour-one-day
/ru/all-tours/nhatrang-enduro-tour-advanced,ЗАБРОНИРОВАТЬ,https://t.me/mototourvietnam,https://t.me/mototourvietnam,external,,
/ru/all-tours/nhatrang-enduro-tour-advanced,ПОДРОБНЕЕ,https://enduro-vietnam.com/ru/tours/dalat-enduro-tour-advanced,/ru/all-tours/dalat-enduro-tour-advanced,internal,404,/ru/tours/dalat-enduro-tour-advanced
/ru/all-tours/nhatrang-enduro-tour-advanced,ЗАБРОНИРОВАТЬ,https://t.me/mototourvietnam,https://t.me/mototourvietnam,external,,
/ru/all-tours/nhatrang-enduro-tour-advanced,ПОДРОБНЕЕ,https://enduro-vietnam.com/ru/tours/dalat-enduro-tour-two-day,/ru/all-tours/dalat-enduro-tour-two-day,internal,404,/ru/tours/dalat-enduro-tour-two-day
/ru/all-tours/nhatrang-enduro-tour-advanced,ЗАБРОНИРОВАТЬ,https://t.me/mototourvietnam,https://t.me/mototourvietnam,external,,
/ru/all-tours/nhatrang-enduro-tour-advanced,ПОДРОБНЕЕ,https://enduro-vietnam.com/ru/tours/three-day-tour-dalat-nhatrang,/ru/all-tours/three-day-tour-dalat-nhatrang,internal,404,/ru/tours/three-day-tour-dalat-nhatrang
/ru/all-tours/nhatrang-enduro-tour-advanced,ЗАБРОНИРОВАТЬ,https://t.me/mototourvietnam,https://t.me/mototourvietnam,external,,
/ru/all-tours/nhatrang-enduro-tour-advanced,ПОДРОБНЕЕ,https://enduro-vietnam.com/ru/tours/three-day-tour-dalat-muine,/ru/all-tours/three-day-tour-dalat-muine,internal,404,/ru/tours/three-day-tour-dalat-muine
/ru/all-tours/nhatrang-enduro-tour-advanced,ЗАБРОНИРОВАТЬ,https://t.me/mototourvietnam,https://t.me/mototourvietnam,external,,
/ru/all-tours/nhatrang-enduro-tour-advanced,ПОДРОБНЕЕ,https://enduro-vietnam.com/ru/tours/dalat-easy-rider-enduro-beginners,/ru/all-tours/dalat-easy-rider-enduro-beginners,internal,404,/ru/tours/dalat-easy-rider-enduro-beginners
/ru/all-tours/nhatrang-enduro-tour-advanced,Главная страница,/ru,/ru,internal,200,/ru
/ru/all-tours/nhatrang-enduro-tour-advanced,Эндуро туры в Далате,/ru/dalat,/ru/dalat,internal,200,/ru/dalat
/ru/all-tours/nhatrang-enduro-tour-advanced,Эндуро туры в Нячанге,/ru/nhatrang,/ru/nhatrang,internal,200,/ru/nhatrang
/ru/all-tours/nhatrang-enduro-tour-advanced,Эндуро туры в Дананге,/ru/danang,/ru/danang,internal,200,/ru/danang
/ru/all-tours/nhatrang-enduro-tour-advanced,Эндуро туры в Муйне,/ru/muine,/ru/muine,internal,200,/ru/muine
/ru/all-tours/nhatrang-enduro-tour-advanced,Все туры,/ru/all-tours,/ru/all-tours,internal,200,/ru/all-tours
/ru/all-tours/nhatrang-enduro-tour-advanced,Аренда скутеров Далат,/rent-motorbike-dalat,/rent-motorbike-dalat,internal,200,/rent-motorbike-dalat
/ru/all-tours/nhatrang-enduro-tour-advanced,Аренда скутеров Нячанг,ru/rent-scooter-nhatrang,/ru/rent-scooter-nhatrang,internal,404,/ru/all-tours/ru/rent-scooter-nhatrang
/ru/all-tours/nhatrang-enduro-tour-advanced,Enduro tours in Vietnam,/,/,internal,200,/
/ru/all-tours/nhatrang-enduro-tour-advanced,Dalat,/dalat,/dalat,internal,200,/dalat
/ru/all-tours/nhatrang-enduro-tour-advanced,Nha Trang,/nhatrang,/nhatrang,internal,200,/nhatrang
/ru/all-tours/nhatrang-enduro-tour-advanced,Danang,/danang,/danang,internal,200,/danang
/ru/all-tours/nhatrang-enduro-tour-advanced,Muine,/muine,/muine,internal,200,/muine
/ru/all-tours/nhatrang-enduro-tour-advanced,All tours,/all-tours,/all-tours,internal,200,/all-tours
/ru/all-tours/nhatrang-enduro-tour-advanced,Scooter rental in Dalat,/rent-motorbike-dalat,/rent-motorbike-dalat,internal,200,/rent-motorbike-dalat
/ru/all-tours/nhatrang-enduro-tour-advanced,Scooter rental in Nha Trang,/rent-scooter-nhatrang,/rent-scooter-nhatrang,internal,200,/rent-scooter-nhatrang
/ru/all-tours/nhatrang-enduro-tour-advanced,Vietnam,https://maps.app.goo.gl/hvewF4aRPsdtciud6,https://maps.app.goo.gl/hvewF4aRPsdtciud6,external,,
/ru/all-tours/nhatrang-enduro-tour-advanced,https://t.me/mototourvietnam,https://t.me/mototourvietnam,https://t.me/mototourvietnam,external,,
/ru/all-tours/nhatrang-enduro-tour-advanced,https://www.instagram.com/enduro.vietnam,https://www.instagram.com/enduro.vietnam,https://www.instagram.com/enduro.vietnam,external,,
/ru/all-tours/nhatrang-enduro-tour-advanced,https://wa.me/79994564498,https://wa.me/79994564498,https://wa.me/79994564498,external,,
/ru/all-tours/nhatrang-enduro-tour-advanced,https://t.me/mototourvietnam,https://t.me/mototourvietnam,https://t.me/mototourvietnam,external,,
/ru/all-tours/nhatrang-enduro-tour-advanced,Creatium,https://creatium.app,https://creatium.app,external,,
/ru/all-tours/nhatrang-enduro-tour-one-day,/ru,/ru,/ru,internal,200,/ru
/ru/all-tours/nhatrang-enduro-tour-one-day,Все туры,/ru/all-tours,/ru/all-tours,internal,200,/ru/all-tours
/ru/all-tours/nhatrang-enduro-tour-one-day,https://t.me/mototourvietnam,https://t.me/mototourvietnam,https://t.me/mototourvietnam,external,,
/ru/all-tours/nhatrang-enduro-tour-one-day,https://www.instagram.com/enduro.vietnam,https://www.instagram.com/enduro.vietnam,https://www.instagram.com/enduro.vietnam,external,,
/ru/all-tours/nhatrang-enduro-tour-one-day,https://wa.me/79994564498,https://wa.me/79994564498,https://wa.me/79994564498,external,,
/ru/all-tours/nhatrang-enduro-tour-one-day,Тип: Мини группа,http://,http://,external,,
/ru/all-tours/nhatrang-enduro-tour-one-day,Размер группы: 2 человека,http://,http://,external,,
/ru/all-tours/nhatrang-enduro-tour-one-day,"Длительность: 2,5 часа",http://,http://,external,,
/ru/all-tours/nhatrang-enduro-tour-one-day,"Подтверждение бронирования: запись минимум за 2 дня. Организатор подтвердит бронирование на выбранные вами дату, после чего вы внесете предоплату 30%",http://,http://,external,,
/ru/all-tours/nhatrang-enduro-tour-one-day,"Тур соло 2,5 часа $120",http://,http://,external,,
/ru/all-tours/nhatrang-enduro-tour-one-day,Есть расширенный тур,http://,http://,external,,
/ru/all-tours/nhatrang-enduro-tour-one-day,https://t.me/mototourvietnam,https://t.me/mototourvietnam,https://t.me/mototourvietnam,external,,
/ru/all-tours/nhatrang-enduro-tour-one-day,https://www.instagram.com/enduro.vietnam,https://www.instagram.com/enduro.vietnam,https://www.instagram.com/enduro.vietnam,external,,
/ru/all-tours/nhatrang-enduro-tour-one-day,https://wa.me/79994564498,https://wa.me/79994564498,https://wa.me/79994564498,external,,
/ru/all-tours/nhatrang-enduro-tour-one-day,Эндуро-Туры во Вьетнаме,/ru,/ru,internal,200,/ru
/ru/all-tours/nhatrang-enduro-tour-one-day,Все туры,/ru/all-tours,/ru/all-tours,internal,200,/ru/all-tours
/ru/all-tours/nhatrang-enduro-tour-one-day,Забронировать,https://t.me/mototourvietnam,https://t.me/mototourvietnam,external,,
/ru/all-tours/nhatrang-enduro-tour-one-day,Забронировать,https://t.me/mototourvietnam,https://t.me/mototourvietnam,external,,
/ru/all-tours/nhatrang-enduro-tour-one-day,https://t.me/mototourvietnam,https://t.me/mototourvietnam,https://t.me/mototourvietnam,external,,
/ru/all-tours/nhatrang-enduro-tour-one-day,https://www.instagram.com/enduro.vietnam,https://www.instagram.com/enduro.vietnam,https://www.instagram.com/enduro.vietnam,external,,
/ru/all-tours/nhatrang-enduro-tour-one-day,https://wa.me/79994564498,https://wa.me/79994564498,https://wa.me/79994564498,external,,
/ru/all-tours/nhatrang-enduro-tour-one-day,Эндуро-Туры во Вьетнаме,/ru,/ru,internal,200,/ru
/ru/all-tours/nhatrang-enduro-tour-one-day,Все туры,/ru/all-tours,/ru/all-tours,internal,200,/ru/all-tours
/ru/all-tours/nhatrang-enduro-tour-one-day,https://t.me/mototourvietnam,https://t.me/mototourvietnam,https://t.me/mototourvietnam,external,,
/ru/all-tours/nhatrang-enduro-tour-one-day,https://www.instagram.com/enduro.vietnam,https://www.instagram.com/enduro.vietnam,https://www.instagram.com/enduro.vietnam,external,,
/ru/all-tours/nhatrang-enduro-tour-one-day,https://wa.me/79994564498,https://wa.me/79994564498,https://wa.me/79994564498,external,,
/ru/all-tours/nhatrang-enduro-tour-one-day,https://t.me/mototourvietnam,https://t.me/mototourvietnam,https://t.me/mototourvietnam,external,,
/ru/all-tours/nhatrang-enduro-tour-one-day,https://www.instagram.com/enduro.vietnam,https://www.instagram.com/enduro.vietnam,https://www.instagram.com/enduro.vietnam,external,,
/ru/all-tours/nhatrang-enduro-tour-one-day,https://wa.me/79994564498,https://wa.me/79994564498,https://wa.me/79994564498,external,,
/ru/all-tours/nhatrang-enduro-tour-one-day,https://t.me/mototourvietnam,https://t.me/mototourvietnam,https://t.me/mototourvietnam,external,,
/ru/all-tours/nhatrang-enduro-tour-one-day,https://www.instagram.com/enduro.vietnam,https://www.instagram.com/enduro.vietnam,https://www.instagram.com/enduro.vietnam,external,,
/ru/all-tours/nhatrang-enduro-tour-one-day,https://wa.me/79994564498,https://wa.me/79994564498,https://wa.me/79994564498,external,,
/ru/all-tours/nhatrang-enduro-tour-one-day,https://t.me/mototourvietnam,https://t.me/mototourvietnam,https://t.me/mototourvietnam,external,,
/ru/all-tours/nhatrang-enduro-tour-one-day,https://www.instagram.com/enduro.vietnam,https://www.instagram.com/enduro.vietnam,https://www.instagram.com/enduro.vietnam,external,,
/ru/all-tours/nhatrang-enduro-tour-one-day,https://wa.me/79994564498,https://wa.me/79994564498,https://wa.me/79994564498,external,,
/ru/all-tours/nhatrang-enduro-tour-one-day,https://t.me/mototourvietnam,https://t.me/mototourvietnam,https://t.me/mototourvietnam,external,,
/ru/all-tours/nhatrang-enduro-tour-one-day,https://www.instagram.com/enduro.vietnam,https://www.instagram.com/enduro.vietnam,https://www.instagram.com/enduro.vietnam,external,,
/ru/all-tours/nhatrang-enduro-tour-one-day,https://wa.me/79994564498,https://wa.me/79994564498,https://wa.me/79994564498,external,,
/ru/all-tours/nhatrang-enduro-tour-one-day,Забронировать,https://t.me/mototourvietnam,https://t.me/mototourvietnam,external,,
/ru/all-tours/nhatrang-enduro-tour-one-day,О туре,https://enduro-vietnam.com/ru/all-tours/dalat-enduro-tour-one-day,/ru/all-tours/dalat-enduro-tour-one-day,internal,200,/ru/all-tours/dalat-enduro-tour-one-day
/ru/all-tours/nhatrang-enduro-tour-one-day,О туре,https://enduro-vietnam.com/ru/all-tours/dalat-enduro-tour-advanced,/ru/all-tours/dalat-enduro-tour-advanced,internal,200,/ru/all-tours/dalat-enduro-tour-advanced
/ru/all-tours/nhatrang-enduro-tour-one-day,О туре,https://enduro-vietnam.com/ru/all-tours/dalat-enduro-tour-two-day,/ru/all-tours/dalat-enduro-tour-two-day,internal,200,/ru/all-tours/dalat-enduro-tour-two-day
/ru/all-tours/nhatrang-enduro-tour-one-day,О туре,https://enduro-vietnam.com/ru/all-tours/three-day-tour-dalat-nhatrang,/ru/all-tours/three-day-tour-dalat-nhatrang,internal,200,/ru/all-tours/three-day-tour-dalat-nhatrang
/ru/all-tours/nhatrang-enduro-tour-one-day,О туре,https://enduro-vietnam.com/ru/all-tours/three-day-tour-dalat-muine,/ru/all-tours/three-day-tour-dalat-muine,internal,200,/ru/all-tours/three-day-tour-dalat-muine
/ru/all-tours/nhatrang-enduro-tour-one-day,О туре,https://enduro-vietnam.com/ru/all-tours/dalat-easy-rider-enduro-beginners,/ru/all-tours/dalat-easy-rider-enduro-beginners,internal,200,/ru/all-tours/dalat-easy-rider-enduro-beginners
/ru/all-tours/nhatrang-enduro-tour-one-day,Забронировать,https://t.me/mototourvietnam,https://t.me/mototourvietnam,external,,
/ru/all-tours/nhatrang-enduro-tour-one-day,ЗАБРОНИРОВАТЬ,https://t.me/mototourvietnam,https://t.me/mototourvietnam,external,,
/ru/all-tours/nhatrang-enduro-tour-one-day,ПОДРОБНЕЕ,https://enduro-vietnam.com/ru/tours/dalat-enduro-tour-one-day,/ru/all-tours/dalat-enduro-tour-one-day,internal,404,/ru/tours/dalat-enduro-tour-one-day
/ru/all-tours/nhatrang-enduro-tour-one-day,ЗАБРОНИРОВАТЬ,https://t.me/mototourvietnam,https://t.me/mototourvietnam,external,,
/ru/all-tours/nhatrang-enduro-tour-one-day,ПОДРОБНЕЕ,https://enduro-vietnam.com/ru/tours/dalat-enduro-tour-advanced,/ru/all-tours/dalat-enduro-tour-advanced,internal,404,/ru/tours/dalat-enduro-tour-advanced
/ru/all-tours/nhatrang-enduro-tour-one-day,ЗАБРОНИРОВАТЬ,https://t.me/mototourvietnam,https://t.me/mototourvietnam,external,,
/ru/all-tours/nhatrang-enduro-tour-one-day,ПОДРОБНЕЕ,https://enduro-vietnam.com/ru/tours/dalat-enduro-tour-two-day,/ru/all-tours/dalat-enduro-tour-two-day,internal,404,/ru/tours/dalat-enduro-tour-two-day
/ru/all-tours/nhatrang-enduro-tour-one-day,ЗАБРОНИРОВАТЬ,https://t.me/mototourvietnam,https://t.me/mototourvietnam,external,,
/ru/all-tours/nhatrang-enduro-tour-one-day,ПОДРОБНЕЕ,https://enduro-vietnam.com/ru/tours/three-day-tour-dalat-nhatrang,/ru/all-tours/three-day-tour-dalat-nhatrang,internal,404,/ru/tours/three-day-tour-dalat-nhatrang
/ru/all-tours/nhatrang-enduro-tour-one-day,ЗАБРОНИРОВАТЬ,https://t.me/mototourvietnam,https://t.me/mototourvietnam,external,,
/ru/all-tours/nhatrang-enduro-tour-one-day,ПОДРОБНЕЕ,https://enduro-vietnam.com/ru/tours/three-day-tour-dalat-muine,/ru/all-tours/three-day-tour-dalat-muine,internal,404,/ru/tours/three-day-tour-dalat-muine
/ru/all-tours/nhatrang-enduro-tour-one-day,ЗАБРОНИРОВАТЬ,https://t.me/mototourvietnam,https://t.me/mototourvietnam,external,,
/ru/all-tours/nhatrang-enduro-tour-one-day,ПОДРОБНЕЕ,https://enduro-vietnam.com/ru/tours/dalat-easy-rider-enduro-beginners,/ru/all-tours/dalat-easy-rider-enduro-beginners,internal,404,/ru/tours/dalat-easy-rider-enduro-beginners
/ru/all-tours/nhatrang-enduro-tour-one-day,Главная страница,/ru,/ru,internal,200,/ru
/ru/all-tours/nhatrang-enduro-tour-one-day,Эндуро туры в Далате,/ru/dalat,/ru/dalat,internal,200,/ru/dalat
/ru/all-tours/nhatrang-enduro-tour-one-day,Эндуро туры в Нячанге,/ru/nhatrang,/ru/nhatrang,internal,200,/ru/nhatrang
/ru/all-tours/nhatrang-enduro-tour-one-day,Эндуро туры в Дананге,/ru/danang,/ru/danang,internal,200,/ru/danang
/ru/all-tours/nhatrang-enduro-tour-one-day,Эндуро туры в Муйне,/ru/muine,/ru/muine,internal,200,/ru/muine
/ru/all-tours/nhatrang-enduro-tour-one-day,Все туры,/ru/all-tours,/ru/all-tours,internal,200,/ru/all-tours
/ru/all-tours/nhatrang-enduro-tour-one-day,Аренда скутеров Далат,/rent-motorbike-dalat,/rent-motorbike-dalat,internal,200,/rent-motorbike-dalat
/ru/all-tours/nhatrang-enduro-tour-one-day,Аренда скутеров Нячанг,ru/rent-scooter-nhatrang,/ru/rent-scooter-nhatrang,internal,404,/ru/all-tours/ru/rent-scooter-nhatrang
/ru/all-tours/nhatrang-enduro-tour-one-day,Enduro tours in Vietnam,/,/,internal,200,/
/ru/all-tours/nhatrang-enduro-tour-one-day,Dalat,/dalat,/dalat,internal,200,/dalat
/ru/all-tours/nhatrang-enduro-tour-one-day,Nha Trang,/nhatrang,/nhatrang,internal,200,/nhatrang
/ru/all-tours/nhatrang-enduro-tour-one-day,Danang,/danang,/danang,internal,200,/danang
/ru/all-tours/nhatrang-enduro-tour-one-day,Muine,/muine,/muine,internal,200,/muine
/ru/all-tours/nhatrang-enduro-tour-one-day,All tours,/all-tours,/all-tours,internal,200,/all-tours
/ru/all-tours/nhatrang-enduro-tour-one-day,Scooter rental in Dalat,/rent-motorbike-dalat,/rent-motorbike-dalat,internal,200,/rent-motorbike-dalat
/ru/all-tours/nhatrang-enduro-tour-one-day,Scooter rental in Nha Trang,/rent-scooter-nhatrang,/rent-scooter-nhatrang,internal,200,/rent-scooter-nhatrang
/ru/all-tours/nhatrang-enduro-tour-one-day,Vietnam,https://maps.app.goo.gl/hvewF4aRPsdtciud6,https://maps.app.goo.gl/hvewF4aRPsdtciud6,external,,
/ru/all-tours/nhatrang-enduro-tour-one-day,https://t.me/mototourvietnam,https://t.me/mototourvietnam,https://t.me/mototourvietnam,external,,
/ru/all-tours/nhatrang-enduro-tour-one-day,https://www.instagram.com/enduro.vietnam,https://www.instagram.com/enduro.vietnam,https://www.instagram.com/enduro.vietnam,external,,
/ru/all-tours/nhatrang-enduro-tour-one-day,https://wa.me/79994564498,https://wa.me/79994564498,https://wa.me/79994564498,external,,
/ru/all-tours/nhatrang-enduro-tour-one-day,https://t.me/mototourvietnam,https://t.me/mototourvietnam,https://t.me/mototourvietnam,external,,
/ru/all-tours/nhatrang-enduro-tour-one-day,Creatium,https://creatium.app,https://creatium.app,external,,
/ru/all-tours/saigon-motorbike-tour-10-days,/ru,/ru,/ru,internal,200,/ru
/ru/all-tours/saigon-motorbike-tour-10-days,Все туры,/ru/all-tours,/ru/all-tours,internal,200,/ru/all-tours
/ru/all-tours/saigon-motorbike-tour-10-days,https://t.me/mototourvietnam,https://t.me/mototourvietnam,https://t.me/mototourvietnam,external,,
/ru/all-tours/saigon-motorbike-tour-10-days,https://www.instagram.com/enduro.vietnam,https://www.instagram.com/enduro.vietnam,https://www.instagram.com/enduro.vietnam,external,,
/ru/all-tours/saigon-motorbike-tour-10-days,https://wa.me/79994564498,https://wa.me/79994564498,https://wa.me/79994564498,external,,
/ru/all-tours/saigon-motorbike-tour-10-days,Тип: Мини группа,http://,http://,external,,
/ru/all-tours/saigon-motorbike-tour-10-days,Размер группы: 4 человека,http://,http://,external,,
/ru/all-tours/saigon-motorbike-tour-10-days,Длительность: 10 дней,http://,http://,external,,
/ru/all-tours/saigon-motorbike-tour-10-days,"Подтверждение бронирования: запись минимум за 2 дня. Организатор подтвердит бронирование на выбранные вами дату, после чего вы внесете предоплату 30%",http://,http://,external,,
/ru/all-tours/saigon-motorbike-tour-10-days,Тур соло 10 дней $2000,http://,http://,external,,
/ru/all-tours/saigon-motorbike-tour-10-days,Есть расширенный тур,http://,http://,external,,
/ru/all-tours/saigon-motorbike-tour-10-days,https://t.me/mototourvietnam,https://t.me/mototourvietnam,https://t.me/mototourvietnam,external,,
/ru/all-tours/saigon-motorbike-tour-10-days,https://www.instagram.com/enduro.vietnam,https://www.instagram.com/enduro.vietnam,https://www.instagram.com/enduro.vietnam,external,,
/ru/all-tours/saigon-motorbike-tour-10-days,https://wa.me/79994564498,https://wa.me/79994564498,https://wa.me/79994564498,external,,
/ru/all-tours/saigon-motorbike-tour-10-days,Эндуро-Туры во Вьетнаме,/ru,/ru,internal,200,/ru
/ru/all-tours/saigon-motorbike-tour-10-days,Все туры,/ru/all-tours,/ru/all-tours,internal,200,/ru/all-tours
/ru/all-tours/saigon-motorbike-tour-10-days,Забронировать,https://t.me/mototourvietnam,https://t.me/mototourvietnam,external,,
/ru/all-tours/saigon-motorbike-tour-10-days,Забронировать,https://t.me/mototourvietnam,https://t.me/mototourvietnam,external,,
/ru/all-tours/saigon-motorbike-tour-10-days,https://t.me/mototourvietnam,https://t.me/mototourvietnam,https://t.me/mototourvietnam,external,,
/ru/all-tours/saigon-motorbike-tour-10-days,https://www.instagram.com/enduro.vietnam,https://www.instagram.com/enduro.vietnam,https://www.instagram.com/enduro.vietnam,external,,
/ru/all-tours/saigon-motorbike-tour-10-days,https://wa.me/79994564498,https://wa.me/79994564498,https://wa.me/79994564498,external,,
/ru/all-tours/saigon-motorbike-tour-10-days,Эндуро-Туры во Вьетнаме,/ru,/ru,internal,200,/ru
/ru/all-tours/saigon-motorbike-tour-10-days,Все туры,/ru/all-tours,/ru/all-tours,internal,200,/ru/all-tours
/ru/all-tours/saigon-motorbike-tour-10-days,https://t.me/mototourvietnam,https://t.me/mototourvietnam,https://t.me/mototourvietnam,external,,
/ru/all-tours/saigon-motorbike-tour-10-days,https://www.instagram.com/enduro.vietnam,https://www.instagram.com/enduro.vietnam,https://www.instagram.com/enduro.vietnam,external,,
/ru/all-tours/saigon-motorbike-tour-10-days,https://wa.me/79994564498,https://wa.me/79994564498,https://wa.me/79994564498,external,,
/ru/all-tours/saigon-motorbike-tour-10-days,https://t.me/mototourvietnam,https://t.me/mototourvietnam,https://t.me/mototourvietnam,external,,
/ru/all-tours/saigon-motorbike-tour-10-days,https://www.instagram.com/enduro.vietnam,https://www.instagram.com/enduro.vietnam,https://www.instagram.com/enduro.vietnam,external,,
/ru/all-tours/saigon-motorbike-tour-10-days,https://wa.me/79994564498,https://wa.me/79994564498,https://wa.me/79994564498,external,,
/ru/all-tours/saigon-motorbike-tour-10-days,https://t.me/mototourvietnam,https://t.me/mototourvietnam,https://t.me/mototourvietnam,external,,
/ru/all-tours/saigon-motorbike-tour-10-days,https://www.instagram.com/enduro.vietnam,https://www.instagram.com/enduro.vietnam,https://www.instagram.com/enduro.vietnam,external,,
/ru/all-tours/saigon-motorbike-tour-10-days,https://wa.me/79994564498,https://wa.me/79994564498,https://wa.me/79994564498,external,,
/ru/all-tours/saigon-motorbike-tour-10-days,https://t.me/mototourvietnam,https://t.me/mototourvietnam,https://t.me/mototourvietnam,external,,
/ru/all-tours/saigon-motorbike-tour-10-days,https://www.instagram.com/enduro.vietnam,https://www.instagram.com/enduro.vietnam,https://www.instagram.com/enduro.vietnam,external,,
/ru/all-tours/saigon-motorbike-tour-10-days,https://wa.me/79994564498,https://wa.me/79994564498,https://wa.me/79994564498,external,,
/ru/all-tours/saigon-motorbike-tour-10-days,https://t.me/mototourvietnam,https://t.me/mototourvietnam,https://t.me/mototourvietnam,external,,
/ru/all-tours/saigon-motorbike-tour-10-days,https://www.instagram.com/enduro.vietnam,https://www.instagram.com/enduro.vietnam,https://www.instagram.com/enduro.vietnam,external,,
/ru/all-tours/saigon-motorbike-tour-10-days,https://wa.me/79994564498,https://wa.me/79994564498,https://wa.me/79994564498,external,,
/ru/all-tours/saigon-motorbike-tour-10-days,Забронировать,https://t.me/mototourvietnam,https://t.me/mototourvietnam,external,,
/ru/all-tours/saigon-motorbike-tour-10-days,О туре,https://enduro-vietnam.com/ru/all-tours/dalat-enduro-tour-one-day,/ru/all-tours/dalat-enduro-tour-one-day,internal,200,/ru/all-tours/dalat-enduro-tour-one-day
/ru/all-tours/saigon-motorbike-tour-10-days,О туре,https://enduro-vietnam.com/ru/all-tours/dalat-enduro-tour-advanced,/ru/all-tours/dalat-enduro-tour-advanced,internal,200,/ru/all-tours/dalat-enduro-tour-advanced
/ru/all-tours/saigon-motorbike-tour-10-days,О туре,https://enduro-vietnam.com/ru/all-tours/dalat-enduro-tour-two-day,/ru/all-tours/dalat-enduro-tour-two-day,internal,200,/ru/all-tours/dalat-enduro-tour-two-day
/ru/all-tours/saigon-motorbike-tour-10-days,О туре,https://enduro-vietnam.com/ru/all-tours/three-day-tour-dalat-nhatrang,/ru/all-tours/three-day-tour-dalat-nhatrang,internal,200,/ru/all-tours/three-day-tour-dalat-nhatrang
/ru/all-tours/saigon-motorbike-tour-10-days,О туре,https://enduro-vietnam.com/ru/all-tours/three-day-tour-dalat-muine,/ru/all-tours/three-day-tour-dalat-muine,internal,200,/ru/all-tours/three-day-tour-dalat-muine
/ru/all-tours/saigon-motorbike-tour-10-days,О туре,https://enduro-vietnam.com/ru/all-tours/dalat-easy-rider-enduro-beginners,/ru/all-tours/dalat-easy-rider-enduro-beginners,internal,200,/ru/all-tours/dalat-easy-rider-enduro-beginners
/ru/all-tours/saigon-motorbike-tour-10-days,Забронировать,https://t.me/mototourvietnam,https://t.me/mototourvietnam,external,,
/ru/all-tours/saigon-motorbike-tour-10-days,ЗАБРОНИРОВАТЬ,https://t.me/mototourvietnam,https://t.me/mototourvietnam,external,,
/ru/all-tours/saigon-motorbike-tour-10-days,ПОДРОБНЕЕ,https://enduro-vietnam.com/ru/tours/dalat-enduro-tour-one-day,/ru/all-tours/dalat-enduro-tour-one-day,internal,404,/ru/tours/dalat-enduro-tour-one-day
/ru/all-tours/saigon-motorbike-tour-10-days,ЗАБРОНИРОВАТЬ,https://t.me/mototourvietnam,https://t.me/mototourvietnam,external,,
/ru/all-tours/saigon-motorbike-tour-10-days,ПОДРОБНЕЕ,https://enduro-vietnam.com/ru/tours/dalat-enduro-tour-advanced,/ru/all-tours/dalat-enduro-tour-advanced,internal,404,/ru/tours/dalat-enduro-tour-advanced
/ru/all-tours/saigon-motorbike-tour-10-days,ЗАБРОНИРОВАТЬ,https://t.me/mototourvietnam,https://t.me/mototourvietnam,external,,
/ru/all-tours/saigon-motorbike-tour-10-days,ПОДРОБНЕЕ,https://enduro-vietnam.com/ru/tours/dalat-enduro-tour-two-day,/ru/all-tours/dalat-enduro-tour-two-day,internal,404,/ru/tours/dalat-enduro-tour-two-day
/ru/all-tours/saigon-motorbike-tour-10-days,ЗАБРОНИРОВАТЬ,https://t.me/mototourvietnam,https://t.me/mototourvietnam,external,,
/ru/all-tours/saigon-motorbike-tour-10-days,ПОДРОБНЕЕ,https://enduro-vietnam.com/ru/tours/three-day-tour-dalat-nhatrang,/ru/all-tours/three-day-tour-dalat-nhatrang,internal,404,/ru/tours/three-day-tour-dalat-nhatrang
/ru/all-tours/saigon-motorbike-tour-10-days,ЗАБРОНИРОВАТЬ,https://t.me/mototourvietnam,https://t.me/mototourvietnam,external,,
/ru/all-tours/saigon-motorbike-tour-10-days,ПОДРОБНЕЕ,https://enduro-vietnam.com/ru/tours/three-day-tour-dalat-muine,/ru/all-tours/three-day-tour-dalat-muine,internal,404,/ru/tours/three-day-tour-dalat-muine
/ru/all-tours/saigon-motorbike-tour-10-days,ЗАБРОНИРОВАТЬ,https://t.me/mototourvietnam,https://t.me/mototourvietnam,external,,
/ru/all-tours/saigon-motorbike-tour-10-days,ПОДРОБНЕЕ,https://enduro-vietnam.com/ru/tours/dalat-easy-rider-enduro-beginners,/ru/all-tours/dalat-easy-rider-enduro-beginners,internal,404,/ru/tours/dalat-easy-rider-enduro-beginners
/ru/all-tours/saigon-motorbike-tour-10-days,Главная страница,/ru,/ru,internal,200,/ru
/ru/all-tours/saigon-motorbike-tour-10-days,Эндуро туры в Далате,/ru/dalat,/ru/dalat,internal,200,/ru/dalat
/ru/all-tours/saigon-motorbike-tour-10-days,Эндуро туры в Нячанге,/ru/nhatrang,/ru/nhatrang,internal,200,/ru/nhatrang
/ru/all-tours/saigon-motorbike-tour-10-days,Эндуро туры в Дананге,/ru/danang,/ru/danang,internal,200,/ru/danang
/ru/all-tours/saigon-motorbike-tour-10-days,Эндуро туры в Муйне,/ru/muine,/ru/muine,internal,200,/ru/muine
/ru/all-tours/saigon-motorbike-tour-10-days,Все туры,/ru/all-tours,/ru/all-tours,internal,200,/ru/all-tours
/ru/all-tours/saigon-motorbike-tour-10-days,Аренда скутеров Далат,/rent-motorbike-dalat,/rent-motorbike-dalat,internal,200,/rent-motorbike-dalat
/ru/all-tours/saigon-motorbike-tour-10-days,Аренда скутеров Нячанг,ru/rent-scooter-nhatrang,/ru/rent-scooter-nhatrang,internal,404,/ru/all-tours/ru/rent-scooter-nhatrang
/ru/all-tours/saigon-motorbike-tour-10-days,Enduro tours in Vietnam,/,/,internal,200,/
/ru/all-tours/saigon-motorbike-tour-10-days,Dalat,/dalat,/dalat,internal,200,/dalat
/ru/all-tours/saigon-motorbike-tour-10-days,Nha Trang,/nhatrang,/nhatrang,internal,200,/nhatrang
/ru/all-tours/saigon-motorbike-tour-10-days,Danang,/danang,/danang,internal,200,/danang
/ru/all-tours/saigon-motorbike-tour-10-days,Muine,/muine,/muine,internal,200,/muine
/ru/all-tours/saigon-motorbike-tour-10-days,All tours,/all-tours,/all-tours,internal,200,/all-tours
/ru/all-tours/saigon-motorbike-tour-10-days,Scooter rental in Dalat,/rent-motorbike-dalat,/rent-motorbike-dalat,internal,200,/rent-motorbike-dalat
/ru/all-tours/saigon-motorbike-tour-10-days,Scooter rental in Nha Trang,/rent-scooter-nhatrang,/rent-scooter-nhatrang,internal,200,/rent-scooter-nhatrang
/ru/all-tours/saigon-motorbike-tour-10-days,Vietnam,https://maps.app.goo.gl/hvewF4aRPsdtciud6,https://maps.app.goo.gl/hvewF4aRPsdtciud6,external,,
/ru/all-tours/saigon-motorbike-tour-10-days,https://t.me/mototourvietnam,https://t.me/mototourvietnam,https://t.me/mototourvietnam,external,,
/ru/all-tours/saigon-motorbike-tour-10-days,https://www.instagram.com/enduro.vietnam,https://www.instagram.com/enduro.vietnam,https://www.instagram.com/enduro.vietnam,external,,
/ru/all-tours/saigon-motorbike-tour-10-days,https://wa.me/79994564498,https://wa.me/79994564498,https://wa.me/79994564498,external,,
/ru/all-tours/saigon-motorbike-tour-10-days,https://t.me/mototourvietnam,https://t.me/mototourvietnam,https://t.me/mototourvietnam,external,,
/ru/all-tours/saigon-motorbike-tour-10-days,Creatium,https://creatium.app,https://creatium.app,external,,
/ru/all-tours/south-vietnam-motorbike-tour-7-days,/ru,/ru,/ru,internal,200,/ru
/ru/all-tours/south-vietnam-motorbike-tour-7-days,Все туры,/ru/all-tours,/ru/all-tours,internal,200,/ru/all-tours
/ru/all-tours/south-vietnam-motorbike-tour-7-days,https://t.me/mototourvietnam,https://t.me/mototourvietnam,https://t.me/mototourvietnam,external,,
/ru/all-tours/south-vietnam-motorbike-tour-7-days,https://www.instagram.com/enduro.vietnam,https://www.instagram.com/enduro.vietnam,https://www.instagram.com/enduro.vietnam,external,,
/ru/all-tours/south-vietnam-motorbike-tour-7-days,https://wa.me/79994564498,https://wa.me/79994564498,https://wa.me/79994564498,external,,
/ru/all-tours/south-vietnam-motorbike-tour-7-days,Тип: Мини группа,http://,http://,external,,
/ru/all-tours/south-vietnam-motorbike-tour-7-days,Размер группы: 4 человека,http://,http://,external,,
/ru/all-tours/south-vietnam-motorbike-tour-7-days,Длительность: 7 дней,http://,http://,external,,
/ru/all-tours/south-vietnam-motorbike-tour-7-days,"Подтверждение бронирования: запись минимум за 2 дня. Организатор подтвердит бронирование на выбранные вами дату, после чего вы внесете предоплату 30%",http://,http://,external,,
/ru/all-tours/south-vietnam-motorbike-tour-7-days,Тур соло 7 дней $1780,http://,http://,external,,
/ru/all-tours/south-vietnam-motorbike-tour-7-days,Есть расширенный тур,http://,http://,external,,
/ru/all-tours/south-vietnam-motorbike-tour-7-days,https://t.me/mototourvietnam,https://t.me/mototourvietnam,https://t.me/mototourvietnam,external,,
/ru/all-tours/south-vietnam-motorbike-tour-7-days,https://www.instagram.com/enduro.vietnam,https://www.instagram.com/enduro.vietnam,https://www.instagram.com/enduro.vietnam,external,,
/ru/all-tours/south-vietnam-motorbike-tour-7-days,https://wa.me/79994564498,https://wa.me/79994564498,https://wa.me/79994564498,external,,
/ru/all-tours/south-vietnam-motorbike-tour-7-days,Эндуро-Туры во Вьетнаме,/ru,/ru,internal,200,/ru
/ru/all-tours/south-vietnam-motorbike-tour-7-days,Все туры,/ru/all-tours,/ru/all-tours,internal,200,/ru/all-tours
/ru/all-tours/south-vietnam-motorbike-tour-7-days,Забронировать,https://t.me/mototourvietnam,https://t.me/mototourvietnam,external,,
/ru/all-tours/south-vietnam-motorbike-tour-7-days,Забронировать,https://t.me/mototourvietnam,https://t.me/mototourvietnam,external,,
/ru/all-tours/south-vietnam-motorbike-tour-7-days,https://t.me/mototourvietnam,https://t.me/mototourvietnam,https://t.me/mototourvietnam,external,,
/ru/all-tours/south-vietnam-motorbike-tour-7-days,https://www.instagram.com/enduro.vietnam,https://www.instagram.com/enduro.vietnam,https://www.instagram.com/enduro.vietnam,external,,
/ru/all-tours/south-vietnam-motorbike-tour-7-days,https://wa.me/79994564498,https://wa.me/79994564498,https://wa.me/79994564498,external,,
/ru/all-tours/south-vietnam-motorbike-tour-7-days,Эндуро-Туры во Вьетнаме,/ru,/ru,internal,200,/ru
/ru/all-tours/south-vietnam-motorbike-tour-7-days,Все туры,/ru/all-tours,/ru/all-tours,internal,200,/ru/all-tours
/ru/all-tours/south-vietnam-motorbike-tour-7-days,https://t.me/mototourvietnam,https://t.me/mototourvietnam,https://t.me/mototourvietnam,external,,
/ru/all-tours/south-vietnam-motorbike-tour-7-days,https://www.instagram.com/enduro.vietnam,https://www.instagram.com/enduro.vietnam,https://www.instagram.com/enduro.vietnam,external,,
/ru/all-tours/south-vietnam-motorbike-tour-7-days,https://wa.me/79994564498,https://wa.me/79994564498,https://wa.me/79994564498,external,,
/ru/all-tours/south-vietnam-motorbike-tour-7-days,https://t.me/mototourvietnam,https://t.me/mototourvietnam,https://t.me/mototourvietnam,external,,
/ru/all-tours/south-vietnam-motorbike-tour-7-days,https://www.instagram.com/enduro.vietnam,https://www.instagram.com/enduro.vietnam,https://www.instagram.com/enduro.vietnam,external,,
/ru/all-tours/south-vietnam-motorbike-tour-7-days,https://wa.me/79994564498,https://wa.me/79994564498,https://wa.me/79994564498,external,,
/ru/all-tours/south-vietnam-motorbike-tour-7-days,https://t.me/mototourvietnam,https://t.me/mototourvietnam,https://t.me/mototourvietnam,external,,
/ru/all-tours/south-vietnam-motorbike-tour-7-days,https://www.instagram.com/enduro.vietnam,https://www.instagram.com/enduro.vietnam,https://www.instagram.com/enduro.vietnam,external,,
/ru/all-tours/south-vietnam-motorbike-tour-7-days,https://wa.me/79994564498,https://wa.me/79994564498,https://wa.me/79994564498,external,,
/ru/all-tours/south-vietnam-motorbike-tour-7-days,https://t.me/mototourvietnam,https://t.me/mototourvietnam,https://t.me/mototourvietnam,external,,
/ru/all-tours/south-vietnam-motorbike-tour-7-days,https://www.instagram.com/enduro.vietnam,https://www.instagram.com/enduro.vietnam,https://www.instagram.com/enduro.vietnam,external,,
/ru/all-tours/south-vietnam-motorbike-tour-7-days,https://wa.me/79994564498,https://wa.me/79994564498,https://wa.me/79994564498,external,,
/ru/all-tours/south-vietnam-motorbike-tour-7-days,https://t.me/mototourvietnam,https://t.me/mototourvietnam,https://t.me/mototourvietnam,external,,
/ru/all-tours/south-vietnam-motorbike-tour-7-days,https://www.instagram.com/enduro.vietnam,https://www.instagram.com/enduro.vietnam,https://www.instagram.com/enduro.vietnam,external,,
/ru/all-tours/south-vietnam-motorbike-tour-7-days,https://wa.me/79994564498,https://wa.me/79994564498,https://wa.me/79994564498,external,,
/ru/all-tours/south-vietnam-motorbike-tour-7-days,Забронировать,https://t.me/mototourvietnam,https://t.me/mototourvietnam,external,,
/ru/all-tours/south-vietnam-motorbike-tour-7-days,О туре,https://enduro-vietnam.com/ru/all-tours/dalat-enduro-tour-one-day,/ru/all-tours/dalat-enduro-tour-one-day,internal,200,/ru/all-tours/dalat-enduro-tour-one-day
/ru/all-tours/south-vietnam-motorbike-tour-7-days,О туре,https://enduro-vietnam.com/ru/all-tours/dalat-enduro-tour-advanced,/ru/all-tours/dalat-enduro-tour-advanced,internal,200,/ru/all-tours/dalat-enduro-tour-advanced
/ru/all-tours/south-vietnam-motorbike-tour-7-days,О туре,https://enduro-vietnam.com/ru/all-tours/dalat-enduro-tour-two-day,/ru/all-tours/dalat-enduro-tour-two-day,internal,200,/ru/all-tours/dalat-enduro-tour-two-day
/ru/all-tours/south-vietnam-motorbike-tour-7-days,О туре,https://enduro-vietnam.com/ru/all-tours/three-day-tour-dalat-nhatrang,/ru/all-tours/three-day-tour-dalat-nhatrang,internal,200,/ru/all-tours/three-day-tour-dalat-nhatrang
/ru/all-tours/south-vietnam-motorbike-tour-7-days,О туре,https://enduro-vietnam.com/ru/all-tours/three-day-tour-dalat-muine,/ru/all-tours/three-day-tour-dalat-muine,internal,200,/ru/all-tours/three-day-tour-dalat-muine
/ru/all-tours/south-vietnam-motorbike-tour-7-days,О туре,https://enduro-vietnam.com/ru/all-tours/dalat-easy-rider-enduro-beginners,/ru/all-tours/dalat-easy-rider-enduro-beginners,internal,200,/ru/all-tours/dalat-easy-rider-enduro-beginners
/ru/all-tours/south-vietnam-motorbike-tour-7-days,Забронировать,https://t.me/mototourvietnam,https://t.me/mototourvietnam,external,,
/ru/all-tours/south-vietnam-motorbike-tour-7-days,ЗАБРОНИРОВАТЬ,https://t.me/mototourvietnam,https://t.me/mototourvietnam,external,,
/ru/all-tours/south-vietnam-motorbike-tour-7-days,ПОДРОБНЕЕ,https://enduro-vietnam.com/ru/tours/dalat-enduro-tour-one-day,/ru/all-tours/dalat-enduro-tour-one-day,internal,404,/ru/tours/dalat-enduro-tour-one-day
/ru/all-tours/south-vietnam-motorbike-tour-7-days,ЗАБРОНИРОВАТЬ,https://t.me/mototourvietnam,https://t.me/mototourvietnam,external,,
/ru/all-tours/south-vietnam-motorbike-tour-7-days,ПОДРОБНЕЕ,https://enduro-vietnam.com/ru/tours/dalat-enduro-tour-advanced,/ru/all-tours/dalat-enduro-tour-advanced,internal,404,/ru/tours/dalat-enduro-tour-advanced
/ru/all-tours/south-vietnam-motorbike-tour-7-days,ЗАБРОНИРОВАТЬ,https://t.me/mototourvietnam,https://t.me/mototourvietnam,external,,
/ru/all-tours/south-vietnam-motorbike-tour-7-days,ПОДРОБНЕЕ,https://enduro-vietnam.com/ru/tours/dalat-enduro-tour-two-day,/ru/all-tours/dalat-enduro-tour-two-day,internal,404,/ru/tours/dalat-enduro-tour-two-day
/ru/all-tours/south-vietnam-motorbike-tour-7-days,ЗАБРОНИРОВАТЬ,https://t.me/mototourvietnam,https://t.me/mototourvietnam,external,,
/ru/all-tours/south-vietnam-motorbike-tour-7-days,ПОДРОБНЕЕ,https://enduro-vietnam.com/ru/tours/three-day-tour-dalat-nhatrang,/ru/all-tours/three-day-tour-dalat-nhatrang,internal,404,/ru/tours/three-day-tour-dalat-nhatrang
/ru/all-tours/south-vietnam-motorbike-tour-7-days,ЗАБРОНИРОВАТЬ,https://t.me/mototourvietnam,https://t.me/mototourvietnam,external,,
/ru/all-tours/south-vietnam-motorbike-tour-7-days,ПОДРОБНЕЕ,https://enduro-vietnam.com/ru/tours/three-day-tour-dalat-muine,/ru/all-tours/three-day-tour-dalat-muine,internal,404,/ru/tours/three-day-tour-dalat-muine
/ru/all-tours/south-vietnam-motorbike-tour-7-days,ЗАБРОНИРОВАТЬ,https://t.me/mototourvietnam,https://t.me/mototourvietnam,external,,
/ru/all-tours/south-vietnam-motorbike-tour-7-days,ПОДРОБНЕЕ,https://enduro-vietnam.com/ru/tours/dalat-easy-rider-enduro-beginners,/ru/all-tours/dalat-easy-rider-enduro-beginners,internal,404,/ru/tours/dalat-easy-rider-enduro-beginners
/ru/all-tours/south-vietnam-motorbike-tour-7-days,Главная страница,/ru,/ru,internal,200,/ru
/ru/all-tours/south-vietnam-motorbike-tour-7-days,Эндуро туры в Далате,/ru/dalat,/ru/dalat,internal,200,/ru/dalat
/ru/all-tours/south-vietnam-motorbike-tour-7-days,Эндуро туры в Нячанге,/ru/nhatrang,/ru/nhatrang,internal,200,/ru/nhatrang
/ru/all-tours/south-vietnam-motorbike-tour-7-days,Эндуро туры в Дананге,/ru/danang,/ru/danang,internal,200,/ru/danang
/ru/all-tours/south-vietnam-motorbike-tour-7-days,Эндуро туры в Муйне,/ru/muine,/ru/muine,internal,200,/ru/muine
/ru/all-tours/south-vietnam-motorbike-tour-7-days,Все туры,/ru/all-tours,/ru/all-tours,internal,200,/ru/all-tours
/ru/all-tours/south-vietnam-motorbike-tour-7-days,Аренда скутеров Далат,/rent-motorbike-dalat,/rent-motorbike-dalat,internal,200,/rent-motorbike-dalat
/ru/all-tours/south-vietnam-motorbike-tour-7-days,Аренда скутеров Нячанг,ru/rent-scooter-nhatrang,/ru/rent-scooter-nhatrang,internal,404,/ru/all-tours/ru/rent-scooter-nhatrang
/ru/all-tours/south-vietnam-motorbike-tour-7-days,Enduro tours in Vietnam,/,/,internal,200,/
/ru/all-tours/south-vietnam-motorbike-tour-7-days,Dalat,/dalat,/dalat,internal,200,/dalat
/ru/all-tours/south-vietnam-motorbike-tour-7-days,Nha Trang,/nhatrang,/nhatrang,internal,200,/nhatrang
/ru/all-tours/south-vietnam-motorbike-tour-7-days,Danang,/danang,/danang,internal,200,/danang
/ru/all-tours/south-vietnam-motorbike-tour-7-days,Muine,/muine,/muine,internal,200,/muine
/ru/all-tours/south-vietnam-motorbike-tour-7-days,All tours,/all-tours,/all-tours,internal,200,/all-tours
/ru/all-tours/south-vietnam-motorbike-tour-7-days,Scooter rental in Dalat,/rent-motorbike-dalat,/rent-motorbike-dalat,internal,200,/rent-motorbike-dalat
/ru/all-tours/south-vietnam-motorbike-tour-7-days,Scooter rental in Nha Trang,/rent-scooter-nhatrang,/rent-scooter-nhatrang,internal,200,/rent-scooter-nhatrang
/ru/all-tours/south-vietnam-motorbike-tour-7-days,Vietnam,https://maps.app.goo.gl/hvewF4aRPsdtciud6,https://maps.app.goo.gl/hvewF4aRPsdtciud6,external,,
/ru/all-tours/south-vietnam-motorbike-tour-7-days,https://t.me/mototourvietnam,https://t.me/mototourvietnam,https://t.me/mototourvietnam,external,,
/ru/all-tours/south-vietnam-motorbike-tour-7-days,https://www.instagram.com/enduro.vietnam,https://www.instagram.com/enduro.vietnam,https://www.instagram.com/enduro.vietnam,external,,
/ru/all-tours/south-vietnam-motorbike-tour-7-days,https://wa.me/79994564498,https://wa.me/79994564498,https://wa.me/79994564498,external,,
/ru/all-tours/south-vietnam-motorbike-tour-7-days,https://t.me/mototourvietnam,https://t.me/mototourvietnam,https://t.me/mototourvietnam,external,,
/ru/all-tours/south-vietnam-motorbike-tour-7-days,Creatium,https://creatium.app,https://creatium.app,external,,
/ru/all-tours/three-day-tour-dalat-muine,/ru,/ru,/ru,internal,200,/ru
/ru/all-tours/three-day-tour-dalat-muine,Все туры,/ru/all-tours,/ru/all-tours,internal,200,/ru/all-tours
/ru/all-tours/three-day-tour-dalat-muine,https://t.me/mototourvietnam,https://t.me/mototourvietnam,https://t.me/mototourvietnam,external,,
/ru/all-tours/three-day-tour-dalat-muine,https://www.instagram.com/enduro.vietnam,https://www.instagram.com/enduro.vietnam,https://www.instagram.com/enduro.vietnam,external,,
/ru/all-tours/three-day-tour-dalat-muine,https://wa.me/79994564498,https://wa.me/79994564498,https://wa.me/79994564498,external,,
/ru/all-tours/three-day-tour-dalat-muine,Тип: Мини группа,http://,http://,external,,
/ru/all-tours/three-day-tour-dalat-muine,Размер группы: 4 человека,http://,http://,external,,
/ru/all-tours/three-day-tour-dalat-muine,Длительность: 3 дня,http://,http://,external,,
/ru/all-tours/three-day-tour-dalat-muine,"Подтверждение бронирования: запись минимум за 2 дня. Организатор подтвердит бронирование на выбранные вами дату, после чего вы внесете предоплату 30%",http://,http://,external,,
/ru/all-tours/three-day-tour-dalat-muine,Тур соло 3 дня $1000,http://,http://,external,,
/ru/all-tours/three-day-tour-dalat-muine,Есть расширенный тур,http://,http://,external,,
/ru/all-tours/three-day-tour-dalat-muine,https://t.me/mototourvietnam,https://t.me/mototourvietnam,https://t.me/mototourvietnam,external,,
/ru/all-tours/three-day-tour-dalat-muine,https://www.instagram.com/enduro.vietnam,https://www.instagram.com/enduro.vietnam,https://www.instagram.com/enduro.vietnam,external,,
/ru/all-tours/three-day-tour-dalat-muine,https://wa.me/79994564498,https://wa.me/79994564498,https://wa.me/79994564498,external,,
/ru/all-tours/three-day-tour-dalat-muine,Эндуро-Туры во Вьетнаме,/ru,/ru,internal,200,/ru
/ru/all-tours/three-day-tour-dalat-muine,Все туры,/ru/all-tours,/ru/all-tours,internal,200,/ru/all-tours
/ru/all-tours/three-day-tour-dalat-muine,Забронировать,https://t.me/mototourvietnam,https://t.me/mototourvietnam,external,,
/ru/all-tours/three-day-tour-dalat-muine,Забронировать,https://t.me/mototourvietnam,https://t.me/mototourvietnam,external,,
/ru/all-tours/three-day-tour-dalat-muine,https://t.me/mototourvietnam,https://t.me/mototourvietnam,https://t.me/mototourvietnam,external,,
/ru/all-tours/three-day-tour-dalat-muine,https://www.instagram.com/enduro.vietnam,https://www.instagram.com/enduro.vietnam,https://www.instagram.com/enduro.vietnam,external,,
/ru/all-tours/three-day-tour-dalat-muine,https://wa.me/79994564498,https://wa.me/79994564498,https://wa.me/79994564498,external,,
/ru/all-tours/three-day-tour-dalat-muine,Эндуро-Туры во Вьетнаме,/ru,/ru,internal,200,/ru
/ru/all-tours/three-day-tour-dalat-muine,Все туры,/ru/all-tours,/ru/all-tours,internal,200,/ru/all-tours
/ru/all-tours/three-day-tour-dalat-muine,https://t.me/mototourvietnam,https://t.me/mototourvietnam,https://t.me/mototourvietnam,external,,
/ru/all-tours/three-day-tour-dalat-muine,https://www.instagram.com/enduro.vietnam,https://www.instagram.com/enduro.vietnam,https://www.instagram.com/enduro.vietnam,external,,
/ru/all-tours/three-day-tour-dalat-muine,https://wa.me/79994564498,https://wa.me/79994564498,https://wa.me/79994564498,external,,
/ru/all-tours/three-day-tour-dalat-muine,https://t.me/mototourvietnam,https://t.me/mototourvietnam,https://t.me/mototourvietnam,external,,
/ru/all-tours/three-day-tour-dalat-muine,https://www.instagram.com/enduro.vietnam,https://www.instagram.com/enduro.vietnam,https://www.instagram.com/enduro.vietnam,external,,
/ru/all-tours/three-day-tour-dalat-muine,https://wa.me/79994564498,https://wa.me/79994564498,https://wa.me/79994564498,external,,
/ru/all-tours/three-day-tour-dalat-muine,https://t.me/mototourvietnam,https://t.me/mototourvietnam,https://t.me/mototourvietnam,external,,
/ru/all-tours/three-day-tour-dalat-muine,https://www.instagram.com/enduro.vietnam,https://www.instagram.com/enduro.vietnam,https://www.instagram.com/enduro.vietnam,external,,
/ru/all-tours/three-day-tour-dalat-muine,https://wa.me/79994564498,https://wa.me/79994564498,https://wa.me/79994564498,external,,
/ru/all-tours/three-day-tour-dalat-muine,https://t.me/mototourvietnam,https://t.me/mototourvietnam,https://t.me/mototourvietnam,external,,
/ru/all-tours/three-day-tour-dalat-muine,https://www.instagram.com/enduro.vietnam,https://www.instagram.com/enduro.vietnam,https://www.instagram.com/enduro.vietnam,external,,
/ru/all-tours/three-day-tour-dalat-muine,https://wa.me/79994564498,https://wa.me/79994564498,https://wa.me/79994564498,external,,
/ru/all-tours/three-day-tour-dalat-muine,https://t.me/mototourvietnam,https://t.me/mototourvietnam,https://t.me/mototourvietnam,external,,
/ru/all-tours/three-day-tour-dalat-muine,https://www.instagram.com/enduro.vietnam,https://www.instagram.com/enduro.vietnam,https://www.instagram.com/enduro.vietnam,external,,
/ru/all-tours/three-day-tour-dalat-muine,https://wa.me/79994564498,https://wa.me/79994564498,https://wa.me/79994564498,external,,
/ru/all-tours/three-day-tour-dalat-muine,Забронировать,https://t.me/mototourvietnam,https://t.me/mototourvietnam,external,,
/ru/all-tours/three-day-tour-dalat-muine,О туре,https://enduro-vietnam.com/ru/all-tours/dalat-enduro-tour-one-day,/ru/all-tours/dalat-enduro-tour-one-day,internal,200,/ru/all-tours/dalat-enduro-tour-one-day
/ru/all-tours/three-day-tour-dalat-muine,О туре,https://enduro-vietnam.com/ru/all-tours/dalat-enduro-tour-advanced,/ru/all-tours/dalat-enduro-tour-advanced,internal,200,/ru/all-tours/dalat-enduro-tour-advanced
/ru/all-tours/three-day-tour-dalat-muine,О туре,https://enduro-vietnam.com/ru/all-tours/dalat-enduro-tour-two-day,/ru/all-tours/dalat-enduro-tour-two-day,internal,200,/ru/all-tours/dalat-enduro-tour-two-day
/ru/all-tours/three-day-tour-dalat-muine,О туре,https://enduro-vietnam.com/ru/all-tours/three-day-tour-dalat-nhatrang,/ru/all-tours/three-day-tour-dalat-nhatrang,internal,200,/ru/all-tours/three-day-tour-dalat-nhatrang
/ru/all-tours/three-day-tour-dalat-muine,О туре,https://enduro-vietnam.com/ru/all-tours/three-day-tour-dalat-muine,/ru/all-tours/three-day-tour-dalat-muine,internal,200,/ru/all-tours/three-day-tour-dalat-muine
/ru/all-tours/three-day-tour-dalat-muine,О туре,https://enduro-vietnam.com/ru/all-tours/dalat-easy-rider-enduro-beginners,/ru/all-tours/dalat-easy-rider-enduro-beginners,internal,200,/ru/all-tours/dalat-easy-rider-enduro-beginners
/ru/all-tours/three-day-tour-dalat-muine,Забронировать,https://t.me/mototourvietnam,https://t.me/mototourvietnam,external,,
/ru/all-tours/three-day-tour-dalat-muine,ЗАБРОНИРОВАТЬ,https://t.me/mototourvietnam,https://t.me/mototourvietnam,external,,
/ru/all-tours/three-day-tour-dalat-muine,ПОДРОБНЕЕ,https://enduro-vietnam.com/ru/tours/dalat-enduro-tour-one-day,/ru/all-tours/dalat-enduro-tour-one-day,internal,404,/ru/tours/dalat-enduro-tour-one-day
/ru/all-tours/three-day-tour-dalat-muine,ЗАБРОНИРОВАТЬ,https://t.me/mototourvietnam,https://t.me/mototourvietnam,external,,
/ru/all-tours/three-day-tour-dalat-muine,ПОДРОБНЕЕ,https://enduro-vietnam.com/ru/tours/dalat-enduro-tour-advanced,/ru/all-tours/dalat-enduro-tour-advanced,internal,404,/ru/tours/dalat-enduro-tour-advanced
/ru/all-tours/three-day-tour-dalat-muine,ЗАБРОНИРОВАТЬ,https://t.me/mototourvietnam,https://t.me/mototourvietnam,external,,
/ru/all-tours/three-day-tour-dalat-muine,ПОДРОБНЕЕ,https://enduro-vietnam.com/ru/tours/dalat-enduro-tour-two-day,/ru/all-tours/dalat-enduro-tour-two-day,internal,404,/ru/tours/dalat-enduro-tour-two-day
/ru/all-tours/three-day-tour-dalat-muine,ЗАБРОНИРОВАТЬ,https://t.me/mototourvietnam,https://t.me/mototourvietnam,external,,
/ru/all-tours/three-day-tour-dalat-muine,ПОДРОБНЕЕ,https://enduro-vietnam.com/ru/tours/three-day-tour-dalat-nhatrang,/ru/all-tours/three-day-tour-dalat-nhatrang,internal,404,/ru/tours/three-day-tour-dalat-nhatrang
/ru/all-tours/three-day-tour-dalat-muine,ЗАБРОНИРОВАТЬ,https://t.me/mototourvietnam,https://t.me/mototourvietnam,external,,
/ru/all-tours/three-day-tour-dalat-muine,ПОДРОБНЕЕ,https://enduro-vietnam.com/ru/tours/three-day-tour-dalat-muine,/ru/all-tours/three-day-tour-dalat-muine,internal,404,/ru/tours/three-day-tour-dalat-muine
/ru/all-tours/three-day-tour-dalat-muine,ЗАБРОНИРОВАТЬ,https://t.me/mototourvietnam,https://t.me/mototourvietnam,external,,
/ru/all-tours/three-day-tour-dalat-muine,ПОДРОБНЕЕ,https://enduro-vietnam.com/ru/tours/dalat-easy-rider-enduro-beginners,/ru/all-tours/dalat-easy-rider-enduro-beginners,internal,404,/ru/tours/dalat-easy-rider-enduro-beginners
/ru/all-tours/three-day-tour-dalat-muine,Главная страница,/ru,/ru,internal,200,/ru
/ru/all-tours/three-day-tour-dalat-muine,Эндуро туры в Далате,/ru/dalat,/ru/dalat,internal,200,/ru/dalat
/ru/all-tours/three-day-tour-dalat-muine,Эндуро туры в Нячанге,/ru/nhatrang,/ru/nhatrang,internal,200,/ru/nhatrang
/ru/all-tours/three-day-tour-dalat-muine,Эндуро туры в Дананге,/ru/danang,/ru/danang,internal,200,/ru/danang
/ru/all-tours/three-day-tour-dalat-muine,Эндуро туры в Муйне,/ru/muine,/ru/muine,internal,200,/ru/muine
/ru/all-tours/three-day-tour-dalat-muine,Все туры,/ru/all-tours,/ru/all-tours,internal,200,/ru/all-tours
/ru/all-tours/three-day-tour-dalat-muine,Аренда скутеров Далат,/rent-motorbike-dalat,/rent-motorbike-dalat,internal,200,/rent-motorbike-dalat
/ru/all-tours/three-day-tour-dalat-muine,Аренда скутеров Нячанг,ru/rent-scooter-nhatrang,/ru/rent-scooter-nhatrang,internal,404,/ru/all-tours/ru/rent-scooter-nhatrang
/ru/all-tours/three-day-tour-dalat-muine,Enduro tours in Vietnam,/,/,internal,200,/
/ru/all-tours/three-day-tour-dalat-muine,Dalat,/dalat,/dalat,internal,200,/dalat
/ru/all-tours/three-day-tour-dalat-muine,Nha Trang,/nhatrang,/nhatrang,internal,200,/nhatrang
/ru/all-tours/three-day-tour-dalat-muine,Danang,/danang,/danang,internal,200,/danang
/ru/all-tours/three-day-tour-dalat-muine,Muine,/muine,/muine,internal,200,/muine
/ru/all-tours/three-day-tour-dalat-muine,All tours,/all-tours,/all-tours,internal,200,/all-tours
/ru/all-tours/three-day-tour-dalat-muine,Scooter rental in Dalat,/rent-motorbike-dalat,/rent-motorbike-dalat,internal,200,/rent-motorbike-dalat
/ru/all-tours/three-day-tour-dalat-muine,Scooter rental in Nha Trang,/rent-scooter-nhatrang,/rent-scooter-nhatrang,internal,200,/rent-scooter-nhatrang
/ru/all-tours/three-day-tour-dalat-muine,Vietnam,https://maps.app.goo.gl/hvewF4aRPsdtciud6,https://maps.app.goo.gl/hvewF4aRPsdtciud6,external,,
/ru/all-tours/three-day-tour-dalat-muine,https://t.me/mototourvietnam,https://t.me/mototourvietnam,https://t.me/mototourvietnam,external,,
/ru/all-tours/three-day-tour-dalat-muine,https://www.instagram.com/enduro.vietnam,https://www.instagram.com/enduro.vietnam,https://www.instagram.com/enduro.vietnam,external,,
/ru/all-tours/three-day-tour-dalat-muine,https://wa.me/79994564498,https://wa.me/79994564498,https://wa.me/79994564498,external,,
/ru/all-tours/three-day-tour-dalat-muine,https://t.me/mototourvietnam,https://t.me/mototourvietnam,https://t.me/mototourvietnam,external,,
/ru/all-tours/three-day-tour-dalat-muine,Creatium,https://creatium.app,https://creatium.app,external,,
/ru/all-tours/three-day-tour-dalat-nhatrang,/ru,/ru,/ru,internal,200,/ru
/ru/all-tours/three-day-tour-dalat-nhatrang,Все туры,/ru/all-tours,/ru/all-tours,internal,200,/ru/all-tours
/ru/all-tours/three-day-tour-dalat-nhatrang,https://t.me/mototourvietnam,https://t.me/mototourvietnam,https://t.me/mototourvietnam,external,,
/ru/all-tours/three-day-tour-dalat-nhatrang,https://www.instagram.com/enduro.vietnam,https://www.instagram.com/enduro.vietnam,https://www.instagram.com/enduro.vietnam,external,,
/ru/all-tours/three-day-tour-dalat-nhatrang,https://wa.me/79994564498,https://wa.me/79994564498,https://wa.me/79994564498,external,,
/ru/all-tours/three-day-tour-dalat-nhatrang,Тип: Мини группа,http://,http://,external,,
/ru/all-tours/three-day-tour-dalat-nhatrang,Размер группы: 4 человека,http://,http://,external,,
/ru/all-tours/three-day-tour-dalat-nhatrang,Длительность: 3 дня,http://,http://,external,,
/ru/all-tours/three-day-tour-dalat-nhatrang,"Подтверждение бронирования: запись минимум за 2 дня. Организатор подтвердит бронирование на выбранные вами дату, после чего вы внесете предоплату 30%",http://,http://,external,,
/ru/all-tours/three-day-tour-dalat-nhatrang,Тур соло 3 дня $1000,http://,http://,external,,
/ru/all-tours/three-day-tour-dalat-nhatrang,Есть расширенный тур,http://,http://,external,,
/ru/all-tours/three-day-tour-dalat-nhatrang,https://t.me/mototourvietnam,https://t.me/mototourvietnam,https://t.me/mototourvietnam,external,,
/ru/all-tours/three-day-tour-dalat-nhatrang,https://www.instagram.com/enduro.vietnam,https://www.instagram.com/enduro.vietnam,https://www.instagram.com/enduro.vietnam,external,,
/ru/all-tours/three-day-tour-dalat-nhatrang,https://wa.me/79994564498,https://wa.me/79994564498,https://wa.me/79994564498,external,,
/ru/all-tours/three-day-tour-dalat-nhatrang,Эндуро-Туры во Вьетнаме,/ru,/ru,internal,200,/ru
/ru/all-tours/three-day-tour-dalat-nhatrang,Все туры,/ru/all-tours,/ru/all-tours,internal,200,/ru/all-tours
/ru/all-tours/three-day-tour-dalat-nhatrang,Забронировать,https://t.me/mototourvietnam,https://t.me/mototourvietnam,external,,
/ru/all-tours/three-day-tour-dalat-nhatrang,Забронировать,https://t.me/mototourvietnam,https://t.me/mototourvietnam,external,,
/ru/all-tours/three-day-tour-dalat-nhatrang,https://t.me/mototourvietnam,https://t.me/mototourvietnam,https://t.me/mototourvietnam,external,,
/ru/all-tours/three-day-tour-dalat-nhatrang,https://www.instagram.com/enduro.vietnam,https://www.instagram.com/enduro.vietnam,https://www.instagram.com/enduro.vietnam,external,,
/ru/all-tours/three-day-tour-dalat-nhatrang,https://wa.me/79994564498,https://wa.me/79994564498,https://wa.me/79994564498,external,,
/ru/all-tours/three-day-tour-dalat-nhatrang,Эндуро-Туры во Вьетнаме,/ru,/ru,internal,200,/ru
/ru/all-tours/three-day-tour-dalat-nhatrang,Все туры,/ru/all-tours,/ru/all-tours,internal,200,/ru/all-tours
/ru/all-tours/three-day-tour-dalat-nhatrang,https://t.me/mototourvietnam,https://t.me/mototourvietnam,https://t.me/mototourvietnam,external,,
/ru/all-tours/three-day-tour-dalat-nhatrang,https://www.instagram.com/enduro.vietnam,https://www.instagram.com/enduro.vietnam,https://www.instagram.com/enduro.vietnam,external,,
/ru/all-tours/three-day-tour-dalat-nhatrang,https://wa.me/79994564498,https://wa.me/79994564498,https://wa.me/79994564498,external,,
/ru/all-tours/three-day-tour-dalat-nhatrang,https://t.me/mototourvietnam,https://t.me/mototourvietnam,https://t.me/mototourvietnam,external,,
/ru/all-tours/three-day-tour-dalat-nhatrang,https://www.instagram.com/enduro.vietnam,https://www.instagram.com/enduro.vietnam,https://www.instagram.com/enduro.vietnam,external,,
/ru/all-tours/three-day-tour-dalat-nhatrang,https://wa.me/79994564498,https://wa.me/79994564498,https://wa.me/79994564498,external,,
/ru/all-tours/three-day-tour-dalat-nhatrang,https://t.me/mototourvietnam,https://t.me/mototourvietnam,https://t.me/mototourvietnam,external,,
/ru/all-tours/three-day-tour-dalat-nhatrang,https://www.instagram.com/enduro.vietnam,https://www.instagram.com/enduro.vietnam,https://www.instagram.com/enduro.vietnam,external,,
/ru/all-tours/three-day-tour-dalat-nhatrang,https://wa.me/79994564498,https://wa.me/79994564498,https://wa.me/79994564498,external,,
/ru/all-tours/three-day-tour-dalat-nhatrang,https://t.me/mototourvietnam,https://t.me/mototourvietnam,https://t.me/mototourvietnam,external,,
/ru/all-tours/three-day-tour-dalat-nhatrang,https://www.instagram.com/enduro.vietnam,https://www.instagram.com/enduro.vietnam,https://www.instagram.com/enduro.vietnam,external,,
/ru/all-tours/three-day-tour-dalat-nhatrang,https://wa.me/79994564498,https://wa.me/79994564498,https://wa.me/79994564498,external,,
/ru/all-tours/three-day-tour-dalat-nhatrang,https://t.me/mototourvietnam,https://t.me/mototourvietnam,https://t.me/mototourvietnam,external,,
/ru/all-tours/three-day-tour-dalat-nhatrang,https://www.instagram.com/enduro.vietnam,https://www.instagram.com/enduro.vietnam,https://www.instagram.com/enduro.vietnam,external,,
/ru/all-tours/three-day-tour-dalat-nhatrang,https://wa.me/79994564498,https://wa.me/79994564498,https://wa.me/79994564498,external,,
/ru/all-tours/three-day-tour-dalat-nhatrang,Забронировать,https://t.me/mototourvietnam,https://t.me/mototourvietnam,external,,
/ru/all-tours/three-day-tour-dalat-nhatrang,О туре,https://enduro-vietnam.com/ru/all-tours/dalat-enduro-tour-one-day,/ru/all-tours/dalat-enduro-tour-one-day,internal,200,/ru/all-tours/dalat-enduro-tour-one-day
/ru/all-tours/three-day-tour-dalat-nhatrang,О туре,https://enduro-vietnam.com/ru/all-tours/dalat-enduro-tour-advanced,/ru/all-tours/dalat-enduro-tour-advanced,internal,200,/ru/all-tours/dalat-enduro-tour-advanced
/ru/all-tours/three-day-tour-dalat-nhatrang,О туре,https://enduro-vietnam.com/ru/all-tours/dalat-enduro-tour-two-day,/ru/all-tours/dalat-enduro-tour-two-day,internal,200,/ru/all-tours/dalat-enduro-tour-two-day
/ru/all-tours/three-day-tour-dalat-nhatrang,О туре,https://enduro-vietnam.com/ru/all-tours/three-day-tour-dalat-nhatrang,/ru/all-tours/three-day-tour-dalat-nhatrang,internal,200,/ru/all-tours/three-day-tour-dalat-nhatrang
/ru/all-tours/three-day-tour-dalat-nhatrang,О туре,https://enduro-vietnam.com/ru/all-tours/three-day-tour-dalat-muine,/ru/all-tours/three-day-tour-dalat-muine,internal,200,/ru/all-tours/three-day-tour-dalat-muine
/ru/all-tours/three-day-tour-dalat-nhatrang,О туре,https://enduro-vietnam.com/ru/all-tours/dalat-easy-rider-enduro-beginners,/ru/all-tours/dalat-easy-rider-enduro-beginners,internal,200,/ru/all-tours/dalat-easy-rider-enduro-beginners
/ru/all-tours/three-day-tour-dalat-nhatrang,Забронировать,https://t.me/mototourvietnam,https://t.me/mototourvietnam,external,,
/ru/all-tours/three-day-tour-dalat-nhatrang,ЗАБРОНИРОВАТЬ,https://t.me/mototourvietnam,https://t.me/mototourvietnam,external,,
/ru/all-tours/three-day-tour-dalat-nhatrang,ПОДРОБНЕЕ,https://enduro-vietnam.com/ru/tours/dalat-enduro-tour-one-day,/ru/all-tours/dalat-enduro-tour-one-day,internal,404,/ru/tours/dalat-enduro-tour-one-day
/ru/all-tours/three-day-tour-dalat-nhatrang,ЗАБРОНИРОВАТЬ,https://t.me/mototourvietnam,https://t.me/mototourvietnam,external,,
/ru/all-tours/three-day-tour-dalat-nhatrang,ПОДРОБНЕЕ,https://enduro-vietnam.com/ru/tours/dalat-enduro-tour-advanced,/ru/all-tours/dalat-enduro-tour-advanced,internal,404,/ru/tours/dalat-enduro-tour-advanced
/ru/all-tours/three-day-tour-dalat-nhatrang,ЗАБРОНИРОВАТЬ,https://t.me/mototourvietnam,https://t.me/mototourvietnam,external,,
/ru/all-tours/three-day-tour-dalat-nhatrang,ПОДРОБНЕЕ,https://enduro-vietnam.com/ru/tours/dalat-enduro-tour-two-day,/ru/all-tours/dalat-enduro-tour-two-day,internal,404,/ru/tours/dalat-enduro-tour-two-day
/ru/all-tours/three-day-tour-dalat-nhatrang,ЗАБРОНИРОВАТЬ,https://t.me/mototourvietnam,https://t.me/mototourvietnam,external,,
/ru/all-tours/three-day-tour-dalat-nhatrang,ПОДРОБНЕЕ,https://enduro-vietnam.com/ru/tours/three-day-tour-dalat-nhatrang,/ru/all-tours/three-day-tour-dalat-nhatrang,internal,404,/ru/tours/three-day-tour-dalat-nhatrang
/ru/all-tours/three-day-tour-dalat-nhatrang,ЗАБРОНИРОВАТЬ,https://t.me/mototourvietnam,https://t.me/mototourvietnam,external,,
/ru/all-tours/three-day-tour-dalat-nhatrang,ПОДРОБНЕЕ,https://enduro-vietnam.com/ru/tours/three-day-tour-dalat-muine,/ru/all-tours/three-day-tour-dalat-muine,internal,404,/ru/tours/three-day-tour-dalat-muine
/ru/all-tours/three-day-tour-dalat-nhatrang,ЗАБРОНИРОВАТЬ,https://t.me/mototourvietnam,https://t.me/mototourvietnam,external,,
/ru/all-tours/three-day-tour-dalat-nhatrang,ПОДРОБНЕЕ,https://enduro-vietnam.com/ru/tours/dalat-easy-rider-enduro-beginners,/ru/all-tours/dalat-easy-rider-enduro-beginners,internal,404,/ru/tours/dalat-easy-rider-enduro-beginners
/ru/all-tours/three-day-tour-dalat-nhatrang,Главная страница,/ru,/ru,internal,200,/ru
/ru/all-tours/three-day-tour-dalat-nhatrang,Эндуро туры в Далате,/ru/dalat,/ru/dalat,internal,200,/ru/dalat
/ru/all-tours/three-day-tour-dalat-nhatrang,Эндуро туры в Нячанге,/ru/nhatrang,/ru/nhatrang,internal,200,/ru/nhatrang
/ru/all-tours/three-day-tour-dalat-nhatrang,Эндуро туры в Дананге,/ru/danang,/ru/danang,internal,200,/ru/danang
/ru/all-tours/three-day-tour-dalat-nhatrang,Эндуро туры в Муйне,/ru/muine,/ru/muine,internal,200,/ru/muine
/ru/all-tours/three-day-tour-dalat-nhatrang,Все туры,/ru/all-tours,/ru/all-tours,internal,200,/ru/all-tours
/ru/all-tours/three-day-tour-dalat-nhatrang,Аренда скутеров Далат,/rent-motorbike-dalat,/rent-motorbike-dalat,internal,200,/rent-motorbike-dalat
/ru/all-tours/three-day-tour-dalat-nhatrang,Аренда скутеров Нячанг,ru/rent-scooter-nhatrang,/ru/rent-scooter-nhatrang,internal,404,/ru/all-tours/ru/rent-scooter-nhatrang
/ru/all-tours/three-day-tour-dalat-nhatrang,Enduro tours in Vietnam,/,/,internal,200,/
/ru/all-tours/three-day-tour-dalat-nhatrang,Dalat,/dalat,/dalat,internal,200,/dalat
/ru/all-tours/three-day-tour-dalat-nhatrang,Nha Trang,/nhatrang,/nhatrang,internal,200,/nhatrang
/ru/all-tours/three-day-tour-dalat-nhatrang,Danang,/danang,/danang,internal,200,/danang
/ru/all-tours/three-day-tour-dalat-nhatrang,Muine,/muine,/muine,internal,200,/muine
/ru/all-tours/three-day-tour-dalat-nhatrang,All tours,/all-tours,/all-tours,internal,200,/all-tours
/ru/all-tours/three-day-tour-dalat-nhatrang,Scooter rental in Dalat,/rent-motorbike-dalat,/rent-motorbike-dalat,internal,200,/rent-motorbike-dalat
/ru/all-tours/three-day-tour-dalat-nhatrang,Scooter rental in Nha Trang,/rent-scooter-nhatrang,/rent-scooter-nhatrang,internal,200,/rent-scooter-nhatrang
/ru/all-tours/three-day-tour-dalat-nhatrang,Vietnam,https://maps.app.goo.gl/hvewF4aRPsdtciud6,https://maps.app.goo.gl/hvewF4aRPsdtciud6,external,,
/ru/all-tours/three-day-tour-dalat-nhatrang,https://t.me/mototourvietnam,https://t.me/mototourvietnam,https://t.me/mototourvietnam,external,,
/ru/all-tours/three-day-tour-dalat-nhatrang,https://www.instagram.com/enduro.vietnam,https://www.instagram.com/enduro.vietnam,https://www.instagram.com/enduro.vietnam,external,,
/ru/all-tours/three-day-tour-dalat-nhatrang,https://wa.me/79994564498,https://wa.me/79994564498,https://wa.me/79994564498,external,,
/ru/all-tours/three-day-tour-dalat-nhatrang,https://t.me/mototourvietnam,https://t.me/mototourvietnam,https://t.me/mototourvietnam,external,,
/ru/all-tours/three-day-tour-dalat-nhatrang,Creatium,https://creatium.app,https://creatium.app,external,,
/ru/all-tours/vietnam-motorcycle-tours-12-days,/ru,/ru,/ru,internal,200,/ru
/ru/all-tours/vietnam-motorcycle-tours-12-days,Все туры,/ru/all-tours,/ru/all-tours,internal,200,/ru/all-tours
/ru/all-tours/vietnam-motorcycle-tours-12-days,https://t.me/mototourvietnam,https://t.me/mototourvietnam,https://t.me/mototourvietnam,external,,
/ru/all-tours/vietnam-motorcycle-tours-12-days,https://www.instagram.com/enduro.vietnam,https://www.instagram.com/enduro.vietnam,https://www.instagram.com/enduro.vietnam,external,,
/ru/all-tours/vietnam-motorcycle-tours-12-days,https://wa.me/79994564498,https://wa.me/79994564498,https://wa.me/79994564498,external,,
/ru/all-tours/vietnam-motorcycle-tours-12-days,Тип: Мини группа,http://,http://,external,,
/ru/all-tours/vietnam-motorcycle-tours-12-days,Размер группы: 10 человек,http://,http://,external,,
/ru/all-tours/vietnam-motorcycle-tours-12-days,Длительность: 12 дней,http://,http://,external,,
/ru/all-tours/vietnam-motorcycle-tours-12-days,"Подтверждение бронирования: запись минимум за 2 дня. Организатор подтвердит бронирование на выбранные вами дату, после чего вы внесете предоплату 30%",http://,http://,external,,
/ru/all-tours/vietnam-motorcycle-tours-12-days,Тур соло 12 дней $1900,http://,http://,external,,
/ru/all-tours/vietnam-motorcycle-tours-12-days,Есть расширенный тур,http://,http://,external,,
/ru/all-tours/vietnam-motorcycle-tours-12-days,https://t.me/mototourvietnam,https://t.me/mototourvietnam,https://t.me/mototourvietnam,external,,
/ru/all-tours/vietnam-motorcycle-tours-12-days,https://www.instagram.com/enduro.vietnam,https://www.instagram.com/enduro.vietnam,https://www.instagram.com/enduro.vietnam,external,,
/ru/all-tours/vietnam-motorcycle-tours-12-days,https://wa.me/79994564498,https://wa.me/79994564498,https://wa.me/79994564498,external,,
/ru/all-tours/vietnam-motorcycle-tours-12-days,Эндуро-Туры во Вьетнаме,/ru,/ru,internal,200,/ru
/ru/all-tours/vietnam-motorcycle-tours-12-days,Все туры,/ru/all-tours,/ru/all-tours,internal,200,/ru/all-tours
/ru/all-tours/vietnam-motorcycle-tours-12-days,Забронировать,https://t.me/mototourvietnam,https://t.me/mototourvietnam,external,,
/ru/all-tours/vietnam-motorcycle-tours-12-days,Забронировать,https://t.me/mototourvietnam,https://t.me/mototourvietnam,external,,
/ru/all-tours/vietnam-motorcycle-tours-12-days,https://t.me/mototourvietnam,https://t.me/mototourvietnam,https://t.me/mototourvietnam,external,,
/ru/all-tours/vietnam-motorcycle-tours-12-days,https://www.instagram.com/enduro.vietnam,https://www.instagram.com/enduro.vietnam,https://www.instagram.com/enduro.vietnam,external,,
/ru/all-tours/vietnam-motorcycle-tours-12-days,https://wa.me/79994564498,https://wa.me/79994564498,https://wa.me/79994564498,external,,
/ru/all-tours/vietnam-motorcycle-tours-12-days,Эндуро-Туры во Вьетнаме,/ru,/ru,internal,200,/ru
/ru/all-tours/vietnam-motorcycle-tours-12-days,Все туры,/ru/all-tours,/ru/all-tours,internal,200,/ru/all-tours
/ru/all-tours/vietnam-motorcycle-tours-12-days,https://t.me/mototourvietnam,https://t.me/mototourvietnam,https://t.me/mototourvietnam,external,,
/ru/all-tours/vietnam-motorcycle-tours-12-days,https://www.instagram.com/enduro.vietnam,https://www.instagram.com/enduro.vietnam,https://www.instagram.com/enduro.vietnam,external,,
/ru/all-tours/vietnam-motorcycle-tours-12-days,https://wa.me/79994564498,https://wa.me/79994564498,https://wa.me/79994564498,external,,
/ru/all-tours/vietnam-motorcycle-tours-12-days,https://t.me/mototourvietnam,https://t.me/mototourvietnam,https://t.me/mototourvietnam,external,,
/ru/all-tours/vietnam-motorcycle-tours-12-days,https://www.instagram.com/enduro.vietnam,https://www.instagram.com/enduro.vietnam,https://www.instagram.com/enduro.vietnam,external,,
/ru/all-tours/vietnam-motorcycle-tours-12-days,https://wa.me/79994564498,https://wa.me/79994564498,https://wa.me/79994564498,external,,
/ru/all-tours/vietnam-motorcycle-tours-12-days,https://t.me/mototourvietnam,https://t.me/mototourvietnam,https://t.me/mototourvietnam,external,,
/ru/all-tours/vietnam-motorcycle-tours-12-days,https://www.instagram.com/enduro.vietnam,https://www.instagram.com/enduro.vietnam,https://www.instagram.com/enduro.vietnam,external,,
/ru/all-tours/vietnam-motorcycle-tours-12-days,https://wa.me/79994564498,https://wa.me/79994564498,https://wa.me/79994564498,external,,
/ru/all-tours/vietnam-motorcycle-tours-12-days,https://t.me/mototourvietnam,https://t.me/mototourvietnam,https://t.me/mototourvietnam,external,,
/ru/all-tours/vietnam-motorcycle-tours-12-days,https://www.instagram.com/enduro.vietnam,https://www.instagram.com/enduro.vietnam,https://www.instagram.com/enduro.vietnam,external,,
/ru/all-tours/vietnam-motorcycle-tours-12-days,https://wa.me/79994564498,https://wa.me/79994564498,https://wa.me/79994564498,external,,
/ru/all-tours/vietnam-motorcycle-tours-12-days,https://t.me/mototourvietnam,https://t.me/mototourvietnam,https://t.me/mototourvietnam,external,,
/ru/all-tours/vietnam-motorcycle-tours-12-days,https://www.instagram.com/enduro.vietnam,https://www.instagram.com/enduro.vietnam,https://www.instagram.com/enduro.vietnam,external,,
/ru/all-tours/vietnam-motorcycle-tours-12-days,https://wa.me/79994564498,https://wa.me/79994564498,https://wa.me/79994564498,external,,
/ru/all-tours/vietnam-motorcycle-tours-12-days,Забронировать,https://t.me/mototourvietnam,https://t.me/mototourvietnam,external,,
/ru/all-tours/vietnam-motorcycle-tours-12-days,О туре,https://enduro-vietnam.com/ru/all-tours/dalat-enduro-tour-one-day,/ru/all-tours/dalat-enduro-tour-one-day,internal,200,/ru/all-tours/dalat-enduro-tour-one-day
/ru/all-tours/vietnam-motorcycle-tours-12-days,О туре,https://enduro-vietnam.com/ru/all-tours/dalat-enduro-tour-advanced,/ru/all-tours/dalat-enduro-tour-advanced,internal,200,/ru/all-tours/dalat-enduro-tour-advanced
/ru/all-tours/vietnam-motorcycle-tours-12-days,О туре,https://enduro-vietnam.com/ru/all-tours/dalat-enduro-tour-two-day,/ru/all-tours/dalat-enduro-tour-two-day,internal,200,/ru/all-tours/dalat-enduro-tour-two-day
/ru/all-tours/vietnam-motorcycle-tours-12-days,О туре,https://enduro-vietnam.com/ru/all-tours/three-day-tour-dalat-nhatrang,/ru/all-tours/three-day-tour-dalat-nhatrang,internal,200,/ru/all-tours/three-day-tour-dalat-nhatrang
/ru/all-tours/vietnam-motorcycle-tours-12-days,О туре,https://enduro-vietnam.com/ru/all-tours/three-day-tour-dalat-muine,/ru/all-tours/three-day-tour-dalat-muine,internal,200,/ru/all-tours/three-day-tour-dalat-muine
/ru/all-tours/vietnam-motorcycle-tours-12-days,О туре,https://enduro-vietnam.com/ru/all-tours/dalat-easy-rider-enduro-beginners,/ru/all-tours/dalat-easy-rider-enduro-beginners,internal,200,/ru/all-tours/dalat-easy-rider-enduro-beginners
/ru/all-tours/vietnam-motorcycle-tours-12-days,Забронировать,https://t.me/mototourvietnam,https://t.me/mototourvietnam,external,,
/ru/all-tours/vietnam-motorcycle-tours-12-days,ЗАБРОНИРОВАТЬ,https://t.me/mototourvietnam,https://t.me/mototourvietnam,external,,
/ru/all-tours/vietnam-motorcycle-tours-12-days,ПОДРОБНЕЕ,https://enduro-vietnam.com/ru/tours/dalat-enduro-tour-one-day,/ru/all-tours/dalat-enduro-tour-one-day,internal,404,/ru/tours/dalat-enduro-tour-one-day
/ru/all-tours/vietnam-motorcycle-tours-12-days,ЗАБРОНИРОВАТЬ,https://t.me/mototourvietnam,https://t.me/mototourvietnam,external,,
/ru/all-tours/vietnam-motorcycle-tours-12-days,ПОДРОБНЕЕ,https://enduro-vietnam.com/ru/tours/dalat-enduro-tour-advanced,/ru/all-tours/dalat-enduro-tour-advanced,internal,404,/ru/tours/dalat-enduro-tour-advanced
/ru/all-tours/vietnam-motorcycle-tours-12-days,ЗАБРОНИРОВАТЬ,https://t.me/mototourvietnam,https://t.me/mototourvietnam,external,,
/ru/all-tours/vietnam-motorcycle-tours-12-days,ПОДРОБНЕЕ,https://enduro-vietnam.com/ru/tours/dalat-enduro-tour-two-day,/ru/all-tours/dalat-enduro-tour-two-day,internal,404,/ru/tours/dalat-enduro-tour-two-day
/ru/all-tours/vietnam-motorcycle-tours-12-days,ЗАБРОНИРОВАТЬ,https://t.me/mototourvietnam,https://t.me/mototourvietnam,external,,
/ru/all-tours/vietnam-motorcycle-tours-12-days,ПОДРОБНЕЕ,https://enduro-vietnam.com/ru/tours/three-day-tour-dalat-nhatrang,/ru/all-tours/three-day-tour-dalat-nhatrang,internal,404,/ru/tours/three-day-tour-dalat-nhatrang
/ru/all-tours/vietnam-motorcycle-tours-12-days,ЗАБРОНИРОВАТЬ,https://t.me/mototourvietnam,https://t.me/mototourvietnam,external,,
/ru/all-tours/vietnam-motorcycle-tours-12-days,ПОДРОБНЕЕ,https://enduro-vietnam.com/ru/tours/three-day-tour-dalat-muine,/ru/all-tours/three-day-tour-dalat-muine,internal,404,/ru/tours/three-day-tour-dalat-muine
/ru/all-tours/vietnam-motorcycle-tours-12-days,ЗАБРОНИРОВАТЬ,https://t.me/mototourvietnam,https://t.me/mototourvietnam,external,,
/ru/all-tours/vietnam-motorcycle-tours-12-days,ПОДРОБНЕЕ,https://enduro-vietnam.com/ru/tours/dalat-easy-rider-enduro-beginners,/ru/all-tours/dalat-easy-rider-enduro-beginners,internal,404,/ru/tours/dalat-easy-rider-enduro-beginners
/ru/all-tours/vietnam-motorcycle-tours-12-days,Главная страница,/ru,/ru,internal,200,/ru
/ru/all-tours/vietnam-motorcycle-tours-12-days,Эндуро туры в Далате,/ru/dalat,/ru/dalat,internal,200,/ru/dalat
/ru/all-tours/vietnam-motorcycle-tours-12-days,Эндуро туры в Нячанге,/ru/nhatrang,/ru/nhatrang,internal,200,/ru/nhatrang
/ru/all-tours/vietnam-motorcycle-tours-12-days,Эндуро туры в Дананге,/ru/danang,/ru/danang,internal,200,/ru/danang
/ru/all-tours/vietnam-motorcycle-tours-12-days,Эндуро туры в Муйне,/ru/muine,/ru/muine,internal,200,/ru/muine
/ru/all-tours/vietnam-motorcycle-tours-12-days,Все туры,/ru/all-tours,/ru/all-tours,internal,200,/ru/all-tours
/ru/all-tours/vietnam-motorcycle-tours-12-days,Аренда скутеров Далат,/rent-motorbike-dalat,/rent-motorbike-dalat,internal,200,/rent-motorbike-dalat
/ru/all-tours/vietnam-motorcycle-tours-12-days,Аренда скутеров Нячанг,ru/rent-scooter-nhatrang,/ru/rent-scooter-nhatrang,internal,404,/ru/all-tours/ru/rent-scooter-nhatrang
/ru/all-tours/vietnam-motorcycle-tours-12-days,Enduro tours in Vietnam,/,/,internal,200,/
/ru/all-tours/vietnam-motorcycle-tours-12-days,Dalat,/dalat,/dalat,internal,200,/dalat
/ru/all-tours/vietnam-motorcycle-tours-12-days,Nha Trang,/nhatrang,/nhatrang,internal,200,/nhatrang
/ru/all-tours/vietnam-motorcycle-tours-12-days,Danang,/danang,/danang,internal,200,/danang
/ru/all-tours/vietnam-motorcycle-tours-12-days,Muine,/muine,/muine,internal,200,/muine
/ru/all-tours/vietnam-motorcycle-tours-12-days,All tours,/all-tours,/all-tours,internal,200,/all-tours
/ru/all-tours/vietnam-motorcycle-tours-12-days,Scooter rental in Dalat,/rent-motorbike-dalat,/rent-motorbike-dalat,internal,200,/rent-motorbike-dalat
/ru/all-tours/vietnam-motorcycle-tours-12-days,Scooter rental in Nha Trang,/rent-scooter-nhatrang,/rent-scooter-nhatrang,internal,200,/rent-scooter-nhatrang
/ru/all-tours/vietnam-motorcycle-tours-12-days,Vietnam,https://maps.app.goo.gl/hvewF4aRPsdtciud6,https://maps.app.goo.gl/hvewF4aRPsdtciud6,external,,
/ru/all-tours/vietnam-motorcycle-tours-12-days,https://t.me/mototourvietnam,https://t.me/mototourvietnam,https://t.me/mototourvietnam,external,,
/ru/all-tours/vietnam-motorcycle-tours-12-days,https://www.instagram.com/enduro.vietnam,https://www.instagram.com/enduro.vietnam,https://www.instagram.com/enduro.vietnam,external,,
/ru/all-tours/vietnam-motorcycle-tours-12-days,https://wa.me/79994564498,https://wa.me/79994564498,https://wa.me/79994564498,external,,
/ru/all-tours/vietnam-motorcycle-tours-12-days,https://t.me/mototourvietnam,https://t.me/mototourvietnam,https://t.me/mototourvietnam,external,,
/ru/all-tours/vietnam-motorcycle-tours-12-days,Creatium,https://creatium.app,https://creatium.app,external,,
/ru/dalat,/ru,/ru,/ru,internal,200,/ru
/ru/dalat,Все туры,/ru/all-tours,/ru/all-tours,internal,200,/ru/all-tours
/ru/dalat,https://t.me/mototourvietnam,https://t.me/mototourvietnam,https://t.me/mototourvietnam,external,,
/ru/dalat,https://www.instagram.com/enduro.vietnam,https://www.instagram.com/enduro.vietnam,https://www.instagram.com/enduro.vietnam,external,,
/ru/dalat,https://wa.me/79994564498,https://wa.me/79994564498,https://wa.me/79994564498,external,,
/ru/dalat,Однодневный тур по Далату,"https://img2.creatium.app/disk2/68/54/7e/093c77eb7a0ad2338d3889c03f88040200/zavershenie_tura.webp#%7B%22size%22:%5B1792,1058%5D,%22quality%22:8%7D","https://img2.creatium.app/disk2/68/54/7e/093c77eb7a0ad2338d3889c03f88040200/zavershenie_tura.webp#%7B%22size%22:%5B1792,1058%5D,%22quality%22:8%7D",external,,
/ru/dalat,Эндуро-тур по Далату,"https://img2.creatium.app/disk2/53/7c/dc/e27809dd3a03fac0989d38626407d81f60/pereriv_na_perekus_dalat.webp#%7B%22size%22:%5B1792,1058%5D,%22quality%22:8%7D","https://img2.creatium.app/disk2/53/7c/dc/e27809dd3a03fac0989d38626407d81f60/pereriv_na_perekus_dalat.webp#%7B%22size%22:%5B1792,1058%5D,%22quality%22:8%7D",external,,
/ru/dalat,"https://img2.creatium.app/disk2/18/94/fa/974493dea7d807362857b8547cb2c09da4/enduristi_v_sosnovom_boru.webp#%7B%22size%22:%5B1792,1058%5D,%22quality%22:8%7D","https://img2.creatium.app/disk2/18/94/fa/974493dea7d807362857b8547cb2c09da4/enduristi_v_sosnovom_boru.webp#%7B%22size%22:%5B1792,1058%5D,%22quality%22:8%7D","https://img2.creatium.app/disk2/18/94/fa/974493dea7d807362857b8547cb2c09da4/enduristi_v_sosnovom_boru.webp#%7B%22size%22:%5B1792,1058%5D,%22quality%22:8%7D",external,,
/ru/dalat,Эндуро-тур по Далату,"https://img2.creatium.app/disk2/67/db/c1/64b1925ff70d800a3d8e46728f54c78d40/enduro_ostanovka.webp#%7B%22size%22:%5B1792,1058%5D,%22quality%22:8%7D","https://img2.creatium.app/disk2/67/db/c1/64b1925ff70d800a3d8e46728f54c78d40/enduro_ostanovka.webp#%7B%22size%22:%5B1792,1058%5D,%22quality%22:8%7D",external,,
/ru/dalat,"https://img2.creatium.app/disk2/fb/81/5a/7a5ad58395c4d674e40095a2f62247bd2f/ostanovka_enduristov.webp#%7B%22size%22:%5B1792,1058%5D,%22quality%22:8%7D","https://img2.creatium.app/disk2/fb/81/5a/7a5ad58395c4d674e40095a2f62247bd2f/ostanovka_enduristov.webp#%7B%22size%22:%5B1792,1058%5D,%22quality%22:8%7D","https://img2.creatium.app/disk2/fb/81/5a/7a5ad58395c4d674e40095a2f62247bd2f/ostanovka_enduristov.webp#%7B%22size%22:%5B1792,1058%5D,%22quality%22:8%7D",external,,
/ru/dalat,Подробнее о туре,/ru/all-tours/dalat-enduro-tour-one-day,/ru/all-tours/dalat-enduro-tour-one-day,internal,200,/ru/all-tours/dalat-enduro-tour-one-day
/ru/dalat,Все туры,/ru/all-tours,/ru/all-tours,internal,200,/ru/all-tours
/ru/dalat,Тип: Мини группа,http://,http://,external,,
/ru/dalat,Размер группы: 4 человека,http://,http://,external,,
/ru/dalat,Продолжительность: 3 часа,http://,http://,external,,
/ru/dalat,"Подтверждение бронирования: сделайте запись как минимум за 2 дня. Организатор подтвердит бронирование на выбранную вами дату, после чего вы внесете предоплату в размере 30%.",http://,http://,external,,
/ru/dalat,https://t.me/mototourvietnam,https://t.me/mototourvietnam,https://t.me/mototourvietnam,external,,
/ru/dalat,https://www.instagram.com/enduro.vietnam,https://www.instagram.com/enduro.vietnam,https://www.instagram.com/enduro.vietnam,external,,
/ru/dalat,https://wa.me/79994564498,https://wa.me/79994564498,https://wa.me/79994564498,external,,
/ru/dalat,Расширенный маршрут по Далату,"https://img2.creatium.app/disk2/67/db/c1/64b1925ff70d800a3d8e46728f54c78d40/enduro_ostanovka.webp#%7B%22size%22:%5B1792,1058%5D,%22quality%22:8%7D","https://img2.creatium.app/disk2/67/db/c1/64b1925ff70d800a3d8e46728f54c78d40/enduro_ostanovka.webp#%7B%22size%22:%5B1792,1058%5D,%22quality%22:8%7D",external,,
/ru/dalat,Расширенный эндуро-тур по Далату,"https://img2.creatium.app/disk2/53/7c/dc/e27809dd3a03fac0989d38626407d81f60/pereriv_na_perekus_dalat.webp#%7B%22size%22:%5B1792,1058%5D,%22quality%22:8%7D","https://img2.creatium.app/disk2/53/7c/dc/e27809dd3a03fac0989d38626407d81f60/pereriv_na_perekus_dalat.webp#%7B%22size%22:%5B1792,1058%5D,%22quality%22:8%7D",external,,
/ru/dalat,"https://img2.creatium.app/disk2/18/94/fa/974493dea7d807362857b8547cb2c09da4/enduristi_v_sosnovom_boru.webp#%7B%22size%22:%5B1792,1058%5D,%22quality%22:8%7D","https://img2.creatium.app/disk2/18/94/fa/974493dea7d807362857b8547cb2c09da4/enduristi_v_sosnovom_boru.webp#%7B%22size%22:%5B1792,1058%5D,%22quality%22:8%7D","https://img2.creatium.app/disk2/18/94/fa/974493dea7d807362857b8547cb2c09da4/enduristi_v_sosnovom_boru.webp#%7B%22size%22:%5B1792,1058%5D,%22quality%22:8%7D",external,,
/ru/dalat,Расширенный эндуро-тур по Далату,"https://img2.creatium.app/disk2/67/db/c1/64b1925ff70d800a3d8e46728f54c78d40/enduro_ostanovka.webp#%7B%22size%22:%5B1792,1058%5D,%22quality%22:8%7D","https://img2.creatium.app/disk2/67/db/c1/64b1925ff70d800a3d8e46728f54c78d40/enduro_ostanovka.webp#%7B%22size%22:%5B1792,1058%5D,%22quality%22:8%7D",external,,
/ru/dalat,"https://img2.creatium.app/disk2/fb/81/5a/7a5ad58395c4d674e40095a2f62247bd2f/ostanovka_enduristov.webp#%7B%22size%22:%5B1792,1058%5D,%22quality%22:8%7D","https://img2.creatium.app/disk2/fb/81/5a/7a5ad58395c4d674e40095a2f62247bd2f/ostanovka_enduristov.webp#%7B%22size%22:%5B1792,1058%5D,%22quality%22:8%7D","https://img2.creatium.app/disk2/fb/81/5a/7a5ad58395c4d674e40095a2f62247bd2f/ostanovka_enduristov.webp#%7B%22size%22:%5B1792,1058%5D,%22quality%22:8%7D",external,,
/ru/dalat,Подробнее о туре,/ru/all-tours/dalat-enduro-tour-advanced,/ru/all-tours/dalat-enduro-tour-advanced,internal,200,/ru/all-tours/dalat-enduro-tour-advanced
/ru/dalat,Все туры,/ru/all-tours,/ru/all-tours,internal,200,/ru/all-tours
/ru/dalat,Тип: Мини группа,http://,http://,external,,
/ru/dalat,Размер группы: 4 человека,http://,http://,external,,
/ru/dalat,Продолжительность: 6 часов,http://,http://,external,,
/ru/dalat,"Подтверждение бронирования: сделайте запись как минимум за 2 дня. Организатор подтвердит бронирование на выбранную вами дату, после чего вы внесете предоплату в размере 30%.",http://,http://,external,,
/ru/dalat,https://t.me/mototourvietnam,https://t.me/mototourvietnam,https://t.me/mototourvietnam,external,,
/ru/dalat,https://www.instagram.com/enduro.vietnam,https://www.instagram.com/enduro.vietnam,https://www.instagram.com/enduro.vietnam,external,,
/ru/dalat,https://wa.me/79994564498,https://wa.me/79994564498,https://wa.me/79994564498,external,,
/ru/dalat,Двухдневный тур по Далату,"https://img2.creatium.app/disk2/fb/81/5a/7a5ad58395c4d674e40095a2f62247bd2f/ostanovka_enduristov.webp#%7B%22size%22:%5B1792,1058%5D,%22quality%22:8%7D","https://img2.creatium.app/disk2/fb/81/5a/7a5ad58395c4d674e40095a2f62247bd2f/ostanovka_enduristov.webp#%7B%22size%22:%5B1792,1058%5D,%22quality%22:8%7D",external,,
/ru/dalat,Двухдневный эндуро-тур по Далату,"https://img2.creatium.app/disk2/53/7c/dc/e27809dd3a03fac0989d38626407d81f60/pereriv_na_perekus_dalat.webp#%7B%22size%22:%5B1792,1058%5D,%22quality%22:8%7D","https://img2.creatium.app/disk2/53/7c/dc/e27809dd3a03fac0989d38626407d81f60/pereriv_na_perekus_dalat.webp#%7B%22size%22:%5B1792,1058%5D,%22quality%22:8%7D",external,,
/ru/dalat,"https://img2.creatium.app/disk2/18/94/fa/974493dea7d807362857b8547cb2c09da4/enduristi_v_sosnovom_boru.webp#%7B%22size%22:%5B1792,1058%5D,%22quality%22:8%7D","https://img2.creatium.app/disk2/18/94/fa/974493dea7d807362857b8547cb2c09da4/enduristi_v_sosnovom_boru.webp#%7B%22size%22:%5B1792,1058%5D,%22quality%22:8%7D","https://img2.creatium.app/disk2/18/94/fa/974493dea7d807362857b8547cb2c09da4/enduristi_v_sosnovom_boru.webp#%7B%22size%22:%5B1792,1058%5D,%22quality%22:8%7D",external,,
/ru/dalat,Двухдневный эндуро-тур по Далату,"https://img2.creatium.app/disk2/67/db/c1/64b1925ff70d800a3d8e46728f54c78d40/enduro_ostanovka.webp#%7B%22size%22:%5B1792,1058%5D,%22quality%22:8%7D","https://img2.creatium.app/disk2/67/db/c1/64b1925ff70d800a3d8e46728f54c78d40/enduro_ostanovka.webp#%7B%22size%22:%5B1792,1058%5D,%22quality%22:8%7D",external,,
/ru/dalat,"https://img2.creatium.app/disk2/fb/81/5a/7a5ad58395c4d674e40095a2f62247bd2f/ostanovka_enduristov.webp#%7B%22size%22:%5B1792,1058%5D,%22quality%22:8%7D","https://img2.creatium.app/disk2/fb/81/5a/7a5ad58395c4d674e40095a2f62247bd2f/ostanovka_enduristov.webp#%7B%22size%22:%5B1792,1058%5D,%22quality%22:8%7D","https://img2.creatium.app/disk2/fb/81/5a/7a5ad58395c4d674e40095a2f62247bd2f/ostanovka_enduristov.webp#%7B%22size%22:%5B1792,1058%5D,%22quality%22:8%7D",external,,
/ru/dalat,Подробнее о туре,/ru/all-tours/dalat-enduro-tour-two-day,/ru/all-tours/dalat-enduro-tour-two-day,internal,200,/ru/all-tours/dalat-enduro-tour-two-day
/ru/dalat,Все туры,/ru/all-tours,/ru/all-tours,internal,200,/ru/all-tours
/ru/dalat,Тип: Мини группа,http://,http://,external,,
/ru/dalat,Размер группы: 4 человека,http://,http://,external,,
/ru/dalat,Продолжительность: 2 дня,http://,http://,external,,
/ru/dalat,"Подтверждение бронирования: сделайте запись как минимум за 2 дня. Организатор подтвердит бронирование на выбранную вами дату, после чего вы внесете предоплату в размере 30%.",http://,http://,external,,
/ru/dalat,https://t.me/mototourvietnam,https://t.me/mototourvietnam,https://t.me/mototourvietnam,external,,
/ru/dalat,https://www.instagram.com/enduro.vietnam,https://www.instagram.com/enduro.vietnam,https://www.instagram.com/enduro.vietnam,external,,
/ru/dalat,https://wa.me/79994564498,https://wa.me/79994564498,https://wa.me/79994564498,external,,
/ru/dalat,Трехдневный тур: Далат и Нячанг,"https://img2.creatium.app/disk2/f2/b1/38/3abf20c46eb67a4e6fdcc5f900b00c0552/doroga_nyachang_dalat.webp#%7B%22size%22:%5B960,567%5D,%22quality%22:8%7D","https://img2.creatium.app/disk2/f2/b1/38/3abf20c46eb67a4e6fdcc5f900b00c0552/doroga_nyachang_dalat.webp#%7B%22size%22:%5B960,567%5D,%22quality%22:8%7D",external,,
/ru/dalat,Трехдневный эндуро-тур: Далат и Нячанг,"https://img2.creatium.app/disk2/70/f4/99/c2fd1e5688fb7570b83bc0eff19aff987c/enduro_tur.webp#%7B%22size%22:%5B960,567%5D,%22quality%22:8%7D","https://img2.creatium.app/disk2/70/f4/99/c2fd1e5688fb7570b83bc0eff19aff987c/enduro_tur.webp#%7B%22size%22:%5B960,567%5D,%22quality%22:8%7D",external,,
/ru/dalat,"https://img2.creatium.app/disk2/18/94/fa/974493dea7d807362857b8547cb2c09da4/enduristi_v_sosnovom_boru.webp#%7B%22size%22:%5B1792,1058%5D,%22quality%22:8%7D","https://img2.creatium.app/disk2/18/94/fa/974493dea7d807362857b8547cb2c09da4/enduristi_v_sosnovom_boru.webp#%7B%22size%22:%5B1792,1058%5D,%22quality%22:8%7D","https://img2.creatium.app/disk2/18/94/fa/974493dea7d807362857b8547cb2c09da4/enduristi_v_sosnovom_boru.webp#%7B%22size%22:%5B1792,1058%5D,%22quality%22:8%7D",external,,
/ru/dalat,Трехдневный эндуро-тур: Далат и Нячанг,"https://img2.creatium.app/disk2/74/29/49/913c3f016ef8c3d9beadff3a41ae9ef688/panoramniy_vid_s_gori.webp#%7B%22size%22:%5B960,567%5D,%22quality%22:8%7D","https://img2.creatium.app/disk2/74/29/49/913c3f016ef8c3d9beadff3a41ae9ef688/panoramniy_vid_s_gori.webp#%7B%22size%22:%5B960,567%5D,%22quality%22:8%7D",external,,
/ru/dalat,"https://img2.creatium.app/disk2/fb/81/5a/7a5ad58395c4d674e40095a2f62247bd2f/ostanovka_enduristov.webp#%7B%22size%22:%5B1792,1058%5D,%22quality%22:8%7D","https://img2.creatium.app/disk2/fb/81/5a/7a5ad58395c4d674e40095a2f62247bd2f/ostanovka_enduristov.webp#%7B%22size%22:%5B1792,1058%5D,%22quality%22:8%7D","https://img2.creatium.app/disk2/fb/81/5a/7a5ad58395c4d674e40095a2f62247bd2f/ostanovka_enduristov.webp#%7B%22size%22:%5B1792,1058%5D,%22quality%22:8%7D",external,,
/ru/dalat,Подробнее о туре,/ru/all-tours/three-day-tour-dalat-nhatrang,/ru/all-tours/three-day-tour-dalat-nhatrang,internal,200,/ru/all-tours/three-day-tour-dalat-nhatrang
/ru/dalat,Все туры,/ru/all-tours,/ru/all-tours,internal,200,/ru/all-tours
/ru/dalat,Тип: Мини группа,http://,http://,external,,
/ru/dalat,Размер группы: 4 человека,http://,http://,external,,
/ru/dalat,Продолжительность: 3 дня,http://,http://,external,,
/ru/dalat,"Подтверждение бронирования: сделайте запись как минимум за 2 дня. Организатор подтвердит бронирование на выбранную вами дату, после чего вы внесете предоплату в размере 30%.",http://,http://,external,,
/ru/dalat,https://t.me/mototourvietnam,https://t.me/mototourvietnam,https://t.me/mototourvietnam,external,,
/ru/dalat,https://www.instagram.com/enduro.vietnam,https://www.instagram.com/enduro.vietnam,https://www.instagram.com/enduro.vietnam,external,,
/ru/dalat,https://wa.me/79994564498,https://wa.me/79994564498,https://wa.me/79994564498,external,,
/ru/dalat,Трехдневный тур: Далат и Муйне,"https://img2.creatium.app/disk2/68/54/7e/093c77eb7a0ad2338d3889c03f88040200/zavershenie_tura.webp#%7B%22size%22:%5B1792,1058%5D,%22quality%22:8%7D","https://img2.creatium.app/disk2/68/54/7e/093c77eb7a0ad2338d3889c03f88040200/zavershenie_tura.webp#%7B%22size%22:%5B1792,1058%5D,%22quality%22:8%7D",external,,
/ru/dalat,Трехдневный эндуро-тур: Далат и Муйне,"https://img2.creatium.app/disk2/53/7c/dc/e27809dd3a03fac0989d38626407d81f60/pereriv_na_perekus_dalat.webp#%7B%22size%22:%5B1792,1058%5D,%22quality%22:8%7D","https://img2.creatium.app/disk2/53/7c/dc/e27809dd3a03fac0989d38626407d81f60/pereriv_na_perekus_dalat.webp#%7B%22size%22:%5B1792,1058%5D,%22quality%22:8%7D",external,,
/ru/dalat,"https://img2.creatium.app/disk2/18/94/fa/974493dea7d807362857b8547cb2c09da4/enduristi_v_sosnovom_boru.webp#%7B%22size%22:%5B1792,1058%5D,%22quality%22:8%7D","https://img2.creatium.app/disk2/18/94/fa/974493dea7d807362857b8547cb2c09da4/enduristi_v_sosnovom_boru.webp#%7B%22size%22:%5B1792,1058%5D,%22quality%22:8%7D","https://img2.creatium.app/disk2/18/94/fa/974493dea7d807362857b8547cb2c09da4/enduristi_v_sosnovom_boru.webp#%7B%22size%22:%5B1792,1058%5D,%22quality%22:8%7D",external,,
/ru/dalat,Трехдневный эндуро-тур: Далат и Муйне,"https://img2.creatium.app/disk2/67/db/c1/64b1925ff70d800a3d8e46728f54c78d40/enduro_ostanovka.webp#%7B%22size%22:%5B1792,1058%5D,%22quality%22:8%7D","https://img2.creatium.app/disk2/67/db/c1/64b1925ff70d800a3d8e46728f54c78d40/enduro_ostanovka.webp#%7B%22size%22:%5B1792,1058%5D,%22quality%22:8%7D",external,,
/ru/dalat,"https://img2.creatium.app/disk2/fb/81/5a/7a5ad58395c4d674e40095a2f62247bd2f/ostanovka_enduristov.webp#%7B%22size%22:%5B1792,1058%5D,%22quality%22:8%7D","https://img2.creatium.app/disk2/fb/81/5a/7a5ad58395c4d674e40095a2f62247bd2f/ostanovka_enduristov.webp#%7B%22size%22:%5B1792,1058%5D,%22quality%22:8%7D","https://img2.creatium.app/disk2/fb/81/5a/7a5ad58395c4d674e40095a2f62247bd2f/ostanovka_enduristov.webp#%7B%22size%22:%5B1792,1058%5D,%22quality%22:8%7D",external,,
/ru/dalat,Подробнее о туре,/ru/all-tours/three-day-tour-dalat-muine,/ru/all-tours/three-day-tour-dalat-muine,internal,200,/ru/all-tours/three-day-tour-dalat-muine
/ru/dalat,Все туры,/ru/all-tours,/ru/all-tours,internal,200,/ru/all-tours
/ru/dalat,Тип: Мини группа,http://,http://,external,,
/ru/dalat,Размер группы: 4 человека,http://,http://,external,,
/ru/dalat,Продолжительность: 3 дня,http://,http://,external,,
/ru/dalat,"Подтверждение бронирования: сделайте запись как минимум за 2 дня. Организатор подтвердит бронирование на выбранную вами дату, после чего вы внесете предоплату в размере 30%.",http://,http://,external,,
/ru/dalat,https://t.me/mototourvietnam,https://t.me/mototourvietnam,https://t.me/mototourvietnam,external,,
/ru/dalat,https://www.instagram.com/enduro.vietnam,https://www.instagram.com/enduro.vietnam,https://www.instagram.com/enduro.vietnam,external,,
/ru/dalat,https://wa.me/79994564498,https://wa.me/79994564498,https://wa.me/79994564498,external,,
/ru/dalat,Easy Rider — эндуро-маршрут для новичков,"https://img2.creatium.app/disk2/68/f1/d4/1e1c760b3020f2847c8aec10dc4e46c01d/img_0568.png#%7B%22size%22:%5B950,567%5D,%22quality%22:8%7D","https://img2.creatium.app/disk2/68/f1/d4/1e1c760b3020f2847c8aec10dc4e46c01d/img_0568.png#%7B%22size%22:%5B950,567%5D,%22quality%22:8%7D",external,,
/ru/dalat,Easy Rider — эндуро-маршрут по Далату для новичков,"https://img2.creatium.app/disk2/53/7c/dc/e27809dd3a03fac0989d38626407d81f60/pereriv_na_perekus_dalat.webp#%7B%22size%22:%5B1792,1058%5D,%22quality%22:8%7D","https://img2.creatium.app/disk2/53/7c/dc/e27809dd3a03fac0989d38626407d81f60/pereriv_na_perekus_dalat.webp#%7B%22size%22:%5B1792,1058%5D,%22quality%22:8%7D",external,,
/ru/dalat,"https://img2.creatium.app/disk2/18/94/fa/974493dea7d807362857b8547cb2c09da4/enduristi_v_sosnovom_boru.webp#%7B%22size%22:%5B1792,1058%5D,%22quality%22:8%7D","https://img2.creatium.app/disk2/18/94/fa/974493dea7d807362857b8547cb2c09da4/enduristi_v_sosnovom_boru.webp#%7B%22size%22:%5B1792,1058%5D,%22quality%22:8%7D","https://img2.creatium.app/disk2/18/94/fa/974493dea7d807362857b8547cb2c09da4/enduristi_v_sosnovom_boru.webp#%7B%22size%22:%5B1792,1058%5D,%22quality%22:8%7D",external,,
/ru/dalat,Easy Rider — эндуро-маршрут по Далату для новичков,"https://img2.creatium.app/disk2/67/db/c1/64b1925ff70d800a3d8e46728f54c78d40/enduro_ostanovka.webp#%7B%22size%22:%5B1792,1058%5D,%22quality%22:8%7D","https://img2.creatium.app/disk2/67/db/c1/64b1925ff70d800a3d8e46728f54c78d40/enduro_ostanovka.webp#%7B%22size%22:%5B1792,1058%5D,%22quality%22:8%7D",external,,
/ru/dalat,"https://img2.creatium.app/disk2/fb/81/5a/7a5ad58395c4d674e40095a2f62247bd2f/ostanovka_enduristov.webp#%7B%22size%22:%5B1792,1058%5D,%22quality%22:8%7D","https://img2.creatium.app/disk2/fb/81/5a/7a5ad58395c4d674e40095a2f62247bd2f/ostanovka_enduristov.webp#%7B%22size%22:%5B1792,1058%5D,%22quality%22:8%7D","https://img2.creatium.app/disk2/fb/81/5a/7a5ad58395c4d674e40095a2f62247bd2f/ostanovka_enduristov.webp#%7B%22size%22:%5B1792,1058%5D,%22quality%22:8%7D",external,,
/ru/dalat,Подробнее о туре,/ru/all-tours/dalat-easy-rider-enduro-beginners,/ru/all-tours/dalat-easy-rider-enduro-beginners,internal,200,/ru/all-tours/dalat-easy-rider-enduro-beginners
/ru/dalat,Все туры,/ru/all-tours,/ru/all-tours,internal,200,/ru/all-tours
/ru/dalat,Тип: Мини группа,http://,http://,external,,
/ru/dalat,Размер группы: 2 человека,http://,http://,external,,
/ru/dalat,"Продолжительность: 2,5 часа",http://,http://,external,,
/ru/dalat,"Подтверждение бронирования: сделайте запись как минимум за 2 дня. Организатор подтвердит бронирование на выбранную вами дату, после чего вы внесете предоплату в размере 30%.",http://,http://,external,,
/ru/dalat,https://t.me/mototourvietnam,https://t.me/mototourvietnam,https://t.me/mototourvietnam,external,,
/ru/dalat,https://www.instagram.com/enduro.vietnam,https://www.instagram.com/enduro.vietnam,https://www.instagram.com/enduro.vietnam,external,,
/ru/dalat,https://wa.me/79994564498,https://wa.me/79994564498,https://wa.me/79994564498,external,,
/ru/dalat,https://t.me/mototourvietnam,https://t.me/mototourvietnam,https://t.me/mototourvietnam,external,,
/ru/dalat,https://www.instagram.com/enduro.vietnam,https://www.instagram.com/enduro.vietnam,https://www.instagram.com/enduro.vietnam,external,,
/ru/dalat,https://wa.me/79994564498,https://wa.me/79994564498,https://wa.me/79994564498,external,,
/ru/dalat,https://t.me/mototourvietnam,https://t.me/mototourvietnam,https://t.me/mototourvietnam,external,,
/ru/dalat,https://www.instagram.com/enduro.vietnam,https://www.instagram.com/enduro.vietnam,https://www.instagram.com/enduro.vietnam,external,,
/ru/dalat,https://wa.me/79994564498,https://wa.me/79994564498,https://wa.me/79994564498,external,,
/ru/dalat,https://t.me/mototourvietnam,https://t.me/mototourvietnam,https://t.me/mototourvietnam,external,,
/ru/dalat,https://www.instagram.com/enduro.vietnam,https://www.instagram.com/enduro.vietnam,https://www.instagram.com/enduro.vietnam,external,,
/ru/dalat,https://wa.me/79994564498,https://wa.me/79994564498,https://wa.me/79994564498,external,,
/ru/dalat,https://t.me/mototourvietnam,https://t.me/mototourvietnam,https://t.me/mototourvietnam,external,,
/ru/dalat,https://www.instagram.com/enduro.vietnam,https://www.instagram.com/enduro.vietnam,https://www.instagram.com/enduro.vietnam,external,,
/ru/dalat,https://wa.me/79994564498,https://wa.me/79994564498,https://wa.me/79994564498,external,,
/ru/dalat,https://t.me/mototourvietnam,https://t.me/mototourvietnam,https://t.me/mototourvietnam,external,,
/ru/dalat,https://www.instagram.com/enduro.vietnam,https://www.instagram.com/enduro.vietnam,https://www.instagram.com/enduro.vietnam,external,,
/ru/dalat,https://wa.me/79994564498,https://wa.me/79994564498,https://wa.me/79994564498,external,,
/ru/dalat,go to Google maps,https://maps.app.goo.gl/SS6RstzSVXo9Xgjy7,https://maps.app.goo.gl/SS6RstzSVXo9Xgjy7,external,,
/ru/dalat,go to tripadvisor,https://www.tripadvisor.ru/Attraction_Review-g293922-d19701190-Reviews-Enduro_Vietnam-Da_Lat_Lam_Dong_Province.html,https://www.tripadvisor.ru/Attraction_Review-g293922-d19701190-Reviews-Enduro_Vietnam-Da_Lat_Lam_Dong_Province.html,external,,
/ru/dalat,go to facebook,https://www.facebook.com/profile.php?id=61585240226310,https://www.facebook.com/profile.php?id=61585240226310,external,,
/ru/dalat,go to Instagram,https://www.instagram.com/enduro.vietnam,https://www.instagram.com/enduro.vietnam,external,,
/ru/dalat,go to Youtube,https://www.youtube.com/@Enduro.Vietnam,https://www.youtube.com/@Enduro.Vietnam,external,,
/ru/dalat,обработку персональных данных,/privacy,/privacy,internal,200,/privacy
/ru/dalat,logo YouTube,https://youtube.com/@enduro.vietnam?si=FDMtZYMkF863JBpP,https://youtube.com/@enduro.vietnam?si=FDMtZYMkF863JBpP,external,,
/ru/dalat,youtube.com/@enduro.vietnam,https://youtube.com/@enduro.vietnam?si=FDMtZYMkF863JBpP,https://youtube.com/@enduro.vietnam?si=FDMtZYMkF863JBpP,external,,
/ru/dalat,logo Instagram,https://www.instagram.com/enduro.vietnam/,https://www.instagram.com/enduro.vietnam/,external,,
/ru/dalat,instagram.com/enduro.vietnam,https://www.instagram.com/enduro.vietnam/,https://www.instagram.com/enduro.vietnam/,external,,
/ru/dalat,"https://img2.creatium.app/plp/i.1.creatium.io/disk2/9b/8a/2c/c08c9947c8b142a4a9616d09467e014e59/img_4380.webp#%7B%22size%22:%5B2268,4032%5D,%22quality%22:8%7D","https://img2.creatium.app/plp/i.1.creatium.io/disk2/9b/8a/2c/c08c9947c8b142a4a9616d09467e014e59/img_4380.webp#%7B%22size%22:%5B2268,4032%5D,%22quality%22:8%7D","https://img2.creatium.app/plp/i.1.creatium.io/disk2/9b/8a/2c/c08c9947c8b142a4a9616d09467e014e59/img_4380.webp#%7B%22size%22:%5B2268,4032%5D,%22quality%22:8%7D",external,,
/ru/dalat,"https://img2.creatium.app/plp/i.1.creatium.io/disk2/fe/10/6e/831d8f6f92d2204fc4e9f9fb48a611b2a5/snimok_ekrana_2025_11_11_v_22_10_58.png#%7B%22size%22:%5B606,1078%5D,%22quality%22:8%7D","https://img2.creatium.app/plp/i.1.creatium.io/disk2/fe/10/6e/831d8f6f92d2204fc4e9f9fb48a611b2a5/snimok_ekrana_2025_11_11_v_22_10_58.png#%7B%22size%22:%5B606,1078%5D,%22quality%22:8%7D","https://img2.creatium.app/plp/i.1.creatium.io/disk2/fe/10/6e/831d8f6f92d2204fc4e9f9fb48a611b2a5/snimok_ekrana_2025_11_11_v_22_10_58.png#%7B%22size%22:%5B606,1078%5D,%22quality%22:8%7D",external,,
/ru/dalat,"https://img2.creatium.app/plp/i.1.creatium.io/disk2/6b/83/e2/058aba02e47da14bde4f01a0f6d91a9fcc/img_4208.webp#%7B%22size%22:%5B2268,4032%5D,%22quality%22:8%7D","https://img2.creatium.app/plp/i.1.creatium.io/disk2/6b/83/e2/058aba02e47da14bde4f01a0f6d91a9fcc/img_4208.webp#%7B%22size%22:%5B2268,4032%5D,%22quality%22:8%7D","https://img2.creatium.app/plp/i.1.creatium.io/disk2/6b/83/e2/058aba02e47da14bde4f01a0f6d91a9fcc/img_4208.webp#%7B%22size%22:%5B2268,4032%5D,%22quality%22:8%7D",external,,
/ru/dalat,"https://img2.creatium.app/plp/i.1.creatium.io/disk2/86/b0/57/857e2198d932fcda3db83e89803632e03e/1_2.webp#%7B%22size%22:%5B1129,2007%5D,%22quality%22:8%7D","https://img2.creatium.app/plp/i.1.creatium.io/disk2/86/b0/57/857e2198d932fcda3db83e89803632e03e/1_2.webp#%7B%22size%22:%5B1129,2007%5D,%22quality%22:8%7D","https://img2.creatium.app/plp/i.1.creatium.io/disk2/86/b0/57/857e2198d932fcda3db83e89803632e03e/1_2.webp#%7B%22size%22:%5B1129,2007%5D,%22quality%22:8%7D",external,,
/ru/dalat,"https://img2.creatium.app/plp/i.1.creatium.io/disk2/70/93/75/3ae36b4e3aca4386e2caa4cfa1f976e588/snimok_ekrana_2025_11_11_v_22_12_22.webp#%7B%22size%22:%5B606,1078%5D,%22quality%22:8%7D","https://img2.creatium.app/plp/i.1.creatium.io/disk2/70/93/75/3ae36b4e3aca4386e2caa4cfa1f976e588/snimok_ekrana_2025_11_11_v_22_12_22.webp#%7B%22size%22:%5B606,1078%5D,%22quality%22:8%7D","https://img2.creatium.app/plp/i.1.creatium.io/disk2/70/93/75/3ae36b4e3aca4386e2caa4cfa1f976e588/snimok_ekrana_2025_11_11_v_22_12_22.webp#%7B%22size%22:%5B606,1078%5D,%22quality%22:8%7D",external,,
/ru/dalat,"https://img2.creatium.app/plp/i.1.creatium.io/disk2/89/c4/0b/cb2c02c8c5a2934e03b930a999dce41515/img_5924.webp#%7B%22size%22:%5B2268,4032%5D,%22quality%22:8%7D","https://img2.creatium.app/plp/i.1.creatium.io/disk2/89/c4/0b/cb2c02c8c5a2934e03b930a999dce41515/img_5924.webp#%7B%22size%22:%5B2268,4032%5D,%22quality%22:8%7D","https://img2.creatium.app/plp/i.1.creatium.io/disk2/89/c4/0b/cb2c02c8c5a2934e03b930a999dce41515/img_5924.webp#%7B%22size%22:%5B2268,4032%5D,%22quality%22:8%7D",external,,
/ru/dalat,"https://img2.creatium.app/plp/i.1.creatium.io/disk2/5e/b9/39/a2c637595f867dd2c1b0e5bc04e8e8baa2/88e132ce_6a81_4b7a_b6d0_822d19f831f0.jpg#%7B%22size%22:%5B2160,3840%5D,%22quality%22:8%7D","https://img2.creatium.app/plp/i.1.creatium.io/disk2/5e/b9/39/a2c637595f867dd2c1b0e5bc04e8e8baa2/88e132ce_6a81_4b7a_b6d0_822d19f831f0.jpg#%7B%22size%22:%5B2160,3840%5D,%22quality%22:8%7D","https://img2.creatium.app/plp/i.1.creatium.io/disk2/5e/b9/39/a2c637595f867dd2c1b0e5bc04e8e8baa2/88e132ce_6a81_4b7a_b6d0_822d19f831f0.jpg#%7B%22size%22:%5B2160,3840%5D,%22quality%22:8%7D",external,,
/ru/dalat,"https://img2.creatium.app/plp/i.1.creatium.io/disk2/b3/70/84/590fac1f01010a61c2d48bfd976fc15e24/snimok_ekrana_2025_11_11_v_22_09_34.png#%7B%22size%22:%5B606,1078%5D,%22quality%22:8%7D","https://img2.creatium.app/plp/i.1.creatium.io/disk2/b3/70/84/590fac1f01010a61c2d48bfd976fc15e24/snimok_ekrana_2025_11_11_v_22_09_34.png#%7B%22size%22:%5B606,1078%5D,%22quality%22:8%7D","https://img2.creatium.app/plp/i.1.creatium.io/disk2/b3/70/84/590fac1f01010a61c2d48bfd976fc15e24/snimok_ekrana_2025_11_11_v_22_09_34.png#%7B%22size%22:%5B606,1078%5D,%22quality%22:8%7D",external,,
/ru/dalat,"https://img2.creatium.app/plp/i.1.creatium.io/disk2/a2/0b/b2/b68fa16aa7cf3519d45164fbec61972a40/img_6084.webp#%7B%22size%22:%5B2268,4032%5D,%22quality%22:8%7D","https://img2.creatium.app/plp/i.1.creatium.io/disk2/a2/0b/b2/b68fa16aa7cf3519d45164fbec61972a40/img_6084.webp#%7B%22size%22:%5B2268,4032%5D,%22quality%22:8%7D","https://img2.creatium.app/plp/i.1.creatium.io/disk2/a2/0b/b2/b68fa16aa7cf3519d45164fbec61972a40/img_6084.webp#%7B%22size%22:%5B2268,4032%5D,%22quality%22:8%7D",external,,
/ru/dalat,https://t.me/mototourvietnam,https://t.me/mototourvietnam,https://t.me/mototourvietnam,external,,
/ru/dalat,Главная страница,/ru,/ru,internal,200,/ru
/ru/dalat,Эндуро туры в Далате,/ru/dalat,/ru/dalat,internal,200,/ru/dalat
/ru/dalat,Эндуро туры в Нячанге,/ru/nhatrang,/ru/nhatrang,internal,200,/ru/nhatrang
/ru/dalat,Эндуро туры в Дананге,/ru/danang,/ru/danang,internal,200,/ru/danang
/ru/dalat,Эндуро туры в Муйне,/ru/muine,/ru/muine,internal,200,/ru/muine
/ru/dalat,Все туры,/ru/all-tours,/ru/all-tours,internal,200,/ru/all-tours
/ru/dalat,Аренда скутеров Далат,/rent-motorbike-dalat,/rent-motorbike-dalat,internal,200,/rent-motorbike-dalat
/ru/dalat,Аренда скутеров Нячанг,ru/rent-scooter-nhatrang,/ru/rent-scooter-nhatrang,internal,404,/ru/ru/rent-scooter-nhatrang
/ru/dalat,Enduro tours in Vietnam,/,/,internal,200,/
/ru/dalat,Dalat,/dalat,/dalat,internal,200,/dalat
/ru/dalat,Nha Trang,/nhatrang,/nhatrang,internal,200,/nhatrang
/ru/dalat,Danang,/danang,/danang,internal,200,/danang
/ru/dalat,Muine,/muine,/muine,internal,200,/muine
/ru/dalat,All tours,/all-tours,/all-tours,internal,200,/all-tours
/ru/dalat,Scooter rental in Dalat,/rent-motorbike-dalat,/rent-motorbike-dalat,internal,200,/rent-motorbike-dalat
/ru/dalat,Scooter rental in Nha Trang,/rent-scooter-nhatrang,/rent-scooter-nhatrang,internal,200,/rent-scooter-nhatrang
/ru/dalat,Vietnam,https://maps.app.goo.gl/hvewF4aRPsdtciud6,https://maps.app.goo.gl/hvewF4aRPsdtciud6,external,,
/ru/dalat,https://t.me/mototourvietnam,https://t.me/mototourvietnam,https://t.me/mototourvietnam,external,,
/ru/dalat,https://www.instagram.com/enduro.vietnam,https://www.instagram.com/enduro.vietnam,https://www.instagram.com/enduro.vietnam,external,,
/ru/dalat,https://wa.me/79994564498,https://wa.me/79994564498,https://wa.me/79994564498,external,,
/ru/dalat,https://t.me/mototourvietnam,https://t.me/mototourvietnam,https://t.me/mototourvietnam,external,,
/ru/dalat,Creatium,https://creatium.app,https://creatium.app,external,,
/ru/danang,/ru,/ru,/ru,internal,200,/ru
/ru/danang,Все туры,/ru/all-tours,/ru/all-tours,internal,200,/ru/all-tours
/ru/danang,https://t.me/mototourvietnam,https://t.me/mototourvietnam,https://t.me/mototourvietnam,external,,
/ru/danang,https://www.instagram.com/enduro.vietnam,https://www.instagram.com/enduro.vietnam,https://www.instagram.com/enduro.vietnam,external,,
/ru/danang,https://wa.me/79994564498,https://wa.me/79994564498,https://wa.me/79994564498,external,,
/ru/danang,Однодневный тур по Данангу,"https://img2.creatium.app/disk2/28/fb/a3/e5d489c37f31fdd4adc1baa4a1416a79ff/danang_enduro_tour_4.webp#%7B%22size%22:%5B1920,1134%5D,%22quality%22:8%7D","https://img2.creatium.app/disk2/28/fb/a3/e5d489c37f31fdd4adc1baa4a1416a79ff/danang_enduro_tour_4.webp#%7B%22size%22:%5B1920,1134%5D,%22quality%22:8%7D",external,,
/ru/danang,Эндуро-тур по Данангу,"https://img2.creatium.app/disk2/79/bd/84/20b358554d5c006334837c5e090976824f/danang_moto_tour_5.webp#%7B%22size%22:%5B1920,1134%5D,%22quality%22:8%7D","https://img2.creatium.app/disk2/79/bd/84/20b358554d5c006334837c5e090976824f/danang_moto_tour_5.webp#%7B%22size%22:%5B1920,1134%5D,%22quality%22:8%7D",external,,
/ru/danang,"https://img2.creatium.app/disk2/0b/0d/78/74fe731f32f5a438c1f19e530b60abde6a/danang_moto_tour_2.webp#%7B%22size%22:%5B1920,1134%5D,%22quality%22:8%7D","https://img2.creatium.app/disk2/0b/0d/78/74fe731f32f5a438c1f19e530b60abde6a/danang_moto_tour_2.webp#%7B%22size%22:%5B1920,1134%5D,%22quality%22:8%7D","https://img2.creatium.app/disk2/0b/0d/78/74fe731f32f5a438c1f19e530b60abde6a/danang_moto_tour_2.webp#%7B%22size%22:%5B1920,1134%5D,%22quality%22:8%7D",external,,
/ru/danang,Эндуро-тур по Данангу,"https://img2.creatium.app/disk2/2a/2b/f2/a172b5f725588e0fd86b3b257b6890818b/danang_enduro_tour.webp#%7B%22size%22:%5B1920,1134%5D,%22quality%22:8%7D","https://img2.creatium.app/disk2/2a/2b/f2/a172b5f725588e0fd86b3b257b6890818b/danang_enduro_tour.webp#%7B%22size%22:%5B1920,1134%5D,%22quality%22:8%7D",external,,
/ru/danang,"https://img2.creatium.app/disk2/74/3e/02/ff458435218d1e864c9b8072e3545412ef/danang_moto_tour_3.webp#%7B%22size%22:%5B1920,1134%5D,%22quality%22:8%7D","https://img2.creatium.app/disk2/74/3e/02/ff458435218d1e864c9b8072e3545412ef/danang_moto_tour_3.webp#%7B%22size%22:%5B1920,1134%5D,%22quality%22:8%7D","https://img2.creatium.app/disk2/74/3e/02/ff458435218d1e864c9b8072e3545412ef/danang_moto_tour_3.webp#%7B%22size%22:%5B1920,1134%5D,%22quality%22:8%7D",external,,
/ru/danang,Подробнее о туре,/ru/all-tours/danang-enduro-tour-one-day,/ru/all-tours/danang-enduro-tour-one-day,internal,200,/ru/all-tours/danang-enduro-tour-one-day
/ru/danang,Все туры,/ru/all-tours,/ru/all-tours,internal,200,/ru/all-tours
/ru/danang,Тип: Мини группа,http://,http://,external,,
/ru/danang,Размер группы: 4 человека,http://,http://,external,,
/ru/danang,Продолжительность: 3 часа,http://,http://,external,,
/ru/danang,"Подтверждение бронирования: сделайте запись как минимум за 2 дня. Организатор подтвердит бронирование на выбранную вами дату, после чего вы внесете предоплату в размере 30%.",http://,http://,external,,
/ru/danang,https://t.me/mototourvietnam,https://t.me/mototourvietnam,https://t.me/mototourvietnam,external,,
/ru/danang,https://www.instagram.com/enduro.vietnam,https://www.instagram.com/enduro.vietnam,https://www.instagram.com/enduro.vietnam,external,,
/ru/danang,https://wa.me/79994564498,https://wa.me/79994564498,https://wa.me/79994564498,external,,
/ru/danang,Расширенный маршрут по Данангу,"https://img2.creatium.app/disk2/29/80/81/dddf1f46b86788ae42b0eab6882359ae0c/danang_moto_tour.webp#%7B%22size%22:%5B1920,1134%5D,%22quality%22:8%7D","https://img2.creatium.app/disk2/29/80/81/dddf1f46b86788ae42b0eab6882359ae0c/danang_moto_tour.webp#%7B%22size%22:%5B1920,1134%5D,%22quality%22:8%7D",external,,
/ru/danang,Расширенный эндуро-тур по Данангу,"https://img2.creatium.app/disk2/80/f0/6d/a3e48900caf6dd69736a0b3e5beb0331b2/danang_moto_tour_6.webp#%7B%22size%22:%5B1920,1134%5D,%22quality%22:8%7D","https://img2.creatium.app/disk2/80/f0/6d/a3e48900caf6dd69736a0b3e5beb0331b2/danang_moto_tour_6.webp#%7B%22size%22:%5B1920,1134%5D,%22quality%22:8%7D",external,,
/ru/danang,"https://img2.creatium.app/disk2/a6/35/3e/d21db5b9bfc9442bcdff68426b4b35446b/danang_enduro_tour_3.webp#%7B%22size%22:%5B1920,1134%5D,%22quality%22:8%7D","https://img2.creatium.app/disk2/a6/35/3e/d21db5b9bfc9442bcdff68426b4b35446b/danang_enduro_tour_3.webp#%7B%22size%22:%5B1920,1134%5D,%22quality%22:8%7D","https://img2.creatium.app/disk2/a6/35/3e/d21db5b9bfc9442bcdff68426b4b35446b/danang_enduro_tour_3.webp#%7B%22size%22:%5B1920,1134%5D,%22quality%22:8%7D",external,,
/ru/danang,Расширенный эндуро-тур по Данангу,"https://img2.creatium.app/disk2/23/8d/ef/60db6a9d5f9e489baf53d98864b28ebf4c/danang_enduro_tour_1.webp#%7B%22size%22:%5B1920,1134%5D,%22quality%22:8%7D","https://img2.creatium.app/disk2/23/8d/ef/60db6a9d5f9e489baf53d98864b28ebf4c/danang_enduro_tour_1.webp#%7B%22size%22:%5B1920,1134%5D,%22quality%22:8%7D",external,,
/ru/danang,"https://img2.creatium.app/disk2/23/8d/ef/60db6a9d5f9e489baf53d98864b28ebf4c/danang_enduro_tour_1.webp#%7B%22size%22:%5B1920,1134%5D,%22quality%22:8%7D","https://img2.creatium.app/disk2/23/8d/ef/60db6a9d5f9e489baf53d98864b28ebf4c/danang_enduro_tour_1.webp#%7B%22size%22:%5B1920,1134%5D,%22quality%22:8%7D","https://img2.creatium.app/disk2/23/8d/ef/60db6a9d5f9e489baf53d98864b28ebf4c/danang_enduro_tour_1.webp#%7B%22size%22:%5B1920,1134%5D,%22quality%22:8%7D",external,,
/ru/danang,Подробнее о туре,/ru/all-tours/danang-enduro-tour-advanced,/ru/all-tours/danang-enduro-tour-advanced,internal,200,/ru/all-tours/danang-enduro-tour-advanced
/ru/danang,Все туры,/ru/all-tours,/ru/all-tours,internal,200,/ru/all-tours
/ru/danang,Тип: Мини группа,http://,http://,external,,
/ru/danang,Размер группы: 4 человека,http://,http://,external,,
/ru/danang,Продолжительность: 6 часов,http://,http://,external,,
/ru/danang,"Подтверждение бронирования: сделайте запись как минимум за 2 дня. Организатор подтвердит бронирование на выбранную вами дату, после чего вы внесете предоплату в размере 30%.",http://,http://,external,,
/ru/danang,https://t.me/mototourvietnam,https://t.me/mototourvietnam,https://t.me/mototourvietnam,external,,
/ru/danang,https://www.instagram.com/enduro.vietnam,https://www.instagram.com/enduro.vietnam,https://www.instagram.com/enduro.vietnam,external,,
/ru/danang,https://wa.me/79994564498,https://wa.me/79994564498,https://wa.me/79994564498,external,,
/ru/danang,https://t.me/mototourvietnam,https://t.me/mototourvietnam,https://t.me/mototourvietnam,external,,
/ru/danang,https://www.instagram.com/enduro.vietnam,https://www.instagram.com/enduro.vietnam,https://www.instagram.com/enduro.vietnam,external,,
/ru/danang,https://wa.me/79994564498,https://wa.me/79994564498,https://wa.me/79994564498,external,,
/ru/danang,https://t.me/mototourvietnam,https://t.me/mototourvietnam,https://t.me/mototourvietnam,external,,
/ru/danang,https://www.instagram.com/enduro.vietnam,https://www.instagram.com/enduro.vietnam,https://www.instagram.com/enduro.vietnam,external,,
/ru/danang,https://wa.me/79994564498,https://wa.me/79994564498,https://wa.me/79994564498,external,,
/ru/danang,https://t.me/mototourvietnam,https://t.me/mototourvietnam,https://t.me/mototourvietnam,external,,
/ru/danang,https://www.instagram.com/enduro.vietnam,https://www.instagram.com/enduro.vietnam,https://www.instagram.com/enduro.vietnam,external,,
/ru/danang,https://wa.me/79994564498,https://wa.me/79994564498,https://wa.me/79994564498,external,,
/ru/danang,https://t.me/mototourvietnam,https://t.me/mototourvietnam,https://t.me/mototourvietnam,external,,
/ru/danang,https://www.instagram.com/enduro.vietnam,https://www.instagram.com/enduro.vietnam,https://www.instagram.com/enduro.vietnam,external,,
/ru/danang,https://wa.me/79994564498,https://wa.me/79994564498,https://wa.me/79994564498,external,,
/ru/danang,https://t.me/mototourvietnam,https://t.me/mototourvietnam,https://t.me/mototourvietnam,external,,
/ru/danang,https://www.instagram.com/enduro.vietnam,https://www.instagram.com/enduro.vietnam,https://www.instagram.com/enduro.vietnam,external,,
/ru/danang,https://wa.me/79994564498,https://wa.me/79994564498,https://wa.me/79994564498,external,,
/ru/danang,go to Google maps,https://maps.app.goo.gl/SS6RstzSVXo9Xgjy7,https://maps.app.goo.gl/SS6RstzSVXo9Xgjy7,external,,
/ru/danang,go to tripadvisor,https://www.tripadvisor.ru/Attraction_Review-g293922-d19701190-Reviews-Enduro_Vietnam-Da_Lat_Lam_Dong_Province.html,https://www.tripadvisor.ru/Attraction_Review-g293922-d19701190-Reviews-Enduro_Vietnam-Da_Lat_Lam_Dong_Province.html,external,,
/ru/danang,go to facebook,https://www.facebook.com/profile.php?id=61585240226310,https://www.facebook.com/profile.php?id=61585240226310,external,,
/ru/danang,go to Instagram,https://www.instagram.com/enduro.vietnam,https://www.instagram.com/enduro.vietnam,external,,
/ru/danang,go to Youtube,https://www.youtube.com/@Enduro.Vietnam,https://www.youtube.com/@Enduro.Vietnam,external,,
/ru/danang,обработку персональных данных,/privacy,/privacy,internal,200,/privacy
/ru/danang,logo YouTube,https://youtube.com/@enduro.vietnam?si=FDMtZYMkF863JBpP,https://youtube.com/@enduro.vietnam?si=FDMtZYMkF863JBpP,external,,
/ru/danang,youtube.com/@enduro.vietnam,https://youtube.com/@enduro.vietnam?si=FDMtZYMkF863JBpP,https://youtube.com/@enduro.vietnam?si=FDMtZYMkF863JBpP,external,,
/ru/danang,logo Instagram,https://www.instagram.com/enduro.vietnam/,https://www.instagram.com/enduro.vietnam/,external,,
/ru/danang,instagram.com/enduro.vietnam,https://www.instagram.com/enduro.vietnam/,https://www.instagram.com/enduro.vietnam/,external,,
/ru/danang,"https://img2.creatium.app/plp/i.1.creatium.io/disk2/9b/8a/2c/c08c9947c8b142a4a9616d09467e014e59/img_4380.webp#%7B%22size%22:%5B2268,4032%5D,%22quality%22:8%7D","https://img2.creatium.app/plp/i.1.creatium.io/disk2/9b/8a/2c/c08c9947c8b142a4a9616d09467e014e59/img_4380.webp#%7B%22size%22:%5B2268,4032%5D,%22quality%22:8%7D","https://img2.creatium.app/plp/i.1.creatium.io/disk2/9b/8a/2c/c08c9947c8b142a4a9616d09467e014e59/img_4380.webp#%7B%22size%22:%5B2268,4032%5D,%22quality%22:8%7D",external,,
/ru/danang,"https://img2.creatium.app/plp/i.1.creatium.io/disk2/fe/10/6e/831d8f6f92d2204fc4e9f9fb48a611b2a5/snimok_ekrana_2025_11_11_v_22_10_58.png#%7B%22size%22:%5B606,1078%5D,%22quality%22:8%7D","https://img2.creatium.app/plp/i.1.creatium.io/disk2/fe/10/6e/831d8f6f92d2204fc4e9f9fb48a611b2a5/snimok_ekrana_2025_11_11_v_22_10_58.png#%7B%22size%22:%5B606,1078%5D,%22quality%22:8%7D","https://img2.creatium.app/plp/i.1.creatium.io/disk2/fe/10/6e/831d8f6f92d2204fc4e9f9fb48a611b2a5/snimok_ekrana_2025_11_11_v_22_10_58.png#%7B%22size%22:%5B606,1078%5D,%22quality%22:8%7D",external,,
/ru/danang,"https://img2.creatium.app/plp/i.1.creatium.io/disk2/6b/83/e2/058aba02e47da14bde4f01a0f6d91a9fcc/img_4208.webp#%7B%22size%22:%5B2268,4032%5D,%22quality%22:8%7D","https://img2.creatium.app/plp/i.1.creatium.io/disk2/6b/83/e2/058aba02e47da14bde4f01a0f6d91a9fcc/img_4208.webp#%7B%22size%22:%5B2268,4032%5D,%22quality%22:8%7D","https://img2.creatium.app/plp/i.1.creatium.io/disk2/6b/83/e2/058aba02e47da14bde4f01a0f6d91a9fcc/img_4208.webp#%7B%22size%22:%5B2268,4032%5D,%22quality%22:8%7D",external,,
/ru/danang,"https://img2.creatium.app/plp/i.1.creatium.io/disk2/86/b0/57/857e2198d932fcda3db83e89803632e03e/1_2.webp#%7B%22size%22:%5B1129,2007%5D,%22quality%22:8%7D","https://img2.creatium.app/plp/i.1.creatium.io/disk2/86/b0/57/857e2198d932fcda3db83e89803632e03e/1_2.webp#%7B%22size%22:%5B1129,2007%5D,%22quality%22:8%7D","https://img2.creatium.app/plp/i.1.creatium.io/disk2/86/b0/57/857e2198d932fcda3db83e89803632e03e/1_2.webp#%7B%22size%22:%5B1129,2007%5D,%22quality%22:8%7D",external,,
/ru/danang,"https://img2.creatium.app/plp/i.1.creatium.io/disk2/70/93/75/3ae36b4e3aca4386e2caa4cfa1f976e588/snimok_ekrana_2025_11_11_v_22_12_22.webp#%7B%22size%22:%5B606,1078%5D,%22quality%22:8%7D","https://img2.creatium.app/plp/i.1.creatium.io/disk2/70/93/75/3ae36b4e3aca4386e2caa4cfa1f976e588/snimok_ekrana_2025_11_11_v_22_12_22.webp#%7B%22size%22:%5B606,1078%5D,%22quality%22:8%7D","https://img2.creatium.app/plp/i.1.creatium.io/disk2/70/93/75/3ae36b4e3aca4386e2caa4cfa1f976e588/snimok_ekrana_2025_11_11_v_22_12_22.webp#%7B%22size%22:%5B606,1078%5D,%22quality%22:8%7D",external,,
/ru/danang,"https://img2.creatium.app/plp/i.1.creatium.io/disk2/89/c4/0b/cb2c02c8c5a2934e03b930a999dce41515/img_5924.webp#%7B%22size%22:%5B2268,4032%5D,%22quality%22:8%7D","https://img2.creatium.app/plp/i.1.creatium.io/disk2/89/c4/0b/cb2c02c8c5a2934e03b930a999dce41515/img_5924.webp#%7B%22size%22:%5B2268,4032%5D,%22quality%22:8%7D","https://img2.creatium.app/plp/i.1.creatium.io/disk2/89/c4/0b/cb2c02c8c5a2934e03b930a999dce41515/img_5924.webp#%7B%22size%22:%5B2268,4032%5D,%22quality%22:8%7D",external,,
/ru/danang,"https://img2.creatium.app/plp/i.1.creatium.io/disk2/5e/b9/39/a2c637595f867dd2c1b0e5bc04e8e8baa2/88e132ce_6a81_4b7a_b6d0_822d19f831f0.jpg#%7B%22size%22:%5B2160,3840%5D,%22quality%22:8%7D","https://img2.creatium.app/plp/i.1.creatium.io/disk2/5e/b9/39/a2c637595f867dd2c1b0e5bc04e8e8baa2/88e132ce_6a81_4b7a_b6d0_822d19f831f0.jpg#%7B%22size%22:%5B2160,3840%5D,%22quality%22:8%7D","https://img2.creatium.app/plp/i.1.creatium.io/disk2/5e/b9/39/a2c637595f867dd2c1b0e5bc04e8e8baa2/88e132ce_6a81_4b7a_b6d0_822d19f831f0.jpg#%7B%22size%22:%5B2160,3840%5D,%22quality%22:8%7D",external,,
/ru/danang,"https://img2.creatium.app/plp/i.1.creatium.io/disk2/b3/70/84/590fac1f01010a61c2d48bfd976fc15e24/snimok_ekrana_2025_11_11_v_22_09_34.png#%7B%22size%22:%5B606,1078%5D,%22quality%22:8%7D","https://img2.creatium.app/plp/i.1.creatium.io/disk2/b3/70/84/590fac1f01010a61c2d48bfd976fc15e24/snimok_ekrana_2025_11_11_v_22_09_34.png#%7B%22size%22:%5B606,1078%5D,%22quality%22:8%7D","https://img2.creatium.app/plp/i.1.creatium.io/disk2/b3/70/84/590fac1f01010a61c2d48bfd976fc15e24/snimok_ekrana_2025_11_11_v_22_09_34.png#%7B%22size%22:%5B606,1078%5D,%22quality%22:8%7D",external,,
/ru/danang,"https://img2.creatium.app/plp/i.1.creatium.io/disk2/a2/0b/b2/b68fa16aa7cf3519d45164fbec61972a40/img_6084.webp#%7B%22size%22:%5B2268,4032%5D,%22quality%22:8%7D","https://img2.creatium.app/plp/i.1.creatium.io/disk2/a2/0b/b2/b68fa16aa7cf3519d45164fbec61972a40/img_6084.webp#%7B%22size%22:%5B2268,4032%5D,%22quality%22:8%7D","https://img2.creatium.app/plp/i.1.creatium.io/disk2/a2/0b/b2/b68fa16aa7cf3519d45164fbec61972a40/img_6084.webp#%7B%22size%22:%5B2268,4032%5D,%22quality%22:8%7D",external,,
/ru/danang,https://t.me/mototourvietnam,https://t.me/mototourvietnam,https://t.me/mototourvietnam,external,,
/ru/danang,Главная страница,/ru,/ru,internal,200,/ru
/ru/danang,Эндуро туры в Далате,/ru/dalat,/ru/dalat,internal,200,/ru/dalat
/ru/danang,Эндуро туры в Нячанге,/ru/nhatrang,/ru/nhatrang,internal,200,/ru/nhatrang
/ru/danang,Эндуро туры в Дананге,/ru/danang,/ru/danang,internal,200,/ru/danang
/ru/danang,Эндуро туры в Муйне,/ru/muine,/ru/muine,internal,200,/ru/muine
/ru/danang,Все туры,/ru/all-tours,/ru/all-tours,internal,200,/ru/all-tours
/ru/danang,Аренда скутеров Далат,/rent-motorbike-dalat,/rent-motorbike-dalat,internal,200,/rent-motorbike-dalat
/ru/danang,Аренда скутеров Нячанг,ru/rent-scooter-nhatrang,/ru/rent-scooter-nhatrang,internal,404,/ru/ru/rent-scooter-nhatrang
/ru/danang,Enduro tours in Vietnam,/,/,internal,200,/
/ru/danang,Dalat,/dalat,/dalat,internal,200,/dalat
/ru/danang,Nha Trang,/nhatrang,/nhatrang,internal,200,/nhatrang
/ru/danang,Danang,/danang,/danang,internal,200,/danang
/ru/danang,Muine,/muine,/muine,internal,200,/muine
/ru/danang,All tours,/all-tours,/all-tours,internal,200,/all-tours
/ru/danang,Scooter rental in Dalat,/rent-motorbike-dalat,/rent-motorbike-dalat,internal,200,/rent-motorbike-dalat
/ru/danang,Scooter rental in Nha Trang,/rent-scooter-nhatrang,/rent-scooter-nhatrang,internal,200,/rent-scooter-nhatrang
/ru/danang,Vietnam,https://maps.app.goo.gl/hvewF4aRPsdtciud6,https://maps.app.goo.gl/hvewF4aRPsdtciud6,external,,
/ru/danang,https://t.me/mototourvietnam,https://t.me/mototourvietnam,https://t.me/mototourvietnam,external,,
/ru/danang,https://www.instagram.com/enduro.vietnam,https://www.instagram.com/enduro.vietnam,https://www.instagram.com/enduro.vietnam,external,,
/ru/danang,https://wa.me/79994564498,https://wa.me/79994564498,https://wa.me/79994564498,external,,
/ru/danang,https://t.me/mototourvietnam,https://t.me/mototourvietnam,https://t.me/mototourvietnam,external,,
/ru/danang,Creatium,https://creatium.app,https://creatium.app,external,,
/ru/muine,/ru,/ru,/ru,internal,200,/ru
/ru/muine,Все туры,/ru/all-tours,/ru/all-tours,internal,200,/ru/all-tours
/ru/muine,https://t.me/mototourvietnam,https://t.me/mototourvietnam,https://t.me/mototourvietnam,external,,
/ru/muine,https://www.instagram.com/enduro.vietnam,https://www.instagram.com/enduro.vietnam,https://www.instagram.com/enduro.vietnam,external,,
/ru/muine,https://wa.me/79994564498,https://wa.me/79994564498,https://wa.me/79994564498,external,,
/ru/muine,https://t.me/mototourvietnam,https://t.me/mototourvietnam,https://t.me/mototourvietnam,external,,
/ru/muine,https://www.instagram.com/enduro.vietnam,https://www.instagram.com/enduro.vietnam,https://www.instagram.com/enduro.vietnam,external,,
/ru/muine,https://wa.me/79994564498,https://wa.me/79994564498,https://wa.me/79994564498,external,,
/ru/muine,https://t.me/mototourvietnam,https://t.me/mototourvietnam,https://t.me/mototourvietnam,external,,
/ru/muine,https://www.instagram.com/enduro.vietnam,https://www.instagram.com/enduro.vietnam,https://www.instagram.com/enduro.vietnam,external,,
/ru/muine,https://wa.me/79994564498,https://wa.me/79994564498,https://wa.me/79994564498,external,,
/ru/muine,https://t.me/mototourvietnam,https://t.me/mototourvietnam,https://t.me/mototourvietnam,external,,
/ru/muine,https://www.instagram.com/enduro.vietnam,https://www.instagram.com/enduro.vietnam,https://www.instagram.com/enduro.vietnam,external,,
/ru/muine,https://wa.me/79994564498,https://wa.me/79994564498,https://wa.me/79994564498,external,,
/ru/muine,https://t.me/mototourvietnam,https://t.me/mototourvietnam,https://t.me/mototourvietnam,external,,
/ru/muine,https://www.instagram.com/enduro.vietnam,https://www.instagram.com/enduro.vietnam,https://www.instagram.com/enduro.vietnam,external,,
/ru/muine,https://wa.me/79994564498,https://wa.me/79994564498,https://wa.me/79994564498,external,,
/ru/muine,https://t.me/mototourvietnam,https://t.me/mototourvietnam,https://t.me/mototourvietnam,external,,
/ru/muine,https://www.instagram.com/enduro.vietnam,https://www.instagram.com/enduro.vietnam,https://www.instagram.com/enduro.vietnam,external,,
/ru/muine,https://wa.me/79994564498,https://wa.me/79994564498,https://wa.me/79994564498,external,,
/ru/muine,go to Google maps,https://maps.app.goo.gl/SS6RstzSVXo9Xgjy7,https://maps.app.goo.gl/SS6RstzSVXo9Xgjy7,external,,
/ru/muine,go to tripadvisor,https://www.tripadvisor.ru/Attraction_Review-g293922-d19701190-Reviews-Enduro_Vietnam-Da_Lat_Lam_Dong_Province.html,https://www.tripadvisor.ru/Attraction_Review-g293922-d19701190-Reviews-Enduro_Vietnam-Da_Lat_Lam_Dong_Province.html,external,,
/ru/muine,go to facebook,https://www.facebook.com/profile.php?id=61585240226310,https://www.facebook.com/profile.php?id=61585240226310,external,,
/ru/muine,go to Instagram,https://www.instagram.com/enduro.vietnam,https://www.instagram.com/enduro.vietnam,external,,
/ru/muine,go to Youtube,https://www.youtube.com/@Enduro.Vietnam,https://www.youtube.com/@Enduro.Vietnam,external,,
/ru/muine,обработку персональных данных,/privacy,/privacy,internal,200,/privacy
/ru/muine,logo YouTube,https://youtube.com/@enduro.vietnam?si=FDMtZYMkF863JBpP,https://youtube.com/@enduro.vietnam?si=FDMtZYMkF863JBpP,external,,
/ru/muine,youtube.com/@enduro.vietnam,https://youtube.com/@enduro.vietnam?si=FDMtZYMkF863JBpP,https://youtube.com/@enduro.vietnam?si=FDMtZYMkF863JBpP,external,,
/ru/muine,logo Instagram,https://www.instagram.com/enduro.vietnam/,https://www.instagram.com/enduro.vietnam/,external,,
/ru/muine,instagram.com/enduro.vietnam,https://www.instagram.com/enduro.vietnam/,https://www.instagram.com/enduro.vietnam/,external,,
/ru/muine,"https://img2.creatium.app/plp/i.1.creatium.io/disk2/9b/8a/2c/c08c9947c8b142a4a9616d09467e014e59/img_4380.webp#%7B%22size%22:%5B2268,4032%5D,%22quality%22:8%7D","https://img2.creatium.app/plp/i.1.creatium.io/disk2/9b/8a/2c/c08c9947c8b142a4a9616d09467e014e59/img_4380.webp#%7B%22size%22:%5B2268,4032%5D,%22quality%22:8%7D","https://img2.creatium.app/plp/i.1.creatium.io/disk2/9b/8a/2c/c08c9947c8b142a4a9616d09467e014e59/img_4380.webp#%7B%22size%22:%5B2268,4032%5D,%22quality%22:8%7D",external,,
/ru/muine,"https://img2.creatium.app/plp/i.1.creatium.io/disk2/fe/10/6e/831d8f6f92d2204fc4e9f9fb48a611b2a5/snimok_ekrana_2025_11_11_v_22_10_58.png#%7B%22size%22:%5B606,1078%5D,%22quality%22:8%7D","https://img2.creatium.app/plp/i.1.creatium.io/disk2/fe/10/6e/831d8f6f92d2204fc4e9f9fb48a611b2a5/snimok_ekrana_2025_11_11_v_22_10_58.png#%7B%22size%22:%5B606,1078%5D,%22quality%22:8%7D","https://img2.creatium.app/plp/i.1.creatium.io/disk2/fe/10/6e/831d8f6f92d2204fc4e9f9fb48a611b2a5/snimok_ekrana_2025_11_11_v_22_10_58.png#%7B%22size%22:%5B606,1078%5D,%22quality%22:8%7D",external,,
/ru/muine,"https://img2.creatium.app/plp/i.1.creatium.io/disk2/6b/83/e2/058aba02e47da14bde4f01a0f6d91a9fcc/img_4208.webp#%7B%22size%22:%5B2268,4032%5D,%22quality%22:8%7D","https://img2.creatium.app/plp/i.1.creatium.io/disk2/6b/83/e2/058aba02e47da14bde4f01a0f6d91a9fcc/img_4208.webp#%7B%22size%22:%5B2268,4032%5D,%22quality%22:8%7D","https://img2.creatium.app/plp/i.1.creatium.io/disk2/6b/83/e2/058aba02e47da14bde4f01a0f6d91a9fcc/img_4208.webp#%7B%22size%22:%5B2268,4032%5D,%22quality%22:8%7D",external,,
/ru/muine,"https://img2.creatium.app/plp/i.1.creatium.io/disk2/86/b0/57/857e2198d932fcda3db83e89803632e03e/1_2.webp#%7B%22size%22:%5B1129,2007%5D,%22quality%22:8%7D","https://img2.creatium.app/plp/i.1.creatium.io/disk2/86/b0/57/857e2198d932fcda3db83e89803632e03e/1_2.webp#%7B%22size%22:%5B1129,2007%5D,%22quality%22:8%7D","https://img2.creatium.app/plp/i.1.creatium.io/disk2/86/b0/57/857e2198d932fcda3db83e89803632e03e/1_2.webp#%7B%22size%22:%5B1129,2007%5D,%22quality%22:8%7D",external,,
/ru/muine,"https://img2.creatium.app/plp/i.1.creatium.io/disk2/70/93/75/3ae36b4e3aca4386e2caa4cfa1f976e588/snimok_ekrana_2025_11_11_v_22_12_22.webp#%7B%22size%22:%5B606,1078%5D,%22quality%22:8%7D","https://img2.creatium.app/plp/i.1.creatium.io/disk2/70/93/75/3ae36b4e3aca4386e2caa4cfa1f976e588/snimok_ekrana_2025_11_11_v_22_12_22.webp#%7B%22size%22:%5B606,1078%5D,%22quality%22:8%7D","https://img2.creatium.app/plp/i.1.creatium.io/disk2/70/93/75/3ae36b4e3aca4386e2caa4cfa1f976e588/snimok_ekrana_2025_11_11_v_22_12_22.webp#%7B%22size%22:%5B606,1078%5D,%22quality%22:8%7D",external,,
/ru/muine,"https://img2.creatium.app/plp/i.1.creatium.io/disk2/89/c4/0b/cb2c02c8c5a2934e03b930a999dce41515/img_5924.webp#%7B%22size%22:%5B2268,4032%5D,%22quality%22:8%7D","https://img2.creatium.app/plp/i.1.creatium.io/disk2/89/c4/0b/cb2c02c8c5a2934e03b930a999dce41515/img_5924.webp#%7B%22size%22:%5B2268,4032%5D,%22quality%22:8%7D","https://img2.creatium.app/plp/i.1.creatium.io/disk2/89/c4/0b/cb2c02c8c5a2934e03b930a999dce41515/img_5924.webp#%7B%22size%22:%5B2268,4032%5D,%22quality%22:8%7D",external,,
/ru/muine,"https://img2.creatium.app/plp/i.1.creatium.io/disk2/5e/b9/39/a2c637595f867dd2c1b0e5bc04e8e8baa2/88e132ce_6a81_4b7a_b6d0_822d19f831f0.jpg#%7B%22size%22:%5B2160,3840%5D,%22quality%22:8%7D","https://img2.creatium.app/plp/i.1.creatium.io/disk2/5e/b9/39/a2c637595f867dd2c1b0e5bc04e8e8baa2/88e132ce_6a81_4b7a_b6d0_822d19f831f0.jpg#%7B%22size%22:%5B2160,3840%5D,%22quality%22:8%7D","https://img2.creatium.app/plp/i.1.creatium.io/disk2/5e/b9/39/a2c637595f867dd2c1b0e5bc04e8e8baa2/88e132ce_6a81_4b7a_b6d0_822d19f831f0.jpg#%7B%22size%22:%5B2160,3840%5D,%22quality%22:8%7D",external,,
/ru/muine,"https://img2.creatium.app/plp/i.1.creatium.io/disk2/b3/70/84/590fac1f01010a61c2d48bfd976fc15e24/snimok_ekrana_2025_11_11_v_22_09_34.png#%7B%22size%22:%5B606,1078%5D,%22quality%22:8%7D","https://img2.creatium.app/plp/i.1.creatium.io/disk2/b3/70/84/590fac1f01010a61c2d48bfd976fc15e24/snimok_ekrana_2025_11_11_v_22_09_34.png#%7B%22size%22:%5B606,1078%5D,%22quality%22:8%7D","https://img2.creatium.app/plp/i.1.creatium.io/disk2/b3/70/84/590fac1f01010a61c2d48bfd976fc15e24/snimok_ekrana_2025_11_11_v_22_09_34.png#%7B%22size%22:%5B606,1078%5D,%22quality%22:8%7D",external,,
/ru/muine,"https://img2.creatium.app/plp/i.1.creatium.io/disk2/a2/0b/b2/b68fa16aa7cf3519d45164fbec61972a40/img_6084.webp#%7B%22size%22:%5B2268,4032%5D,%22quality%22:8%7D","https://img2.creatium.app/plp/i.1.creatium.io/disk2/a2/0b/b2/b68fa16aa7cf3519d45164fbec61972a40/img_6084.webp#%7B%22size%22:%5B2268,4032%5D,%22quality%22:8%7D","https://img2.creatium.app/plp/i.1.creatium.io/disk2/a2/0b/b2/b68fa16aa7cf3519d45164fbec61972a40/img_6084.webp#%7B%22size%22:%5B2268,4032%5D,%22quality%22:8%7D",external,,
/ru/muine,https://t.me/mototourvietnam,https://t.me/mototourvietnam,https://t.me/mototourvietnam,external,,
/ru/muine,Главная страница,/ru,/ru,internal,200,/ru
/ru/muine,Эндуро туры в Далате,/ru/dalat,/ru/dalat,internal,200,/ru/dalat
/ru/muine,Эндуро туры в Нячанге,/ru/nhatrang,/ru/nhatrang,internal,200,/ru/nhatrang
/ru/muine,Эндуро туры в Дананге,/ru/danang,/ru/danang,internal,200,/ru/danang
/ru/muine,Эндуро туры в Муйне,/ru/muine,/ru/muine,internal,200,/ru/muine
/ru/muine,Все туры,/ru/all-tours,/ru/all-tours,internal,200,/ru/all-tours
/ru/muine,Аренда скутеров Далат,/rent-motorbike-dalat,/rent-motorbike-dalat,internal,200,/rent-motorbike-dalat
/ru/muine,Аренда скутеров Нячанг,ru/rent-scooter-nhatrang,/ru/rent-scooter-nhatrang,internal,404,/ru/ru/rent-scooter-nhatrang
/ru/muine,Enduro tours in Vietnam,/,/,internal,200,/
/ru/muine,Dalat,/dalat,/dalat,internal,200,/dalat
/ru/muine,Nha Trang,/nhatrang,/nhatrang,internal,200,/nhatrang
/ru/muine,Danang,/danang,/danang,internal,200,/danang
/ru/muine,Muine,/muine,/muine,internal,200,/muine
/ru/muine,All tours,/all-tours,/all-tours,internal,200,/all-tours
/ru/muine,Scooter rental in Dalat,/rent-motorbike-dalat,/rent-motorbike-dalat,internal,200,/rent-motorbike-dalat
/ru/muine,Scooter rental in Nha Trang,/rent-scooter-nhatrang,/rent-scooter-nhatrang,internal,200,/rent-scooter-nhatrang
/ru/muine,Vietnam,https://maps.app.goo.gl/hvewF4aRPsdtciud6,https://maps.app.goo.gl/hvewF4aRPsdtciud6,external,,
/ru/muine,https://t.me/mototourvietnam,https://t.me/mototourvietnam,https://t.me/mototourvietnam,external,,
/ru/muine,https://www.instagram.com/enduro.vietnam,https://www.instagram.com/enduro.vietnam,https://www.instagram.com/enduro.vietnam,external,,
/ru/muine,https://wa.me/79994564498,https://wa.me/79994564498,https://wa.me/79994564498,external,,
/ru/muine,https://t.me/mototourvietnam,https://t.me/mototourvietnam,https://t.me/mototourvietnam,external,,
/ru/muine,Creatium,https://creatium.app,https://creatium.app,external,,
/ru/nhatrang,/ru,/ru,/ru,internal,200,/ru
/ru/nhatrang,Все туры,/ru/all-tours,/ru/all-tours,internal,200,/ru/all-tours
/ru/nhatrang,https://t.me/mototourvietnam,https://t.me/mototourvietnam,https://t.me/mototourvietnam,external,,
/ru/nhatrang,https://www.instagram.com/enduro.vietnam,https://www.instagram.com/enduro.vietnam,https://www.instagram.com/enduro.vietnam,external,,
/ru/nhatrang,https://wa.me/79994564498,https://wa.me/79994564498,https://wa.me/79994564498,external,,
/ru/nhatrang,Трехдневный тур: Далат и Нячанг,"https://img2.creatium.app/disk2/f2/b1/38/3abf20c46eb67a4e6fdcc5f900b00c0552/doroga_nyachang_dalat.webp#%7B%22size%22:%5B960,567%5D,%22quality%22:8%7D","https://img2.creatium.app/disk2/f2/b1/38/3abf20c46eb67a4e6fdcc5f900b00c0552/doroga_nyachang_dalat.webp#%7B%22size%22:%5B960,567%5D,%22quality%22:8%7D",external,,
/ru/nhatrang,Трехдневный эндуро-тур: Далат и Нячанг,"https://img2.creatium.app/disk2/70/f4/99/c2fd1e5688fb7570b83bc0eff19aff987c/enduro_tur.webp#%7B%22size%22:%5B960,567%5D,%22quality%22:8%7D","https://img2.creatium.app/disk2/70/f4/99/c2fd1e5688fb7570b83bc0eff19aff987c/enduro_tur.webp#%7B%22size%22:%5B960,567%5D,%22quality%22:8%7D",external,,
/ru/nhatrang,"https://img2.creatium.app/disk2/18/94/fa/974493dea7d807362857b8547cb2c09da4/enduristi_v_sosnovom_boru.webp#%7B%22size%22:%5B1792,1058%5D,%22quality%22:8%7D","https://img2.creatium.app/disk2/18/94/fa/974493dea7d807362857b8547cb2c09da4/enduristi_v_sosnovom_boru.webp#%7B%22size%22:%5B1792,1058%5D,%22quality%22:8%7D","https://img2.creatium.app/disk2/18/94/fa/974493dea7d807362857b8547cb2c09da4/enduristi_v_sosnovom_boru.webp#%7B%22size%22:%5B1792,1058%5D,%22quality%22:8%7D",external,,
/ru/nhatrang,Трехдневный эндуро-тур: Далат и Нячанг,"https://img2.creatium.app/disk2/74/29/49/913c3f016ef8c3d9beadff3a41ae9ef688/panoramniy_vid_s_gori.webp#%7B%22size%22:%5B960,567%5D,%22quality%22:8%7D","https://img2.creatium.app/disk2/74/29/49/913c3f016ef8c3d9beadff3a41ae9ef688/panoramniy_vid_s_gori.webp#%7B%22size%22:%5B960,567%5D,%22quality%22:8%7D",external,,
/ru/nhatrang,"https://img2.creatium.app/disk2/fb/81/5a/7a5ad58395c4d674e40095a2f62247bd2f/ostanovka_enduristov.webp#%7B%22size%22:%5B1792,1058%5D,%22quality%22:8%7D","https://img2.creatium.app/disk2/fb/81/5a/7a5ad58395c4d674e40095a2f62247bd2f/ostanovka_enduristov.webp#%7B%22size%22:%5B1792,1058%5D,%22quality%22:8%7D","https://img2.creatium.app/disk2/fb/81/5a/7a5ad58395c4d674e40095a2f62247bd2f/ostanovka_enduristov.webp#%7B%22size%22:%5B1792,1058%5D,%22quality%22:8%7D",external,,
/ru/nhatrang,Подробнее о туре,/ru/all-tours/three-day-tour-dalat-nhatrang,/ru/all-tours/three-day-tour-dalat-nhatrang,internal,200,/ru/all-tours/three-day-tour-dalat-nhatrang
/ru/nhatrang,Все туры,/ru/all-tours,/ru/all-tours,internal,200,/ru/all-tours
/ru/nhatrang,Тип: Мини группа,http://,http://,external,,
/ru/nhatrang,Размер группы: 4 человека,http://,http://,external,,
/ru/nhatrang,Продолжительность: 3 дня,http://,http://,external,,
/ru/nhatrang,"Подтверждение бронирования: сделайте запись как минимум за 2 дня. Организатор подтвердит бронирование на выбранную вами дату, после чего вы внесете предоплату в размере 30%.",http://,http://,external,,
/ru/nhatrang,https://t.me/mototourvietnam,https://t.me/mototourvietnam,https://t.me/mototourvietnam,external,,
/ru/nhatrang,https://www.instagram.com/enduro.vietnam,https://www.instagram.com/enduro.vietnam,https://www.instagram.com/enduro.vietnam,external,,
/ru/nhatrang,https://wa.me/79994564498,https://wa.me/79994564498,https://wa.me/79994564498,external,,
/ru/nhatrang,Однодневный тур по Нячангу,"https://img2.creatium.app/disk2/69/e8/c8/07d1bce7a2566cca01df416ebfbbe3f851/kupaemsya_v_nyachange.webp#%7B%22size%22:%5B960,567%5D,%22quality%22:8%7D","https://img2.creatium.app/disk2/69/e8/c8/07d1bce7a2566cca01df416ebfbbe3f851/kupaemsya_v_nyachange.webp#%7B%22size%22:%5B960,567%5D,%22quality%22:8%7D",external,,
/ru/nhatrang,Эндуро-тур в Нячанге,"https://img2.creatium.app/disk2/e7/09/6a/703414b497a183cd77e13467d370a18895/znakomstvo_vibor_ekipirovki.webp#%7B%22size%22:%5B1661,981%5D,%22quality%22:8%7D","https://img2.creatium.app/disk2/e7/09/6a/703414b497a183cd77e13467d370a18895/znakomstvo_vibor_ekipirovki.webp#%7B%22size%22:%5B1661,981%5D,%22quality%22:8%7D",external,,
/ru/nhatrang,"https://img2.creatium.app/disk2/c2/11/25/76438947e99438b44275590211162f332e/upal_na_motocikle.webp#%7B%22size%22:%5B960,567%5D,%22quality%22:8%7D","https://img2.creatium.app/disk2/c2/11/25/76438947e99438b44275590211162f332e/upal_na_motocikle.webp#%7B%22size%22:%5B960,567%5D,%22quality%22:8%7D","https://img2.creatium.app/disk2/c2/11/25/76438947e99438b44275590211162f332e/upal_na_motocikle.webp#%7B%22size%22:%5B960,567%5D,%22quality%22:8%7D",external,,
/ru/nhatrang,Эндуро-тур в Нячанге,"https://img2.creatium.app/disk2/85/a4/8e/db36c5904f09f962aec806bd9159b898b6/mujchina_v_ekipirovke.webp#%7B%22size%22:%5B960,567%5D,%22quality%22:8%7D","https://img2.creatium.app/disk2/85/a4/8e/db36c5904f09f962aec806bd9159b898b6/mujchina_v_ekipirovke.webp#%7B%22size%22:%5B960,567%5D,%22quality%22:8%7D",external,,
/ru/nhatrang,"https://img1.creatium.ru/a9/39/5d/8bde49b15ab709e15e2674e38e597a690c/placeholder.png#%7B%22size%22:%5B1000,1000%5D,%22quality%22:8%7D","https://img1.creatium.ru/a9/39/5d/8bde49b15ab709e15e2674e38e597a690c/placeholder.png#%7B%22size%22:%5B1000,1000%5D,%22quality%22:8%7D","https://img1.creatium.ru/a9/39/5d/8bde49b15ab709e15e2674e38e597a690c/placeholder.png#%7B%22size%22:%5B1000,1000%5D,%22quality%22:8%7D",external,,
/ru/nhatrang,Подробнее о туре,/ru/all-tours/nhatrang-enduro-tour-one-day,/ru/all-tours/nhatrang-enduro-tour-one-day,internal,200,/ru/all-tours/nhatrang-enduro-tour-one-day
/ru/nhatrang,Все туры,/ru/all-tours,/ru/all-tours,internal,200,/ru/all-tours
/ru/nhatrang,Тип: Мини группа,http://,http://,external,,
/ru/nhatrang,Размер группы: 2 человека,http://,http://,external,,
/ru/nhatrang,"Продолжительность: 2,5 часа",http://,http://,external,,
/ru/nhatrang,"Подтверждение бронирования: сделайте запись как минимум за 2 дня. Организатор подтвердит бронирование на выбранную вами дату, после чего вы внесете предоплату в размере 30%.",http://,http://,external,,
/ru/nhatrang,https://t.me/mototourvietnam,https://t.me/mototourvietnam,https://t.me/mototourvietnam,external,,
/ru/nhatrang,https://www.instagram.com/enduro.vietnam,https://www.instagram.com/enduro.vietnam,https://www.instagram.com/enduro.vietnam,external,,
/ru/nhatrang,https://wa.me/79994564498,https://wa.me/79994564498,https://wa.me/79994564498,external,,
/ru/nhatrang,Расширенный маршрут по Нячангу,"https://img2.creatium.app/disk2/68/54/7e/093c77eb7a0ad2338d3889c03f88040200/zavershenie_tura.webp#%7B%22size%22:%5B1792,1058%5D,%22quality%22:8%7D","https://img2.creatium.app/disk2/68/54/7e/093c77eb7a0ad2338d3889c03f88040200/zavershenie_tura.webp#%7B%22size%22:%5B1792,1058%5D,%22quality%22:8%7D",external,,
/ru/nhatrang,Расширенный тур по Нячангу,"https://img2.creatium.app/disk2/53/7c/dc/e27809dd3a03fac0989d38626407d81f60/pereriv_na_perekus_dalat.webp#%7B%22size%22:%5B1792,1058%5D,%22quality%22:8%7D","https://img2.creatium.app/disk2/53/7c/dc/e27809dd3a03fac0989d38626407d81f60/pereriv_na_perekus_dalat.webp#%7B%22size%22:%5B1792,1058%5D,%22quality%22:8%7D",external,,
/ru/nhatrang,"https://img2.creatium.app/disk2/69/e8/c8/07d1bce7a2566cca01df416ebfbbe3f851/kupaemsya_v_nyachange.webp#%7B%22size%22:%5B960,567%5D,%22quality%22:8%7D","https://img2.creatium.app/disk2/69/e8/c8/07d1bce7a2566cca01df416ebfbbe3f851/kupaemsya_v_nyachange.webp#%7B%22size%22:%5B960,567%5D,%22quality%22:8%7D","https://img2.creatium.app/disk2/69/e8/c8/07d1bce7a2566cca01df416ebfbbe3f851/kupaemsya_v_nyachange.webp#%7B%22size%22:%5B960,567%5D,%22quality%22:8%7D",external,,
/ru/nhatrang,Расширенный тур по Нячангу,"https://img2.creatium.app/disk2/c2/11/25/76438947e99438b44275590211162f332e/upal_na_motocikle.webp#%7B%22size%22:%5B960,567%5D,%22quality%22:8%7D","https://img2.creatium.app/disk2/c2/11/25/76438947e99438b44275590211162f332e/upal_na_motocikle.webp#%7B%22size%22:%5B960,567%5D,%22quality%22:8%7D",external,,
/ru/nhatrang,"https://img1.creatium.ru/a9/39/5d/8bde49b15ab709e15e2674e38e597a690c/placeholder.png#%7B%22size%22:%5B1000,1000%5D,%22quality%22:8%7D","https://img1.creatium.ru/a9/39/5d/8bde49b15ab709e15e2674e38e597a690c/placeholder.png#%7B%22size%22:%5B1000,1000%5D,%22quality%22:8%7D","https://img1.creatium.ru/a9/39/5d/8bde49b15ab709e15e2674e38e597a690c/placeholder.png#%7B%22size%22:%5B1000,1000%5D,%22quality%22:8%7D",external,,
/ru/nhatrang,Подробнее о туре,/ru/all-tours/nhatrang-enduro-tour-advanced,/ru/all-tours/nhatrang-enduro-tour-advanced,internal,200,/ru/all-tours/nhatrang-enduro-tour-advanced
/ru/nhatrang,Все туры,/ru/all-tours,/ru/all-tours,internal,200,/ru/all-tours
/ru/nhatrang,Тип: Мини группа,http://,http://,external,,
/ru/nhatrang,Размер группы: 2 человека,http://,http://,external,,
/ru/nhatrang,Продолжительность: 4 часа,http://,http://,external,,
/ru/nhatrang,"Подтверждение бронирования: сделайте запись как минимум за 2 дня. Организатор подтвердит бронирование на выбранную вами дату, после чего вы внесете предоплату в размере 30%.",http://,http://,external,,
/ru/nhatrang,https://t.me/mototourvietnam,https://t.me/mototourvietnam,https://t.me/mototourvietnam,external,,
/ru/nhatrang,https://www.instagram.com/enduro.vietnam,https://www.instagram.com/enduro.vietnam,https://www.instagram.com/enduro.vietnam,external,,
/ru/nhatrang,https://wa.me/79994564498,https://wa.me/79994564498,https://wa.me/79994564498,external,,
/ru/nhatrang,https://t.me/mototourvietnam,https://t.me/mototourvietnam,https://t.me/mototourvietnam,external,,
/ru/nhatrang,https://www.instagram.com/enduro.vietnam,https://www.instagram.com/enduro.vietnam,https://www.instagram.com/enduro.vietnam,external,,
/ru/nhatrang,https://wa.me/79994564498,https://wa.me/79994564498,https://wa.me/79994564498,external,,
/ru/nhatrang,https://t.me/mototourvietnam,https://t.me/mototourvietnam,https://t.me/mototourvietnam,external,,
/ru/nhatrang,https://www.instagram.com/enduro.vietnam,https://www.instagram.com/enduro.vietnam,https://www.instagram.com/enduro.vietnam,external,,
/ru/nhatrang,https://wa.me/79994564498,https://wa.me/79994564498,https://wa.me/79994564498,external,,
/ru/nhatrang,https://t.me/mototourvietnam,https://t.me/mototourvietnam,https://t.me/mototourvietnam,external,,
/ru/nhatrang,https://www.instagram.com/enduro.vietnam,https://www.instagram.com/enduro.vietnam,https://www.instagram.com/enduro.vietnam,external,,
/ru/nhatrang,https://wa.me/79994564498,https://wa.me/79994564498,https://wa.me/79994564498,external,,
/ru/nhatrang,https://t.me/mototourvietnam,https://t.me/mototourvietnam,https://t.me/mototourvietnam,external,,
/ru/nhatrang,https://www.instagram.com/enduro.vietnam,https://www.instagram.com/enduro.vietnam,https://www.instagram.com/enduro.vietnam,external,,
/ru/nhatrang,https://wa.me/79994564498,https://wa.me/79994564498,https://wa.me/79994564498,external,,
/ru/nhatrang,https://t.me/mototourvietnam,https://t.me/mototourvietnam,https://t.me/mototourvietnam,external,,
/ru/nhatrang,https://www.instagram.com/enduro.vietnam,https://www.instagram.com/enduro.vietnam,https://www.instagram.com/enduro.vietnam,external,,
/ru/nhatrang,https://wa.me/79994564498,https://wa.me/79994564498,https://wa.me/79994564498,external,,
/ru/nhatrang,go to Google maps,https://maps.app.goo.gl/SS6RstzSVXo9Xgjy7,https://maps.app.goo.gl/SS6RstzSVXo9Xgjy7,external,,
/ru/nhatrang,go to tripadvisor,https://www.tripadvisor.ru/Attraction_Review-g293922-d19701190-Reviews-Enduro_Vietnam-Da_Lat_Lam_Dong_Province.html,https://www.tripadvisor.ru/Attraction_Review-g293922-d19701190-Reviews-Enduro_Vietnam-Da_Lat_Lam_Dong_Province.html,external,,
/ru/nhatrang,go to facebook,https://www.facebook.com/profile.php?id=61585240226310,https://www.facebook.com/profile.php?id=61585240226310,external,,
/ru/nhatrang,go to Instagram,https://www.instagram.com/enduro.vietnam,https://www.instagram.com/enduro.vietnam,external,,
/ru/nhatrang,go to Youtube,https://www.youtube.com/@Enduro.Vietnam,https://www.youtube.com/@Enduro.Vietnam,external,,
/ru/nhatrang,обработку персональных данных,/privacy,/privacy,internal,200,/privacy
/ru/nhatrang,logo YouTube,https://youtube.com/@enduro.vietnam?si=FDMtZYMkF863JBpP,https://youtube.com/@enduro.vietnam?si=FDMtZYMkF863JBpP,external,,
/ru/nhatrang,youtube.com/@enduro.vietnam,https://youtube.com/@enduro.vietnam?si=FDMtZYMkF863JBpP,https://youtube.com/@enduro.vietnam?si=FDMtZYMkF863JBpP,external,,
/ru/nhatrang,logo Instagram,https://www.instagram.com/enduro.vietnam/,https://www.instagram.com/enduro.vietnam/,external,,
/ru/nhatrang,instagram.com/enduro.vietnam,https://www.instagram.com/enduro.vietnam/,https://www.instagram.com/enduro.vietnam/,external,,
/ru/nhatrang,"https://img2.creatium.app/plp/i.1.creatium.io/disk2/9b/8a/2c/c08c9947c8b142a4a9616d09467e014e59/img_4380.webp#%7B%22size%22:%5B2268,4032%5D,%22quality%22:8%7D","https://img2.creatium.app/plp/i.1.creatium.io/disk2/9b/8a/2c/c08c9947c8b142a4a9616d09467e014e59/img_4380.webp#%7B%22size%22:%5B2268,4032%5D,%22quality%22:8%7D","https://img2.creatium.app/plp/i.1.creatium.io/disk2/9b/8a/2c/c08c9947c8b142a4a9616d09467e014e59/img_4380.webp#%7B%22size%22:%5B2268,4032%5D,%22quality%22:8%7D",external,,
/ru/nhatrang,"https://img2.creatium.app/plp/i.1.creatium.io/disk2/fe/10/6e/831d8f6f92d2204fc4e9f9fb48a611b2a5/snimok_ekrana_2025_11_11_v_22_10_58.png#%7B%22size%22:%5B606,1078%5D,%22quality%22:8%7D","https://img2.creatium.app/plp/i.1.creatium.io/disk2/fe/10/6e/831d8f6f92d2204fc4e9f9fb48a611b2a5/snimok_ekrana_2025_11_11_v_22_10_58.png#%7B%22size%22:%5B606,1078%5D,%22quality%22:8%7D","https://img2.creatium.app/plp/i.1.creatium.io/disk2/fe/10/6e/831d8f6f92d2204fc4e9f9fb48a611b2a5/snimok_ekrana_2025_11_11_v_22_10_58.png#%7B%22size%22:%5B606,1078%5D,%22quality%22:8%7D",external,,
/ru/nhatrang,"https://img2.creatium.app/plp/i.1.creatium.io/disk2/6b/83/e2/058aba02e47da14bde4f01a0f6d91a9fcc/img_4208.webp#%7B%22size%22:%5B2268,4032%5D,%22quality%22:8%7D","https://img2.creatium.app/plp/i.1.creatium.io/disk2/6b/83/e2/058aba02e47da14bde4f01a0f6d91a9fcc/img_4208.webp#%7B%22size%22:%5B2268,4032%5D,%22quality%22:8%7D","https://img2.creatium.app/plp/i.1.creatium.io/disk2/6b/83/e2/058aba02e47da14bde4f01a0f6d91a9fcc/img_4208.webp#%7B%22size%22:%5B2268,4032%5D,%22quality%22:8%7D",external,,
/ru/nhatrang,"https://img2.creatium.app/plp/i.1.creatium.io/disk2/86/b0/57/857e2198d932fcda3db83e89803632e03e/1_2.webp#%7B%22size%22:%5B1129,2007%5D,%22quality%22:8%7D","https://img2.creatium.app/plp/i.1.creatium.io/disk2/86/b0/57/857e2198d932fcda3db83e89803632e03e/1_2.webp#%7B%22size%22:%5B1129,2007%5D,%22quality%22:8%7D","https://img2.creatium.app/plp/i.1.creatium.io/disk2/86/b0/57/857e2198d932fcda3db83e89803632e03e/1_2.webp#%7B%22size%22:%5B1129,2007%5D,%22quality%22:8%7D",external,,
/ru/nhatrang,"https://img2.creatium.app/plp/i.1.creatium.io/disk2/70/93/75/3ae36b4e3aca4386e2caa4cfa1f976e588/snimok_ekrana_2025_11_11_v_22_12_22.webp#%7B%22size%22:%5B606,1078%5D,%22quality%22:8%7D","https://img2.creatium.app/plp/i.1.creatium.io/disk2/70/93/75/3ae36b4e3aca4386e2caa4cfa1f976e588/snimok_ekrana_2025_11_11_v_22_12_22.webp#%7B%22size%22:%5B606,1078%5D,%22quality%22:8%7D","https://img2.creatium.app/plp/i.1.creatium.io/disk2/70/93/75/3ae36b4e3aca4386e2caa4cfa1f976e588/snimok_ekrana_2025_11_11_v_22_12_22.webp#%7B%22size%22:%5B606,1078%5D,%22quality%22:8%7D",external,,
/ru/nhatrang,"https://img2.creatium.app/plp/i.1.creatium.io/disk2/89/c4/0b/cb2c02c8c5a2934e03b930a999dce41515/img_5924.webp#%7B%22size%22:%5B2268,4032%5D,%22quality%22:8%7D","https://img2.creatium.app/plp/i.1.creatium.io/disk2/89/c4/0b/cb2c02c8c5a2934e03b930a999dce41515/img_5924.webp#%7B%22size%22:%5B2268,4032%5D,%22quality%22:8%7D","https://img2.creatium.app/plp/i.1.creatium.io/disk2/89/c4/0b/cb2c02c8c5a2934e03b930a999dce41515/img_5924.webp#%7B%22size%22:%5B2268,4032%5D,%22quality%22:8%7D",external,,
/ru/nhatrang,"https://img2.creatium.app/plp/i.1.creatium.io/disk2/5e/b9/39/a2c637595f867dd2c1b0e5bc04e8e8baa2/88e132ce_6a81_4b7a_b6d0_822d19f831f0.jpg#%7B%22size%22:%5B2160,3840%5D,%22quality%22:8%7D","https://img2.creatium.app/plp/i.1.creatium.io/disk2/5e/b9/39/a2c637595f867dd2c1b0e5bc04e8e8baa2/88e132ce_6a81_4b7a_b6d0_822d19f831f0.jpg#%7B%22size%22:%5B2160,3840%5D,%22quality%22:8%7D","https://img2.creatium.app/plp/i.1.creatium.io/disk2/5e/b9/39/a2c637595f867dd2c1b0e5bc04e8e8baa2/88e132ce_6a81_4b7a_b6d0_822d19f831f0.jpg#%7B%22size%22:%5B2160,3840%5D,%22quality%22:8%7D",external,,
/ru/nhatrang,"https://img2.creatium.app/plp/i.1.creatium.io/disk2/b3/70/84/590fac1f01010a61c2d48bfd976fc15e24/snimok_ekrana_2025_11_11_v_22_09_34.png#%7B%22size%22:%5B606,1078%5D,%22quality%22:8%7D","https://img2.creatium.app/plp/i.1.creatium.io/disk2/b3/70/84/590fac1f01010a61c2d48bfd976fc15e24/snimok_ekrana_2025_11_11_v_22_09_34.png#%7B%22size%22:%5B606,1078%5D,%22quality%22:8%7D","https://img2.creatium.app/plp/i.1.creatium.io/disk2/b3/70/84/590fac1f01010a61c2d48bfd976fc15e24/snimok_ekrana_2025_11_11_v_22_09_34.png#%7B%22size%22:%5B606,1078%5D,%22quality%22:8%7D",external,,
/ru/nhatrang,"https://img2.creatium.app/plp/i.1.creatium.io/disk2/a2/0b/b2/b68fa16aa7cf3519d45164fbec61972a40/img_6084.webp#%7B%22size%22:%5B2268,4032%5D,%22quality%22:8%7D","https://img2.creatium.app/plp/i.1.creatium.io/disk2/a2/0b/b2/b68fa16aa7cf3519d45164fbec61972a40/img_6084.webp#%7B%22size%22:%5B2268,4032%5D,%22quality%22:8%7D","https://img2.creatium.app/plp/i.1.creatium.io/disk2/a2/0b/b2/b68fa16aa7cf3519d45164fbec61972a40/img_6084.webp#%7B%22size%22:%5B2268,4032%5D,%22quality%22:8%7D",external,,
/ru/nhatrang,https://t.me/mototourvietnam,https://t.me/mototourvietnam,https://t.me/mototourvietnam,external,,
/ru/nhatrang,Главная страница,/ru,/ru,internal,200,/ru
/ru/nhatrang,Эндуро туры в Далате,/ru/dalat,/ru/dalat,internal,200,/ru/dalat
/ru/nhatrang,Эндуро туры в Нячанге,/ru/nhatrang,/ru/nhatrang,internal,200,/ru/nhatrang
/ru/nhatrang,Эндуро туры в Дананге,/ru/danang,/ru/danang,internal,200,/ru/danang
/ru/nhatrang,Эндуро туры в Муйне,/ru/muine,/ru/muine,internal,200,/ru/muine
/ru/nhatrang,Все туры,/ru/all-tours,/ru/all-tours,internal,200,/ru/all-tours
/ru/nhatrang,Аренда скутеров Далат,/rent-motorbike-dalat,/rent-motorbike-dalat,internal,200,/rent-motorbike-dalat
/ru/nhatrang,Аренда скутеров Нячанг,ru/rent-scooter-nhatrang,/ru/rent-scooter-nhatrang,internal,404,/ru/ru/rent-scooter-nhatrang
/ru/nhatrang,Enduro tours in Vietnam,/,/,internal,200,/
/ru/nhatrang,Dalat,/dalat,/dalat,internal,200,/dalat
/ru/nhatrang,Nha Trang,/nhatrang,/nhatrang,internal,200,/nhatrang
/ru/nhatrang,Danang,/danang,/danang,internal,200,/danang
/ru/nhatrang,Muine,/muine,/muine,internal,200,/muine
/ru/nhatrang,All tours,/all-tours,/all-tours,internal,200,/all-tours
/ru/nhatrang,Scooter rental in Dalat,/rent-motorbike-dalat,/rent-motorbike-dalat,internal,200,/rent-motorbike-dalat
/ru/nhatrang,Scooter rental in Nha Trang,/rent-scooter-nhatrang,/rent-scooter-nhatrang,internal,200,/rent-scooter-nhatrang
/ru/nhatrang,Vietnam,https://maps.app.goo.gl/hvewF4aRPsdtciud6,https://maps.app.goo.gl/hvewF4aRPsdtciud6,external,,
/ru/nhatrang,https://t.me/mototourvietnam,https://t.me/mototourvietnam,https://t.me/mototourvietnam,external,,
/ru/nhatrang,https://www.instagram.com/enduro.vietnam,https://www.instagram.com/enduro.vietnam,https://www.instagram.com/enduro.vietnam,external,,
/ru/nhatrang,https://wa.me/79994564498,https://wa.me/79994564498,https://wa.me/79994564498,external,,
/ru/nhatrang,https://t.me/mototourvietnam,https://t.me/mototourvietnam,https://t.me/mototourvietnam,external,,
/ru/nhatrang,Creatium,https://creatium.app,https://creatium.app,external,,
/ru/rent-motorbike-dalat,/ru,/ru,/ru,internal,200,/ru
/ru/rent-motorbike-dalat,Все туры,/ru/all-tours,/ru/all-tours,internal,200,/ru/all-tours
/ru/rent-motorbike-dalat,https://t.me/mototourvietnam,https://t.me/mototourvietnam,https://t.me/mototourvietnam,external,,
/ru/rent-motorbike-dalat,https://www.instagram.com/enduro.vietnam,https://www.instagram.com/enduro.vietnam,https://www.instagram.com/enduro.vietnam,external,,
/ru/rent-motorbike-dalat,https://wa.me/79994564498,https://wa.me/79994564498,https://wa.me/79994564498,external,,
/ru/rent-motorbike-dalat,Yamaha Nouvo LX 135,https://t.me/zack1308?text=Hello!%20I'm%20from%20the%20enduro-vietnam%20website%2C%20I'd%20like%20to%20rent%20a%20scooter,https://t.me/zack1308?text=Hello!%20I'm%20from%20the%20enduro-vietnam%20website%2C%20I'd%20like%20to%20rent%20a%20scooter,external,,
/ru/rent-motorbike-dalat,Telegram,https://t.me/zack1308?text=Hello!%20I'm%20from%20the%20enduro-vietnam%20website%2C%20I'd%20like%20to%20rent%20a%20scooter,https://t.me/zack1308?text=Hello!%20I'm%20from%20the%20enduro-vietnam%20website%2C%20I'd%20like%20to%20rent%20a%20scooter,external,,
/ru/rent-motorbike-dalat,WhatsApp,https://api.whatsapp.com/send/?phone=84814286838&text=Hello!%20I'm%20from%20the%20enduro-vietnam%20website%2C%20I'd%20like%20to%20rent%20a%20scooter,https://api.whatsapp.com/send/?phone=84814286838&text=Hello!%20I'm%20from%20the%20enduro-vietnam%20website%2C%20I'd%20like%20to%20rent%20a%20scooter,external,,
/ru/rent-motorbike-dalat,Yamaha NVX 155,https://t.me/zack1308?text=Hello!%20I'm%20from%20the%20enduro-vietnam%20website%2C%20I'd%20like%20to%20rent%20a%20scooter,https://t.me/zack1308?text=Hello!%20I'm%20from%20the%20enduro-vietnam%20website%2C%20I'd%20like%20to%20rent%20a%20scooter,external,,
/ru/rent-motorbike-dalat,Telegram,https://t.me/zack1308?text=Hello!%20I'm%20from%20the%20enduro-vietnam%20website%2C%20I'd%20like%20to%20rent%20a%20scooter,https://t.me/zack1308?text=Hello!%20I'm%20from%20the%20enduro-vietnam%20website%2C%20I'd%20like%20to%20rent%20a%20scooter,external,,
/ru/rent-motorbike-dalat,WhatsApp,https://api.whatsapp.com/send/?phone=84814286838&text=Hello!%20I'm%20from%20the%20enduro-vietnam%20website%2C%20I'd%20like%20to%20rent%20a%20scooter,https://api.whatsapp.com/send/?phone=84814286838&text=Hello!%20I'm%20from%20the%20enduro-vietnam%20website%2C%20I'd%20like%20to%20rent%20a%20scooter,external,,
/ru/rent-motorbike-dalat,Honda Leed 125,https://t.me/zack1308?text=Hello!%20I'm%20from%20the%20enduro-vietnam%20website%2C%20I'd%20like%20to%20rent%20a%20scooter,https://t.me/zack1308?text=Hello!%20I'm%20from%20the%20enduro-vietnam%20website%2C%20I'd%20like%20to%20rent%20a%20scooter,external,,
/ru/rent-motorbike-dalat,Telegram,https://t.me/zack1308?text=Hello!%20I'm%20from%20the%20enduro-vietnam%20website%2C%20I'd%20like%20to%20rent%20a%20scooter,https://t.me/zack1308?text=Hello!%20I'm%20from%20the%20enduro-vietnam%20website%2C%20I'd%20like%20to%20rent%20a%20scooter,external,,
/ru/rent-motorbike-dalat,WhatsApp,https://api.whatsapp.com/send/?phone=84814286838&text=Hello!%20I'm%20from%20the%20enduro-vietnam%20website%2C%20I'd%20like%20to%20rent%20a%20scooter,https://api.whatsapp.com/send/?phone=84814286838&text=Hello!%20I'm%20from%20the%20enduro-vietnam%20website%2C%20I'd%20like%20to%20rent%20a%20scooter,external,,
/ru/rent-motorbike-dalat,Yamaha Nouvo LX6,https://t.me/zack1308?text=Hello!%20I'm%20from%20the%20enduro-vietnam%20website%2C%20I'd%20like%20to%20rent%20a%20scooter,https://t.me/zack1308?text=Hello!%20I'm%20from%20the%20enduro-vietnam%20website%2C%20I'd%20like%20to%20rent%20a%20scooter,external,,
/ru/rent-motorbike-dalat,Telegram,https://t.me/zack1308?text=Hello!%20I'm%20from%20the%20enduro-vietnam%20website%2C%20I'd%20like%20to%20rent%20a%20scooter,https://t.me/zack1308?text=Hello!%20I'm%20from%20the%20enduro-vietnam%20website%2C%20I'd%20like%20to%20rent%20a%20scooter,external,,
/ru/rent-motorbike-dalat,WhatsApp,https://api.whatsapp.com/send/?phone=84814286838&text=Hello!%20I'm%20from%20the%20enduro-vietnam%20website%2C%20I'd%20like%20to%20rent%20a%20scooter,https://api.whatsapp.com/send/?phone=84814286838&text=Hello!%20I'm%20from%20the%20enduro-vietnam%20website%2C%20I'd%20like%20to%20rent%20a%20scooter,external,,
/ru/rent-motorbike-dalat,Sym WOLF 125,https://t.me/lebede_ff?text=Hello!%20I'm%20from%20the%20enduro-vietnam%20website%2C%20I'd%20like%20to%20rent%20a%20scooter,https://t.me/lebede_ff?text=Hello!%20I'm%20from%20the%20enduro-vietnam%20website%2C%20I'd%20like%20to%20rent%20a%20scooter,external,,
/ru/rent-motorbike-dalat,Telegram,https://t.me/lebede_ff?text=Hello!%20I'm%20from%20the%20enduro-vietnam%20website%2C%20I'd%20like%20to%20rent%20a%20scooter,https://t.me/lebede_ff?text=Hello!%20I'm%20from%20the%20enduro-vietnam%20website%2C%20I'd%20like%20to%20rent%20a%20scooter,external,,
/ru/rent-motorbike-dalat,WhatsApp,https://api.whatsapp.com/send/?phone=89111858927 &text=Hello!%20I'm%20from%20the%20enduro-vietnam%20website%2C%20I'd%20like%20to%20rent%20a%20scooter,https://api.whatsapp.com/send/?phone=89111858927 &text=Hello!%20I'm%20from%20the%20enduro-vietnam%20website%2C%20I'd%20like%20to%20rent%20a%20scooter,external,,
/ru/rent-motorbike-dalat,Peugeot Django,https://t.me/lebede_ff?text=Hello!%20I'm%20from%20the%20enduro-vietnam%20website%2C%20I'd%20like%20to%20rent%20a%20scooter,https://t.me/lebede_ff?text=Hello!%20I'm%20from%20the%20enduro-vietnam%20website%2C%20I'd%20like%20to%20rent%20a%20scooter,external,,
/ru/rent-motorbike-dalat,Telegram,https://t.me/lebede_ff?text=Hello!%20I'm%20from%20the%20enduro-vietnam%20website%2C%20I'd%20like%20to%20rent%20a%20scooter,https://t.me/lebede_ff?text=Hello!%20I'm%20from%20the%20enduro-vietnam%20website%2C%20I'd%20like%20to%20rent%20a%20scooter,external,,
/ru/rent-motorbike-dalat,WhatsApp,https://api.whatsapp.com/send/?phone=89111858927 &text=Hello!%20I'm%20from%20the%20enduro-vietnam%20website%2C%20I'd%20like%20to%20rent%20a%20scooter,https://api.whatsapp.com/send/?phone=89111858927 &text=Hello!%20I'm%20from%20the%20enduro-vietnam%20website%2C%20I'd%20like%20to%20rent%20a%20scooter,external,,
/ru/rent-motorbike-dalat,SYM Attila Elizabeth,https://t.me/lebede_ff?text=Hello!%20I'm%20from%20the%20enduro-vietnam%20website%2C%20I'd%20like%20to%20rent%20a%20scooter,https://t.me/lebede_ff?text=Hello!%20I'm%20from%20the%20enduro-vietnam%20website%2C%20I'd%20like%20to%20rent%20a%20scooter,external,,
/ru/rent-motorbike-dalat,Telegram,https://t.me/lebede_ff?text=Hello!%20I'm%20from%20the%20enduro-vietnam%20website%2C%20I'd%20like%20to%20rent%20a%20scooter,https://t.me/lebede_ff?text=Hello!%20I'm%20from%20the%20enduro-vietnam%20website%2C%20I'd%20like%20to%20rent%20a%20scooter,external,,
/ru/rent-motorbike-dalat,WhatsApp,https://api.whatsapp.com/send/?phone=89111858927 &text=Hello!%20I'm%20from%20the%20enduro-vietnam%20website%2C%20I'd%20like%20to%20rent%20a%20scooter,https://api.whatsapp.com/send/?phone=89111858927 &text=Hello!%20I'm%20from%20the%20enduro-vietnam%20website%2C%20I'd%20like%20to%20rent%20a%20scooter,external,,
/ru/rent-motorbike-dalat,SYM Attila,https://t.me/lebede_ff?text=Hello!%20I'm%20from%20the%20enduro-vietnam%20website%2C%20I'd%20like%20to%20rent%20a%20scooter,https://t.me/lebede_ff?text=Hello!%20I'm%20from%20the%20enduro-vietnam%20website%2C%20I'd%20like%20to%20rent%20a%20scooter,external,,
/ru/rent-motorbike-dalat,Telegram,https://t.me/lebede_ff?text=Hello!%20I'm%20from%20the%20enduro-vietnam%20website%2C%20I'd%20like%20to%20rent%20a%20scooter,https://t.me/lebede_ff?text=Hello!%20I'm%20from%20the%20enduro-vietnam%20website%2C%20I'd%20like%20to%20rent%20a%20scooter,external,,
/ru/rent-motorbike-dalat,WhatsApp,https://api.whatsapp.com/send/?phone=89111858927 &text=Hello!%20I'm%20from%20the%20enduro-vietnam%20website%2C%20I'd%20like%20to%20rent%20a%20scooter,https://api.whatsapp.com/send/?phone=89111858927 &text=Hello!%20I'm%20from%20the%20enduro-vietnam%20website%2C%20I'd%20like%20to%20rent%20a%20scooter,external,,
/ru/rent-motorbike-dalat,Honda Winner X,https://t.me/lebede_ff?text=Hello!%20I'm%20from%20the%20enduro-vietnam%20website%2C%20I'd%20like%20to%20rent%20a%20scooter,https://t.me/lebede_ff?text=Hello!%20I'm%20from%20the%20enduro-vietnam%20website%2C%20I'd%20like%20to%20rent%20a%20scooter,external,,
/ru/rent-motorbike-dalat,Telegram,https://t.me/lebede_ff?text=Hello!%20I'm%20from%20the%20enduro-vietnam%20website%2C%20I'd%20like%20to%20rent%20a%20scooter,https://t.me/lebede_ff?text=Hello!%20I'm%20from%20the%20enduro-vietnam%20website%2C%20I'd%20like%20to%20rent%20a%20scooter,external,,
/ru/rent-motorbike-dalat,WhatsApp,https://api.whatsapp.com/send/?phone=89111858927 &text=Hello!%20I'm%20from%20the%20enduro-vietnam%20website%2C%20I'd%20like%20to%20rent%20a%20scooter,https://api.whatsapp.com/send/?phone=89111858927 &text=Hello!%20I'm%20from%20the%20enduro-vietnam%20website%2C%20I'd%20like%20to%20rent%20a%20scooter,external,,
/ru/rent-motorbike-dalat,csgt.vn/tra-cuu-phat-nguoi,https://www.csgt.vn/tra-cuu-phat-nguoi,https://www.csgt.vn/tra-cuu-phat-nguoi,external,,
/ru/rent-motorbike-dalat,phatnguoi.vn,https://phatnguoi.vn/,https://phatnguoi.vn/,external,,
/ru/rent-motorbike-dalat,https://t.me/mototourvietnam,https://t.me/mototourvietnam,https://t.me/mototourvietnam,external,,
/ru/rent-motorbike-dalat,go to Google maps,https://maps.app.goo.gl/SS6RstzSVXo9Xgjy7,https://maps.app.goo.gl/SS6RstzSVXo9Xgjy7,external,,
/ru/rent-motorbike-dalat,go to tripadvisor,https://www.tripadvisor.ru/Attraction_Review-g293922-d19701190-Reviews-Enduro_Vietnam-Da_Lat_Lam_Dong_Province.html,https://www.tripadvisor.ru/Attraction_Review-g293922-d19701190-Reviews-Enduro_Vietnam-Da_Lat_Lam_Dong_Province.html,external,,
/ru/rent-motorbike-dalat,go to facebook,https://www.facebook.com/profile.php?id=61585240226310,https://www.facebook.com/profile.php?id=61585240226310,external,,
/ru/rent-motorbike-dalat,go to Instagram,https://www.instagram.com/enduro.vietnam,https://www.instagram.com/enduro.vietnam,external,,
/ru/rent-motorbike-dalat,go to Youtube,https://www.youtube.com/@Enduro.Vietnam,https://www.youtube.com/@Enduro.Vietnam,external,,
/ru/rent-motorbike-dalat,Главная страница,/ru,/ru,internal,200,/ru
/ru/rent-motorbike-dalat,Эндуро туры в Далате,/ru/dalat,/ru/dalat,internal,200,/ru/dalat
/ru/rent-motorbike-dalat,Эндуро туры в Нячанге,/ru/nhatrang,/ru/nhatrang,internal,200,/ru/nhatrang
/ru/rent-motorbike-dalat,Эндуро туры в Дананге,/ru/danang,/ru/danang,internal,200,/ru/danang
/ru/rent-motorbike-dalat,Эндуро туры в Муйне,/ru/muine,/ru/muine,internal,200,/ru/muine
/ru/rent-motorbike-dalat,Все туры,/ru/all-tours,/ru/all-tours,internal,200,/ru/all-tours
/ru/rent-motorbike-dalat,Аренда скутеров Далат,/rent-motorbike-dalat,/rent-motorbike-dalat,internal,200,/rent-motorbike-dalat
/ru/rent-motorbike-dalat,Аренда скутеров Нячанг,ru/rent-scooter-nhatrang,/ru/rent-scooter-nhatrang,internal,404,/ru/ru/rent-scooter-nhatrang
/ru/rent-motorbike-dalat,Enduro tours in Vietnam,/,/,internal,200,/
/ru/rent-motorbike-dalat,Dalat,/dalat,/dalat,internal,200,/dalat
/ru/rent-motorbike-dalat,Nha Trang,/nhatrang,/nhatrang,internal,200,/nhatrang
/ru/rent-motorbike-dalat,Danang,/danang,/danang,internal,200,/danang
/ru/rent-motorbike-dalat,Muine,/muine,/muine,internal,200,/muine
/ru/rent-motorbike-dalat,All tours,/all-tours,/all-tours,internal,200,/all-tours
/ru/rent-motorbike-dalat,Scooter rental in Dalat,/rent-motorbike-dalat,/rent-motorbike-dalat,internal,200,/rent-motorbike-dalat
/ru/rent-motorbike-dalat,Scooter rental in Nha Trang,/rent-scooter-nhatrang,/rent-scooter-nhatrang,internal,200,/rent-scooter-nhatrang
/ru/rent-motorbike-dalat,Vietnam,https://maps.app.goo.gl/hvewF4aRPsdtciud6,https://maps.app.goo.gl/hvewF4aRPsdtciud6,external,,
/ru/rent-motorbike-dalat,https://t.me/mototourvietnam,https://t.me/mototourvietnam,https://t.me/mototourvietnam,external,,
/ru/rent-motorbike-dalat,https://www.instagram.com/enduro.vietnam,https://www.instagram.com/enduro.vietnam,https://www.instagram.com/enduro.vietnam,external,,
/ru/rent-motorbike-dalat,https://wa.me/79994564498,https://wa.me/79994564498,https://wa.me/79994564498,external,,
/ru/rent-motorbike-dalat,https://t.me/mototourvietnam,https://t.me/mototourvietnam,https://t.me/mototourvietnam,external,,
/ru/rent-motorbike-dalat,Creatium,https://creatium.app,https://creatium.app,external,,
/ru/rent-scooter-nhatrang,/ru,/ru,/ru,internal,200,/ru
/ru/rent-scooter-nhatrang,Все туры,/ru/all-tours,/ru/all-tours,internal,200,/ru/all-tours
/ru/rent-scooter-nhatrang,https://t.me/mototourvietnam,https://t.me/mototourvietnam,https://t.me/mototourvietnam,external,,
/ru/rent-scooter-nhatrang,https://www.instagram.com/enduro.vietnam,https://www.instagram.com/enduro.vietnam,https://www.instagram.com/enduro.vietnam,external,,
/ru/rent-scooter-nhatrang,https://wa.me/79994564498,https://wa.me/79994564498,https://wa.me/79994564498,external,,
/ru/rent-scooter-nhatrang,rent motorbike,https://t.me/AAA_Viktorovich,https://t.me/AAA_Viktorovich,external,,
/ru/rent-scooter-nhatrang,Написать в ватсап,https://t.me/AAA_Viktorovich,https://t.me/AAA_Viktorovich,external,,
/ru/rent-scooter-nhatrang,https://t.me/AAA_Viktorovich?text=Hello!%20I'm%20from%20the%20enduro-vietnam%20website%2C%20I'd%20like%20to%20rent%20a%20scooter,https://t.me/AAA_Viktorovich?text=Hello!%20I'm%20from%20the%20enduro-vietnam%20website%2C%20I'd%20like%20to%20rent%20a%20scooter,https://t.me/AAA_Viktorovich?text=Hello!%20I'm%20from%20the%20enduro-vietnam%20website%2C%20I'd%20like%20to%20rent%20a%20scooter,external,,
/ru/rent-scooter-nhatrang,https://t.me/AAA_Viktorovich?text=Hello!%20I'm%20from%20the%20enduro-vietnam%20website%2C%20I'd%20like%20to%20rent%20a%20scooter,https://t.me/AAA_Viktorovich?text=Hello!%20I'm%20from%20the%20enduro-vietnam%20website%2C%20I'd%20like%20to%20rent%20a%20scooter,https://t.me/AAA_Viktorovich?text=Hello!%20I'm%20from%20the%20enduro-vietnam%20website%2C%20I'd%20like%20to%20rent%20a%20scooter,external,,
/ru/rent-scooter-nhatrang,https://t.me/AAA_Viktorovich?text=Hello!%20I'm%20from%20the%20enduro-vietnam%20website%2C%20I'd%20like%20to%20rent%20a%20scooter,https://t.me/AAA_Viktorovich?text=Hello!%20I'm%20from%20the%20enduro-vietnam%20website%2C%20I'd%20like%20to%20rent%20a%20scooter,https://t.me/AAA_Viktorovich?text=Hello!%20I'm%20from%20the%20enduro-vietnam%20website%2C%20I'd%20like%20to%20rent%20a%20scooter,external,,
/ru/rent-scooter-nhatrang,https://t.me/AAA_Viktorovich?text=Hello!%20I'm%20from%20the%20enduro-vietnam%20website%2C%20I'd%20like%20to%20rent%20a%20scooter,https://t.me/AAA_Viktorovich?text=Hello!%20I'm%20from%20the%20enduro-vietnam%20website%2C%20I'd%20like%20to%20rent%20a%20scooter,https://t.me/AAA_Viktorovich?text=Hello!%20I'm%20from%20the%20enduro-vietnam%20website%2C%20I'd%20like%20to%20rent%20a%20scooter,external,,
/ru/rent-scooter-nhatrang,https://t.me/AAA_Viktorovich?text=Hello!%20I'm%20from%20the%20enduro-vietnam%20website%2C%20I'd%20like%20to%20rent%20a%20scooter,https://t.me/AAA_Viktorovich?text=Hello!%20I'm%20from%20the%20enduro-vietnam%20website%2C%20I'd%20like%20to%20rent%20a%20scooter,https://t.me/AAA_Viktorovich?text=Hello!%20I'm%20from%20the%20enduro-vietnam%20website%2C%20I'd%20like%20to%20rent%20a%20scooter,external,,
/ru/rent-scooter-nhatrang,https://t.me/AAA_Viktorovich?text=Hello!%20I'm%20from%20the%20enduro-vietnam%20website%2C%20I'd%20like%20to%20rent%20a%20scooter,https://t.me/AAA_Viktorovich?text=Hello!%20I'm%20from%20the%20enduro-vietnam%20website%2C%20I'd%20like%20to%20rent%20a%20scooter,https://t.me/AAA_Viktorovich?text=Hello!%20I'm%20from%20the%20enduro-vietnam%20website%2C%20I'd%20like%20to%20rent%20a%20scooter,external,,
/ru/rent-scooter-nhatrang,https://t.me/AAA_Viktorovich?text=Hello!%20I'm%20from%20the%20enduro-vietnam%20website%2C%20I'd%20like%20to%20rent%20a%20scooter,https://t.me/AAA_Viktorovich?text=Hello!%20I'm%20from%20the%20enduro-vietnam%20website%2C%20I'd%20like%20to%20rent%20a%20scooter,https://t.me/AAA_Viktorovich?text=Hello!%20I'm%20from%20the%20enduro-vietnam%20website%2C%20I'd%20like%20to%20rent%20a%20scooter,external,,
/ru/rent-scooter-nhatrang,https://t.me/AAA_Viktorovich?text=Hello!%20I'm%20from%20the%20enduro-vietnam%20website%2C%20I'd%20like%20to%20rent%20a%20scooter,https://t.me/AAA_Viktorovich?text=Hello!%20I'm%20from%20the%20enduro-vietnam%20website%2C%20I'd%20like%20to%20rent%20a%20scooter,https://t.me/AAA_Viktorovich?text=Hello!%20I'm%20from%20the%20enduro-vietnam%20website%2C%20I'd%20like%20to%20rent%20a%20scooter,external,,
/ru/rent-scooter-nhatrang,https://t.me/AAA_Viktorovich?text=Hello!%20I'm%20from%20the%20enduro-vietnam%20website%2C%20I'd%20like%20to%20rent%20a%20scooter,https://t.me/AAA_Viktorovich?text=Hello!%20I'm%20from%20the%20enduro-vietnam%20website%2C%20I'd%20like%20to%20rent%20a%20scooter,https://t.me/AAA_Viktorovich?text=Hello!%20I'm%20from%20the%20enduro-vietnam%20website%2C%20I'd%20like%20to%20rent%20a%20scooter,external,,
/ru/rent-scooter-nhatrang,https://t.me/AAA_Viktorovich?text=Hello!%20I'm%20from%20the%20enduro-vietnam%20website%2C%20I'd%20like%20to%20rent%20a%20scooter,https://t.me/AAA_Viktorovich?text=Hello!%20I'm%20from%20the%20enduro-vietnam%20website%2C%20I'd%20like%20to%20rent%20a%20scooter,https://t.me/AAA_Viktorovich?text=Hello!%20I'm%20from%20the%20enduro-vietnam%20website%2C%20I'd%20like%20to%20rent%20a%20scooter,external,,
/ru/rent-scooter-nhatrang,https://t.me/AAA_Viktorovich?text=Hello!%20I'm%20from%20the%20enduro-vietnam%20website%2C%20I'd%20like%20to%20rent%20a%20scooter,https://t.me/AAA_Viktorovich?text=Hello!%20I'm%20from%20the%20enduro-vietnam%20website%2C%20I'd%20like%20to%20rent%20a%20scooter,https://t.me/AAA_Viktorovich?text=Hello!%20I'm%20from%20the%20enduro-vietnam%20website%2C%20I'd%20like%20to%20rent%20a%20scooter,external,,
/ru/rent-scooter-nhatrang,https://t.me/AAA_Viktorovich?text=Hello!%20I'm%20from%20the%20enduro-vietnam%20website%2C%20I'd%20like%20to%20rent%20a%20scooter,https://t.me/AAA_Viktorovich?text=Hello!%20I'm%20from%20the%20enduro-vietnam%20website%2C%20I'd%20like%20to%20rent%20a%20scooter,https://t.me/AAA_Viktorovich?text=Hello!%20I'm%20from%20the%20enduro-vietnam%20website%2C%20I'd%20like%20to%20rent%20a%20scooter,external,,
/ru/rent-scooter-nhatrang,https://t.me/AAA_Viktorovich?text=Hello!%20I'm%20from%20the%20enduro-vietnam%20website%2C%20I'd%20like%20to%20rent%20a%20scooter,https://t.me/AAA_Viktorovich?text=Hello!%20I'm%20from%20the%20enduro-vietnam%20website%2C%20I'd%20like%20to%20rent%20a%20scooter,https://t.me/AAA_Viktorovich?text=Hello!%20I'm%20from%20the%20enduro-vietnam%20website%2C%20I'd%20like%20to%20rent%20a%20scooter,external,,
/ru/rent-scooter-nhatrang,https://t.me/AAA_Viktorovich?text=Hello!%20I'm%20from%20the%20enduro-vietnam%20website%2C%20I'd%20like%20to%20rent%20a%20scooter,https://t.me/AAA_Viktorovich?text=Hello!%20I'm%20from%20the%20enduro-vietnam%20website%2C%20I'd%20like%20to%20rent%20a%20scooter,https://t.me/AAA_Viktorovich?text=Hello!%20I'm%20from%20the%20enduro-vietnam%20website%2C%20I'd%20like%20to%20rent%20a%20scooter,external,,
/ru/rent-scooter-nhatrang,csgt.vn/tra-cuu-phat-nguoi,https://www.csgt.vn/tra-cuu-phat-nguoi,https://www.csgt.vn/tra-cuu-phat-nguoi,external,,
/ru/rent-scooter-nhatrang,phatnguoi.vn,https://phatnguoi.vn/,https://phatnguoi.vn/,external,,
/ru/rent-scooter-nhatrang,https://t.me/mototourvietnam,https://t.me/mototourvietnam,https://t.me/mototourvietnam,external,,
/ru/rent-scooter-nhatrang,go to Google maps,https://maps.app.goo.gl/SS6RstzSVXo9Xgjy7,https://maps.app.goo.gl/SS6RstzSVXo9Xgjy7,external,,
/ru/rent-scooter-nhatrang,go to tripadvisor,https://www.tripadvisor.ru/Attraction_Review-g293922-d19701190-Reviews-Enduro_Vietnam-Da_Lat_Lam_Dong_Province.html,https://www.tripadvisor.ru/Attraction_Review-g293922-d19701190-Reviews-Enduro_Vietnam-Da_Lat_Lam_Dong_Province.html,external,,
/ru/rent-scooter-nhatrang,go to facebook,https://www.facebook.com/profile.php?id=61585240226310,https://www.facebook.com/profile.php?id=61585240226310,external,,
/ru/rent-scooter-nhatrang,go to Instagram,https://www.instagram.com/enduro.vietnam,https://www.instagram.com/enduro.vietnam,external,,
/ru/rent-scooter-nhatrang,go to Youtube,https://www.youtube.com/@Enduro.Vietnam,https://www.youtube.com/@Enduro.Vietnam,external,,
/ru/rent-scooter-nhatrang,Главная страница,/ru,/ru,internal,200,/ru
/ru/rent-scooter-nhatrang,Эндуро туры в Далате,/ru/dalat,/ru/dalat,internal,200,/ru/dalat
/ru/rent-scooter-nhatrang,Эндуро туры в Нячанге,/ru/nhatrang,/ru/nhatrang,internal,200,/ru/nhatrang
/ru/rent-scooter-nhatrang,Эндуро туры в Дананге,/ru/danang,/ru/danang,internal,200,/ru/danang
/ru/rent-scooter-nhatrang,Эндуро туры в Муйне,/ru/muine,/ru/muine,internal,200,/ru/muine
/ru/rent-scooter-nhatrang,Все туры,/ru/all-tours,/ru/all-tours,internal,200,/ru/all-tours
/ru/rent-scooter-nhatrang,Аренда скутеров Далат,/rent-motorbike-dalat,/rent-motorbike-dalat,internal,200,/rent-motorbike-dalat
/ru/rent-scooter-nhatrang,Аренда скутеров Нячанг,ru/rent-scooter-nhatrang,/ru/rent-scooter-nhatrang,internal,404,/ru/ru/rent-scooter-nhatrang
/ru/rent-scooter-nhatrang,Enduro tours in Vietnam,/,/,internal,200,/
/ru/rent-scooter-nhatrang,Dalat,/dalat,/dalat,internal,200,/dalat
/ru/rent-scooter-nhatrang,Nha Trang,/nhatrang,/nhatrang,internal,200,/nhatrang
/ru/rent-scooter-nhatrang,Danang,/danang,/danang,internal,200,/danang
/ru/rent-scooter-nhatrang,Muine,/muine,/muine,internal,200,/muine
/ru/rent-scooter-nhatrang,All tours,/all-tours,/all-tours,internal,200,/all-tours
/ru/rent-scooter-nhatrang,Scooter rental in Dalat,/rent-motorbike-dalat,/rent-motorbike-dalat,internal,200,/rent-motorbike-dalat
/ru/rent-scooter-nhatrang,Scooter rental in Nha Trang,/rent-scooter-nhatrang,/rent-scooter-nhatrang,internal,200,/rent-scooter-nhatrang
/ru/rent-scooter-nhatrang,Vietnam,https://maps.app.goo.gl/hvewF4aRPsdtciud6,https://maps.app.goo.gl/hvewF4aRPsdtciud6,external,,
/ru/rent-scooter-nhatrang,https://t.me/mototourvietnam,https://t.me/mototourvietnam,https://t.me/mototourvietnam,external,,
/ru/rent-scooter-nhatrang,https://www.instagram.com/enduro.vietnam,https://www.instagram.com/enduro.vietnam,https://www.instagram.com/enduro.vietnam,external,,
/ru/rent-scooter-nhatrang,https://wa.me/79994564498,https://wa.me/79994564498,https://wa.me/79994564498,external,,
/ru/rent-scooter-nhatrang,https://t.me/mototourvietnam,https://t.me/mototourvietnam,https://t.me/mototourvietnam,external,,
/ru/rent-scooter-nhatrang,Creatium,https://creatium.app,https://creatium.app,external,,
/nhatrang-enduro-tour-advanced,/,/,/,internal,200,/
/nhatrang-enduro-tour-advanced,All tours,/all-tours,/all-tours,internal,200,/all-tours
/nhatrang-enduro-tour-advanced,https://t.me/mototourvietnam,https://t.me/mototourvietnam,https://t.me/mototourvietnam,external,,
/nhatrang-enduro-tour-advanced,https://www.instagram.com/enduro.vietnam,https://www.instagram.com/enduro.vietnam,https://www.instagram.com/enduro.vietnam,external,,
/nhatrang-enduro-tour-advanced,https://wa.me/79994564498,https://wa.me/79994564498,https://wa.me/79994564498,external,,
/nhatrang-enduro-tour-advanced,/,/,/,internal,200,/
/nhatrang-enduro-tour-advanced,Type: Mini-band,http://,http://,external,,
/nhatrang-enduro-tour-advanced,Group size: 2 people,http://,http://,external,,
/nhatrang-enduro-tour-advanced,Duration: 4 hours,http://,http://,external,,
/nhatrang-enduro-tour-advanced,"Booking confirmation: record at least 2 days in advance. The organizer will confirm the booking for the date you have chosen, after which you will make a 30% prepayment.",http://,http://,external,,
/nhatrang-enduro-tour-advanced,Solo Tour  $150,http://,http://,external,,
/nhatrang-enduro-tour-advanced,There is an extended tour,http://,http://,external,,
/nhatrang-enduro-tour-advanced,To book,https://t.me/mototourvietnam,https://t.me/mototourvietnam,external,,
/nhatrang-enduro-tour-advanced,https://t.me/mototourvietnam,https://t.me/mototourvietnam,https://t.me/mototourvietnam,external,,
/nhatrang-enduro-tour-advanced,https://www.instagram.com/enduro.vietnam,https://www.instagram.com/enduro.vietnam,https://www.instagram.com/enduro.vietnam,external,,
/nhatrang-enduro-tour-advanced,https://wa.me/79994564498,https://wa.me/79994564498,https://wa.me/79994564498,external,,
/nhatrang-enduro-tour-advanced,Enduro Vietnam,/,/,internal,200,/
/nhatrang-enduro-tour-advanced,To book,https://t.me/mototourvietnam,https://t.me/mototourvietnam,external,,
/nhatrang-enduro-tour-advanced,To book,https://t.me/mototourvietnam,https://t.me/mototourvietnam,external,,
/nhatrang-enduro-tour-advanced,https://t.me/mototourvietnam,https://t.me/mototourvietnam,https://t.me/mototourvietnam,external,,
/nhatrang-enduro-tour-advanced,https://www.instagram.com/enduro.vietnam,https://www.instagram.com/enduro.vietnam,https://www.instagram.com/enduro.vietnam,external,,
/nhatrang-enduro-tour-advanced,https://wa.me/79994564498,https://wa.me/79994564498,https://wa.me/79994564498,external,,
/nhatrang-enduro-tour-advanced,Enduro Vietnam,/,/,internal,200,/
/nhatrang-enduro-tour-advanced,To book,https://t.me/mototourvietnam,https://t.me/mototourvietnam,external,,
/nhatrang-enduro-tour-advanced,Watch more tours,https://enduro-vietnam.com/all-tours/,/all-tours,internal,200,/all-tours
/nhatrang-enduro-tour-advanced,TO BOOK,https://t.me/mototourvietnam,https://t.me/mototourvietnam,external,,
/nhatrang-enduro-tour-advanced,READ MORE,https://enduro-vietnam.com/all-tours/dalat-enduro-tour-one-day,/all-tours/dalat-enduro-tour-one-day,internal,200,/all-tours/dalat-enduro-tour-one-day
/nhatrang-enduro-tour-advanced,TO BOOK,https://t.me/mototourvietnam,https://t.me/mototourvietnam,external,,
/nhatrang-enduro-tour-advanced,READ MORE,https://enduro-vietnam.com/all-tours/dalat-enduro-tour-advanced,/all-tours/dalat-enduro-tour-advanced,internal,200,/all-tours/dalat-enduro-tour-advanced
/nhatrang-enduro-tour-advanced,TO BOOK,https://t.me/mototourvietnam,https://t.me/mototourvietnam,external,,
/nhatrang-enduro-tour-advanced,READ MORE,https://enduro-vietnam.com/all-tours/dalat-enduro-tour-two-day,/all-tours/dalat-enduro-tour-two-day,internal,200,/all-tours/dalat-enduro-tour-two-day
/nhatrang-enduro-tour-advanced,TO BOOK,https://t.me/mototourvietnam,https://t.me/mototourvietnam,external,,
/nhatrang-enduro-tour-advanced,READ MORE,https://enduro-vietnam.com/all-tours/three-day-tour-dalat-nhatrang,/all-tours/three-day-tour-dalat-nhatrang,internal,200,/all-tours/three-day-tour-dalat-nhatrang
/nhatrang-enduro-tour-advanced,TO BOOK,https://t.me/mototourvietnam,https://t.me/mototourvietnam,external,,
/nhatrang-enduro-tour-advanced,READ MORE,https://enduro-vietnam.com/all-tours/three-day-tour-dalat-muine,/all-tours/three-day-tour-dalat-muine,internal,200,/all-tours/three-day-tour-dalat-muine
/nhatrang-enduro-tour-advanced,TO BOOK,https://t.me/mototourvietnam,https://t.me/mototourvietnam,external,,
/nhatrang-enduro-tour-advanced,READ MORE,https://enduro-vietnam.com/all-tours/dalat-easy-rider-enduro-beginners,/all-tours/dalat-easy-rider-enduro-beginners,internal,200,/all-tours/dalat-easy-rider-enduro-beginners
/nhatrang-enduro-tour-advanced,TO BOOK,https://t.me/mototourvietnam,https://t.me/mototourvietnam,external,,
/nhatrang-enduro-tour-advanced,READ MORE,https://enduro-vietnam.com/all-tours/nhatrang-enduro-tour-one-day,/all-tours/nhatrang-enduro-tour-one-day,internal,200,/all-tours/nhatrang-enduro-tour-one-day
/nhatrang-enduro-tour-advanced,TO BOOK,https://t.me/mototourvietnam,https://t.me/mototourvietnam,external,,
/nhatrang-enduro-tour-advanced,READ MORE,https://enduro-vietnam.com/all-tours/nhatrang-enduro-tour-advanced,/all-tours/nhatrang-enduro-tour-advanced,internal,200,/all-tours/nhatrang-enduro-tour-advanced
/nhatrang-enduro-tour-advanced,TO BOOK,https://t.me/mototourvietnam,https://t.me/mototourvietnam,external,,
/nhatrang-enduro-tour-advanced,READ MORE,https://enduro-vietnam.com/all-tours/motorbike-tour-south-vietnam-4-days,/all-tours/motorbike-tour-south-vietnam-4-days,internal,200,/all-tours/motorbike-tour-south-vietnam-4-days
/nhatrang-enduro-tour-advanced,To book,https://t.me/mototourvietnam,https://t.me/mototourvietnam,external,,
/nhatrang-enduro-tour-advanced,Watch more tours,https://enduro-vietnam.com/all-tours/,/all-tours,internal,200,/all-tours
/nhatrang-enduro-tour-advanced,TO BOOK,https://t.me/mototourvietnam,https://t.me/mototourvietnam,external,,
/nhatrang-enduro-tour-advanced,READ MORE,https://enduro-vietnam.com/all-tours/dalat-enduro-tour-one-day,/all-tours/dalat-enduro-tour-one-day,internal,200,/all-tours/dalat-enduro-tour-one-day
/nhatrang-enduro-tour-advanced,TO BOOK,https://t.me/mototourvietnam,https://t.me/mototourvietnam,external,,
/nhatrang-enduro-tour-advanced,READ MORE,https://enduro-vietnam.com/all-tours/dalat-enduro-tour-advanced,/all-tours/dalat-enduro-tour-advanced,internal,200,/all-tours/dalat-enduro-tour-advanced
/nhatrang-enduro-tour-advanced,TO BOOK,https://t.me/mototourvietnam,https://t.me/mototourvietnam,external,,
/nhatrang-enduro-tour-advanced,READ MORE,https://enduro-vietnam.com/all-tours/dalat-enduro-tour-two-day,/all-tours/dalat-enduro-tour-two-day,internal,200,/all-tours/dalat-enduro-tour-two-day
/nhatrang-enduro-tour-advanced,TO BOOK,https://t.me/mototourvietnam,https://t.me/mototourvietnam,external,,
/nhatrang-enduro-tour-advanced,READ MORE,https://enduro-vietnam.com/all-tours/three-day-tour-dalat-nhatrang,/all-tours/three-day-tour-dalat-nhatrang,internal,200,/all-tours/three-day-tour-dalat-nhatrang
/nhatrang-enduro-tour-advanced,TO BOOK,https://t.me/mototourvietnam,https://t.me/mototourvietnam,external,,
/nhatrang-enduro-tour-advanced,READ MORE,https://enduro-vietnam.com/all-tours/three-day-tour-dalat-muine,/all-tours/three-day-tour-dalat-muine,internal,200,/all-tours/three-day-tour-dalat-muine
/nhatrang-enduro-tour-advanced,TO BOOK,https://t.me/mototourvietnam,https://t.me/mototourvietnam,external,,
/nhatrang-enduro-tour-advanced,READ MORE,https://enduro-vietnam.com/all-tours/dalat-easy-rider-enduro-beginners,/all-tours/dalat-easy-rider-enduro-beginners,internal,200,/all-tours/dalat-easy-rider-enduro-beginners
/nhatrang-enduro-tour-advanced,TO BOOK,https://t.me/mototourvietnam,https://t.me/mototourvietnam,external,,
/nhatrang-enduro-tour-advanced,READ MORE,https://enduro-vietnam.com/all-tours/nhatrang-enduro-tour-one-day,/all-tours/nhatrang-enduro-tour-one-day,internal,200,/all-tours/nhatrang-enduro-tour-one-day
/nhatrang-enduro-tour-advanced,TO BOOK,https://t.me/mototourvietnam,https://t.me/mototourvietnam,external,,
/nhatrang-enduro-tour-advanced,READ MORE,https://enduro-vietnam.com/all-tours/nhatrang-enduro-tour-advanced,/all-tours/nhatrang-enduro-tour-advanced,internal,200,/all-tours/nhatrang-enduro-tour-advanced
/nhatrang-enduro-tour-advanced,TO BOOK,https://t.me/mototourvietnam,https://t.me/mototourvietnam,external,,
/nhatrang-enduro-tour-advanced,READ MORE,https://enduro-vietnam.com/all-tours/motorbike-tour-south-vietnam-4-days,/all-tours/motorbike-tour-south-vietnam-4-days,internal,200,/all-tours/motorbike-tour-south-vietnam-4-days
/nhatrang-enduro-tour-advanced,TO BOOK,https://t.me/mototourvietnam,https://t.me/mototourvietnam,external,,
/nhatrang-enduro-tour-advanced,READ MORE,https://enduro-vietnam.com/all-tours/5-day-motorbike-tour-from-saigon-ho-chi-minh-city,/all-tours/5-day-motorbike-tour-from-saigon-ho-chi-minh-city,internal,200,/all-tours/5-day-motorbike-tour-from-saigon-ho-chi-minh-city
/nhatrang-enduro-tour-advanced,TO BOOK,https://t.me/mototourvietnam,https://t.me/mototourvietnam,external,,
/nhatrang-enduro-tour-advanced,READ MORE,https://enduro-vietnam.com/all-tours/mekong-delta-and-coastline-vietnam-motorbike-tour-6-days,/all-tours/mekong-delta-and-coastline-vietnam-motorbike-tour-6-days,internal,200,/all-tours/mekong-delta-and-coastline-vietnam-motorbike-tour-6-days
/nhatrang-enduro-tour-advanced,TO BOOK,https://t.me/mototourvietnam,https://t.me/mototourvietnam,external,,
/nhatrang-enduro-tour-advanced,READ MORE,https://enduro-vietnam.com/all-tours/motorcycle-tour-on-coastline-and-highlands-vietnam-7-days,/all-tours/motorcycle-tour-on-coastline-and-highlands-vietnam-7-days,internal,200,/all-tours/motorcycle-tour-on-coastline-and-highlands-vietnam-7-days
/nhatrang-enduro-tour-advanced,TO BOOK,https://t.me/mototourvietnam,https://t.me/mototourvietnam,external,,
/nhatrang-enduro-tour-advanced,READ MORE,https://enduro-vietnam.com/all-tours/saigon-motorbike-tour-10-days,/all-tours/saigon-motorbike-tour-10-days,internal,200,/all-tours/saigon-motorbike-tour-10-days
/nhatrang-enduro-tour-advanced,TO BOOK,https://t.me/mototourvietnam,https://t.me/mototourvietnam,external,,
/nhatrang-enduro-tour-advanced,READ MORE,https://enduro-vietnam.com/all-tours/south-vietnam-motorbike-tour-7-days,/all-tours/south-vietnam-motorbike-tour-7-days,internal,200,/all-tours/south-vietnam-motorbike-tour-7-days
/nhatrang-enduro-tour-advanced,Главная страница,/ru,/ru,internal,200,/ru
/nhatrang-enduro-tour-advanced,Эндуро туры в Далате,/ru/dalat,/ru/dalat,internal,200,/ru/dalat
/nhatrang-enduro-tour-advanced,Эндуро туры в Нячанге,/ru/nhatrang,/ru/nhatrang,internal,200,/ru/nhatrang
/nhatrang-enduro-tour-advanced,Эндуро туры в Дананге,/ru/danang,/ru/danang,internal,200,/ru/danang
/nhatrang-enduro-tour-advanced,Эндуро туры в Муйне,/ru/muine,/ru/muine,internal,200,/ru/muine
/nhatrang-enduro-tour-advanced,Все туры,/ru/all-tours,/ru/all-tours,internal,200,/ru/all-tours
/nhatrang-enduro-tour-advanced,Аренда скутеров Далат,ru/rent-motorbike-dalat,/ru/rent-motorbike-dalat,internal,200,/ru/rent-motorbike-dalat
/nhatrang-enduro-tour-advanced,Аренда скутеров Нячанг,ru/rent-scooter-nhatrang,/ru/rent-scooter-nhatrang,internal,200,/ru/rent-scooter-nhatrang
/nhatrang-enduro-tour-advanced,/aboutourclinic,/aboutourclinic,,unavailable,404,/aboutourclinic
/nhatrang-enduro-tour-advanced,Enduro tours in Vietnam,/,/,internal,200,/
/nhatrang-enduro-tour-advanced,Dalat,/dalat,/dalat,internal,200,/dalat
/nhatrang-enduro-tour-advanced,Nha Trang,/nhatrang,/nhatrang,internal,200,/nhatrang
/nhatrang-enduro-tour-advanced,Danang,/danang,/danang,internal,200,/danang
/nhatrang-enduro-tour-advanced,Muine,/muine,/muine,internal,200,/muine
/nhatrang-enduro-tour-advanced,All tours,/all-tours,/all-tours,internal,200,/all-tours
/nhatrang-enduro-tour-advanced,Scooter rental in Dalat,/rent-motorbike-dalat,/rent-motorbike-dalat,internal,200,/rent-motorbike-dalat
/nhatrang-enduro-tour-advanced,Scooter rental in Nha Trang,/rent-scooter-nhatrang,/rent-scooter-nhatrang,internal,200,/rent-scooter-nhatrang
/nhatrang-enduro-tour-advanced,Vietnam,https://maps.app.goo.gl/hvewF4aRPsdtciud6,https://maps.app.goo.gl/hvewF4aRPsdtciud6,external,,
/nhatrang-enduro-tour-advanced,https://t.me/mototourvietnam,https://t.me/mototourvietnam,https://t.me/mototourvietnam,external,,
/nhatrang-enduro-tour-advanced,https://www.instagram.com/enduro.vietnam,https://www.instagram.com/enduro.vietnam,https://www.instagram.com/enduro.vietnam,external,,
/nhatrang-enduro-tour-advanced,https://wa.me/79994564498,https://wa.me/79994564498,https://wa.me/79994564498,external,,
/nhatrang-enduro-tour-advanced,Enduro tours in Vietnam,/,/,internal,200,/
/nhatrang-enduro-tour-advanced,Dalat,/dalat,/dalat,internal,200,/dalat
/nhatrang-enduro-tour-advanced,Nha Trang,/nhatrang,/nhatrang,internal,200,/nhatrang
/nhatrang-enduro-tour-advanced,Danang,/danang,/danang,internal,200,/danang
/nhatrang-enduro-tour-advanced,All tours,/all-tours,/all-tours,internal,200,/all-tours
/nhatrang-enduro-tour-advanced,Scooter rental in Dalat,/rent-motorbike-dalat,/rent-motorbike-dalat,internal,200,/rent-motorbike-dalat
/nhatrang-enduro-tour-advanced,Мототуры по всему Вьетнаму,/ru,/ru,internal,200,/ru
/nhatrang-enduro-tour-advanced,Аренда Dirt байков и эндуро туры в Муйне,/ru/muine,/ru/muine,internal,200,/ru/muine
/nhatrang-enduro-tour-advanced,Аренда эндуро мотоциклов и мото туры в Далате,/ru/dalat,/ru/dalat,internal,200,/ru/dalat
/nhatrang-enduro-tour-advanced,Эндуро туры в Нячанге,/ru/nhatrang,/ru/nhatrang,internal,200,/ru/nhatrang
/nhatrang-enduro-tour-advanced,https://t.me/mototourvietnam,https://t.me/mototourvietnam,https://t.me/mototourvietnam,external,,
/nhatrang-enduro-tour-advanced,https://www.instagram.com/enduro.vietnam,https://www.instagram.com/enduro.vietnam,https://www.instagram.com/enduro.vietnam,external,,
/nhatrang-enduro-tour-advanced,https://wa.me/79994564498,https://wa.me/79994564498,https://wa.me/79994564498,external,,
/nhatrang-enduro-tour-advanced,https://t.me/mototourvietnam,https://t.me/mototourvietnam,https://t.me/mototourvietnam,external,,
/nhatrang-enduro-tour-advanced,Creatium,https://creatium.app,https://creatium.app,external,,
/nhatrang-enduro-tour-one-day,/,/,/,internal,200,/
/nhatrang-enduro-tour-one-day,All tours,/all-tours,/all-tours,internal,200,/all-tours
/nhatrang-enduro-tour-one-day,https://t.me/mototourvietnam,https://t.me/mototourvietnam,https://t.me/mototourvietnam,external,,
/nhatrang-enduro-tour-one-day,https://www.instagram.com/enduro.vietnam,https://www.instagram.com/enduro.vietnam,https://www.instagram.com/enduro.vietnam,external,,
/nhatrang-enduro-tour-one-day,https://wa.me/79994564498,https://wa.me/79994564498,https://wa.me/79994564498,external,,
/nhatrang-enduro-tour-one-day,/,/,/,internal,200,/
/nhatrang-enduro-tour-one-day,Type: Mini-band,http://,http://,external,,
/nhatrang-enduro-tour-one-day,Group size: 2 people,http://,http://,external,,
/nhatrang-enduro-tour-one-day,Duration: 2.5 hours,http://,http://,external,,
/nhatrang-enduro-tour-one-day,"Booking confirmation: record at least 2 days in advance. The organizer will confirm the booking for the date you have chosen, after which you will make a 30% prepayment.",http://,http://,external,,
/nhatrang-enduro-tour-one-day,Solo Tour  $120,http://,http://,external,,
/nhatrang-enduro-tour-one-day,There is an extended tour,http://,http://,external,,
/nhatrang-enduro-tour-one-day,To book,https://t.me/mototourvietnam,https://t.me/mototourvietnam,external,,
/nhatrang-enduro-tour-one-day,https://t.me/mototourvietnam,https://t.me/mototourvietnam,https://t.me/mototourvietnam,external,,
/nhatrang-enduro-tour-one-day,https://www.instagram.com/enduro.vietnam,https://www.instagram.com/enduro.vietnam,https://www.instagram.com/enduro.vietnam,external,,
/nhatrang-enduro-tour-one-day,https://wa.me/79994564498,https://wa.me/79994564498,https://wa.me/79994564498,external,,
/nhatrang-enduro-tour-one-day,Enduro Vietnam,/,/,internal,200,/
/nhatrang-enduro-tour-one-day,To book,https://t.me/mototourvietnam,https://t.me/mototourvietnam,external,,
/nhatrang-enduro-tour-one-day,To book,https://t.me/mototourvietnam,https://t.me/mototourvietnam,external,,
/nhatrang-enduro-tour-one-day,https://t.me/mototourvietnam,https://t.me/mototourvietnam,https://t.me/mototourvietnam,external,,
/nhatrang-enduro-tour-one-day,https://www.instagram.com/enduro.vietnam,https://www.instagram.com/enduro.vietnam,https://www.instagram.com/enduro.vietnam,external,,
/nhatrang-enduro-tour-one-day,https://wa.me/79994564498,https://wa.me/79994564498,https://wa.me/79994564498,external,,
/nhatrang-enduro-tour-one-day,Enduro Vietnam,/,/,internal,200,/
/nhatrang-enduro-tour-one-day,To book,https://t.me/mototourvietnam,https://t.me/mototourvietnam,external,,
/nhatrang-enduro-tour-one-day,Watch more tours,https://enduro-vietnam.com/all-tours/,/all-tours,internal,200,/all-tours
/nhatrang-enduro-tour-one-day,TO BOOK,https://t.me/mototourvietnam,https://t.me/mototourvietnam,external,,
/nhatrang-enduro-tour-one-day,READ MORE,https://enduro-vietnam.com/all-tours/dalat-enduro-tour-one-day,/all-tours/dalat-enduro-tour-one-day,internal,200,/all-tours/dalat-enduro-tour-one-day
/nhatrang-enduro-tour-one-day,TO BOOK,https://t.me/mototourvietnam,https://t.me/mototourvietnam,external,,
/nhatrang-enduro-tour-one-day,READ MORE,https://enduro-vietnam.com/all-tours/dalat-enduro-tour-advanced,/all-tours/dalat-enduro-tour-advanced,internal,200,/all-tours/dalat-enduro-tour-advanced
/nhatrang-enduro-tour-one-day,TO BOOK,https://t.me/mototourvietnam,https://t.me/mototourvietnam,external,,
/nhatrang-enduro-tour-one-day,READ MORE,https://enduro-vietnam.com/all-tours/dalat-enduro-tour-two-day,/all-tours/dalat-enduro-tour-two-day,internal,200,/all-tours/dalat-enduro-tour-two-day
/nhatrang-enduro-tour-one-day,TO BOOK,https://t.me/mototourvietnam,https://t.me/mototourvietnam,external,,
/nhatrang-enduro-tour-one-day,READ MORE,https://enduro-vietnam.com/all-tours/three-day-tour-dalat-nhatrang,/all-tours/three-day-tour-dalat-nhatrang,internal,200,/all-tours/three-day-tour-dalat-nhatrang
/nhatrang-enduro-tour-one-day,TO BOOK,https://t.me/mototourvietnam,https://t.me/mototourvietnam,external,,
/nhatrang-enduro-tour-one-day,READ MORE,https://enduro-vietnam.com/all-tours/three-day-tour-dalat-muine,/all-tours/three-day-tour-dalat-muine,internal,200,/all-tours/three-day-tour-dalat-muine
/nhatrang-enduro-tour-one-day,TO BOOK,https://t.me/mototourvietnam,https://t.me/mototourvietnam,external,,
/nhatrang-enduro-tour-one-day,READ MORE,https://enduro-vietnam.com/all-tours/dalat-easy-rider-enduro-beginners,/all-tours/dalat-easy-rider-enduro-beginners,internal,200,/all-tours/dalat-easy-rider-enduro-beginners
/nhatrang-enduro-tour-one-day,TO BOOK,https://t.me/mototourvietnam,https://t.me/mototourvietnam,external,,
/nhatrang-enduro-tour-one-day,READ MORE,https://enduro-vietnam.com/all-tours/nhatrang-enduro-tour-one-day,/all-tours/nhatrang-enduro-tour-one-day,internal,200,/all-tours/nhatrang-enduro-tour-one-day
/nhatrang-enduro-tour-one-day,TO BOOK,https://t.me/mototourvietnam,https://t.me/mototourvietnam,external,,
/nhatrang-enduro-tour-one-day,READ MORE,https://enduro-vietnam.com/all-tours/nhatrang-enduro-tour-advanced,/all-tours/nhatrang-enduro-tour-advanced,internal,200,/all-tours/nhatrang-enduro-tour-advanced
/nhatrang-enduro-tour-one-day,TO BOOK,https://t.me/mototourvietnam,https://t.me/mototourvietnam,external,,
/nhatrang-enduro-tour-one-day,READ MORE,https://enduro-vietnam.com/all-tours/motorbike-tour-south-vietnam-4-days,/all-tours/motorbike-tour-south-vietnam-4-days,internal,200,/all-tours/motorbike-tour-south-vietnam-4-days
/nhatrang-enduro-tour-one-day,To book,https://t.me/mototourvietnam,https://t.me/mototourvietnam,external,,
/nhatrang-enduro-tour-one-day,Watch more tours,https://enduro-vietnam.com/all-tours/,/all-tours,internal,200,/all-tours
/nhatrang-enduro-tour-one-day,TO BOOK,https://t.me/mototourvietnam,https://t.me/mototourvietnam,external,,
/nhatrang-enduro-tour-one-day,READ MORE,https://enduro-vietnam.com/all-tours/dalat-enduro-tour-one-day,/all-tours/dalat-enduro-tour-one-day,internal,200,/all-tours/dalat-enduro-tour-one-day
/nhatrang-enduro-tour-one-day,TO BOOK,https://t.me/mototourvietnam,https://t.me/mototourvietnam,external,,
/nhatrang-enduro-tour-one-day,READ MORE,https://enduro-vietnam.com/all-tours/dalat-enduro-tour-advanced,/all-tours/dalat-enduro-tour-advanced,internal,200,/all-tours/dalat-enduro-tour-advanced
/nhatrang-enduro-tour-one-day,TO BOOK,https://t.me/mototourvietnam,https://t.me/mototourvietnam,external,,
/nhatrang-enduro-tour-one-day,READ MORE,https://enduro-vietnam.com/all-tours/dalat-enduro-tour-two-day,/all-tours/dalat-enduro-tour-two-day,internal,200,/all-tours/dalat-enduro-tour-two-day
/nhatrang-enduro-tour-one-day,TO BOOK,https://t.me/mototourvietnam,https://t.me/mototourvietnam,external,,
/nhatrang-enduro-tour-one-day,READ MORE,https://enduro-vietnam.com/all-tours/three-day-tour-dalat-nhatrang,/all-tours/three-day-tour-dalat-nhatrang,internal,200,/all-tours/three-day-tour-dalat-nhatrang
/nhatrang-enduro-tour-one-day,TO BOOK,https://t.me/mototourvietnam,https://t.me/mototourvietnam,external,,
/nhatrang-enduro-tour-one-day,READ MORE,https://enduro-vietnam.com/all-tours/three-day-tour-dalat-muine,/all-tours/three-day-tour-dalat-muine,internal,200,/all-tours/three-day-tour-dalat-muine
/nhatrang-enduro-tour-one-day,TO BOOK,https://t.me/mototourvietnam,https://t.me/mototourvietnam,external,,
/nhatrang-enduro-tour-one-day,READ MORE,https://enduro-vietnam.com/all-tours/dalat-easy-rider-enduro-beginners,/all-tours/dalat-easy-rider-enduro-beginners,internal,200,/all-tours/dalat-easy-rider-enduro-beginners
/nhatrang-enduro-tour-one-day,TO BOOK,https://t.me/mototourvietnam,https://t.me/mototourvietnam,external,,
/nhatrang-enduro-tour-one-day,READ MORE,https://enduro-vietnam.com/all-tours/nhatrang-enduro-tour-one-day,/all-tours/nhatrang-enduro-tour-one-day,internal,200,/all-tours/nhatrang-enduro-tour-one-day
/nhatrang-enduro-tour-one-day,TO BOOK,https://t.me/mototourvietnam,https://t.me/mototourvietnam,external,,
/nhatrang-enduro-tour-one-day,READ MORE,https://enduro-vietnam.com/all-tours/nhatrang-enduro-tour-advanced,/all-tours/nhatrang-enduro-tour-advanced,internal,200,/all-tours/nhatrang-enduro-tour-advanced
/nhatrang-enduro-tour-one-day,TO BOOK,https://t.me/mototourvietnam,https://t.me/mototourvietnam,external,,
/nhatrang-enduro-tour-one-day,READ MORE,https://enduro-vietnam.com/all-tours/motorbike-tour-south-vietnam-4-days,/all-tours/motorbike-tour-south-vietnam-4-days,internal,200,/all-tours/motorbike-tour-south-vietnam-4-days
/nhatrang-enduro-tour-one-day,TO BOOK,https://t.me/mototourvietnam,https://t.me/mototourvietnam,external,,
/nhatrang-enduro-tour-one-day,READ MORE,https://enduro-vietnam.com/all-tours/5-day-motorbike-tour-from-saigon-ho-chi-minh-city,/all-tours/5-day-motorbike-tour-from-saigon-ho-chi-minh-city,internal,200,/all-tours/5-day-motorbike-tour-from-saigon-ho-chi-minh-city
/nhatrang-enduro-tour-one-day,TO BOOK,https://t.me/mototourvietnam,https://t.me/mototourvietnam,external,,
/nhatrang-enduro-tour-one-day,READ MORE,https://enduro-vietnam.com/all-tours/mekong-delta-and-coastline-vietnam-motorbike-tour-6-days,/all-tours/mekong-delta-and-coastline-vietnam-motorbike-tour-6-days,internal,200,/all-tours/mekong-delta-and-coastline-vietnam-motorbike-tour-6-days
/nhatrang-enduro-tour-one-day,TO BOOK,https://t.me/mototourvietnam,https://t.me/mototourvietnam,external,,
/nhatrang-enduro-tour-one-day,READ MORE,https://enduro-vietnam.com/all-tours/motorcycle-tour-on-coastline-and-highlands-vietnam-7-days,/all-tours/motorcycle-tour-on-coastline-and-highlands-vietnam-7-days,internal,200,/all-tours/motorcycle-tour-on-coastline-and-highlands-vietnam-7-days
/nhatrang-enduro-tour-one-day,TO BOOK,https://t.me/mototourvietnam,https://t.me/mototourvietnam,external,,
/nhatrang-enduro-tour-one-day,READ MORE,https://enduro-vietnam.com/all-tours/saigon-motorbike-tour-10-days,/all-tours/saigon-motorbike-tour-10-days,internal,200,/all-tours/saigon-motorbike-tour-10-days
/nhatrang-enduro-tour-one-day,TO BOOK,https://t.me/mototourvietnam,https://t.me/mototourvietnam,external,,
/nhatrang-enduro-tour-one-day,READ MORE,https://enduro-vietnam.com/all-tours/south-vietnam-motorbike-tour-7-days,/all-tours/south-vietnam-motorbike-tour-7-days,internal,200,/all-tours/south-vietnam-motorbike-tour-7-days
/nhatrang-enduro-tour-one-day,Главная страница,/ru,/ru,internal,200,/ru
/nhatrang-enduro-tour-one-day,Эндуро туры в Далате,/ru/dalat,/ru/dalat,internal,200,/ru/dalat
/nhatrang-enduro-tour-one-day,Эндуро туры в Нячанге,/ru/nhatrang,/ru/nhatrang,internal,200,/ru/nhatrang
/nhatrang-enduro-tour-one-day,Эндуро туры в Дананге,/ru/danang,/ru/danang,internal,200,/ru/danang
/nhatrang-enduro-tour-one-day,Эндуро туры в Муйне,/ru/muine,/ru/muine,internal,200,/ru/muine
/nhatrang-enduro-tour-one-day,Все туры,/ru/all-tours,/ru/all-tours,internal,200,/ru/all-tours
/nhatrang-enduro-tour-one-day,Аренда скутеров Далат,ru/rent-motorbike-dalat,/ru/rent-motorbike-dalat,internal,200,/ru/rent-motorbike-dalat
/nhatrang-enduro-tour-one-day,Аренда скутеров Нячанг,ru/rent-scooter-nhatrang,/ru/rent-scooter-nhatrang,internal,200,/ru/rent-scooter-nhatrang
/nhatrang-enduro-tour-one-day,/aboutourclinic,/aboutourclinic,,unavailable,404,/aboutourclinic
/nhatrang-enduro-tour-one-day,Enduro tours in Vietnam,/,/,internal,200,/
/nhatrang-enduro-tour-one-day,Dalat,/dalat,/dalat,internal,200,/dalat
/nhatrang-enduro-tour-one-day,Nha Trang,/nhatrang,/nhatrang,internal,200,/nhatrang
/nhatrang-enduro-tour-one-day,Danang,/danang,/danang,internal,200,/danang
/nhatrang-enduro-tour-one-day,Muine,/muine,/muine,internal,200,/muine
/nhatrang-enduro-tour-one-day,All tours,/all-tours,/all-tours,internal,200,/all-tours
/nhatrang-enduro-tour-one-day,Scooter rental in Dalat,/rent-motorbike-dalat,/rent-motorbike-dalat,internal,200,/rent-motorbike-dalat
/nhatrang-enduro-tour-one-day,Scooter rental in Nha Trang,/rent-scooter-nhatrang,/rent-scooter-nhatrang,internal,200,/rent-scooter-nhatrang
/nhatrang-enduro-tour-one-day,Vietnam,https://maps.app.goo.gl/hvewF4aRPsdtciud6,https://maps.app.goo.gl/hvewF4aRPsdtciud6,external,,
/nhatrang-enduro-tour-one-day,https://t.me/mototourvietnam,https://t.me/mototourvietnam,https://t.me/mototourvietnam,external,,
/nhatrang-enduro-tour-one-day,https://www.instagram.com/enduro.vietnam,https://www.instagram.com/enduro.vietnam,https://www.instagram.com/enduro.vietnam,external,,
/nhatrang-enduro-tour-one-day,https://wa.me/79994564498,https://wa.me/79994564498,https://wa.me/79994564498,external,,
/nhatrang-enduro-tour-one-day,Enduro tours in Vietnam,/,/,internal,200,/
/nhatrang-enduro-tour-one-day,Dalat,/dalat,/dalat,internal,200,/dalat
/nhatrang-enduro-tour-one-day,Nha Trang,/nhatrang,/nhatrang,internal,200,/nhatrang
/nhatrang-enduro-tour-one-day,Danang,/danang,/danang,internal,200,/danang
/nhatrang-enduro-tour-one-day,All tours,/all-tours,/all-tours,internal,200,/all-tours
/nhatrang-enduro-tour-one-day,Scooter rental in Dalat,/rent-motorbike-dalat,/rent-motorbike-dalat,internal,200,/rent-motorbike-dalat
/nhatrang-enduro-tour-one-day,Мототуры по всему Вьетнаму,/ru,/ru,internal,200,/ru
/nhatrang-enduro-tour-one-day,Аренда Dirt байков и эндуро туры в Муйне,/ru/muine,/ru/muine,internal,200,/ru/muine
/nhatrang-enduro-tour-one-day,Аренда эндуро мотоциклов и мото туры в Далате,/ru/dalat,/ru/dalat,internal,200,/ru/dalat
/nhatrang-enduro-tour-one-day,Эндуро туры в Нячанге,/ru/nhatrang,/ru/nhatrang,internal,200,/ru/nhatrang
/nhatrang-enduro-tour-one-day,https://t.me/mototourvietnam,https://t.me/mototourvietnam,https://t.me/mototourvietnam,external,,
/nhatrang-enduro-tour-one-day,https://www.instagram.com/enduro.vietnam,https://www.instagram.com/enduro.vietnam,https://www.instagram.com/enduro.vietnam,external,,
/nhatrang-enduro-tour-one-day,https://wa.me/79994564498,https://wa.me/79994564498,https://wa.me/79994564498,external,,
/nhatrang-enduro-tour-one-day,https://t.me/mototourvietnam,https://t.me/mototourvietnam,https://t.me/mototourvietnam,external,,
/nhatrang-enduro-tour-one-day,Creatium,https://creatium.app,https://creatium.app,external,,
/three-day-tour-dalat-nhatrang,/,/,/,internal,200,/
/three-day-tour-dalat-nhatrang,All tours,/all-tours,/all-tours,internal,200,/all-tours
/three-day-tour-dalat-nhatrang,https://t.me/mototourvietnam,https://t.me/mototourvietnam,https://t.me/mototourvietnam,external,,
/three-day-tour-dalat-nhatrang,https://www.instagram.com/enduro.vietnam,https://www.instagram.com/enduro.vietnam,https://www.instagram.com/enduro.vietnam,external,,
/three-day-tour-dalat-nhatrang,https://wa.me/79994564498,https://wa.me/79994564498,https://wa.me/79994564498,external,,
/three-day-tour-dalat-nhatrang,/,/,/,internal,200,/
/three-day-tour-dalat-nhatrang,Type: Mini-band,http://,http://,external,,
/three-day-tour-dalat-nhatrang,Group size: 4 people,http://,http://,external,,
/three-day-tour-dalat-nhatrang,Duration: 3 days,http://,http://,external,,
/three-day-tour-dalat-nhatrang,"Booking confirmation: record at least 2 days in advance. The organizer will confirm the booking for the date you have chosen, after which you will make a 30% prepayment.",http://,http://,external,,
/three-day-tour-dalat-nhatrang,Solo Tour  $1000,http://,http://,external,,
/three-day-tour-dalat-nhatrang,There is an extended tour,http://,http://,external,,
/three-day-tour-dalat-nhatrang,To book,https://t.me/mototourvietnam,https://t.me/mototourvietnam,external,,
/three-day-tour-dalat-nhatrang,https://t.me/mototourvietnam,https://t.me/mototourvietnam,https://t.me/mototourvietnam,external,,
/three-day-tour-dalat-nhatrang,https://www.instagram.com/enduro.vietnam,https://www.instagram.com/enduro.vietnam,https://www.instagram.com/enduro.vietnam,external,,
/three-day-tour-dalat-nhatrang,https://wa.me/79994564498,https://wa.me/79994564498,https://wa.me/79994564498,external,,
/three-day-tour-dalat-nhatrang,Enduro Vietnam,/,/,internal,200,/
/three-day-tour-dalat-nhatrang,To book,https://t.me/mototourvietnam,https://t.me/mototourvietnam,external,,
/three-day-tour-dalat-nhatrang,To book,https://t.me/mototourvietnam,https://t.me/mototourvietnam,external,,
/three-day-tour-dalat-nhatrang,https://t.me/mototourvietnam,https://t.me/mototourvietnam,https://t.me/mototourvietnam,external,,
/three-day-tour-dalat-nhatrang,https://www.instagram.com/enduro.vietnam,https://www.instagram.com/enduro.vietnam,https://www.instagram.com/enduro.vietnam,external,,
/three-day-tour-dalat-nhatrang,https://wa.me/79994564498,https://wa.me/79994564498,https://wa.me/79994564498,external,,
/three-day-tour-dalat-nhatrang,Enduro Vietnam,/,/,internal,200,/
/three-day-tour-dalat-nhatrang,To book,https://t.me/mototourvietnam,https://t.me/mototourvietnam,external,,
/three-day-tour-dalat-nhatrang,Watch more tours,https://enduro-vietnam.com/all-tours/,/all-tours,internal,200,/all-tours
/three-day-tour-dalat-nhatrang,TO BOOK,https://t.me/mototourvietnam,https://t.me/mototourvietnam,external,,
/three-day-tour-dalat-nhatrang,READ MORE,https://enduro-vietnam.com/all-tours/dalat-enduro-tour-one-day,/all-tours/dalat-enduro-tour-one-day,internal,200,/all-tours/dalat-enduro-tour-one-day
/three-day-tour-dalat-nhatrang,TO BOOK,https://t.me/mototourvietnam,https://t.me/mototourvietnam,external,,
/three-day-tour-dalat-nhatrang,READ MORE,https://enduro-vietnam.com/all-tours/dalat-enduro-tour-advanced,/all-tours/dalat-enduro-tour-advanced,internal,200,/all-tours/dalat-enduro-tour-advanced
/three-day-tour-dalat-nhatrang,TO BOOK,https://t.me/mototourvietnam,https://t.me/mototourvietnam,external,,
/three-day-tour-dalat-nhatrang,READ MORE,https://enduro-vietnam.com/all-tours/dalat-enduro-tour-two-day,/all-tours/dalat-enduro-tour-two-day,internal,200,/all-tours/dalat-enduro-tour-two-day
/three-day-tour-dalat-nhatrang,TO BOOK,https://t.me/mototourvietnam,https://t.me/mototourvietnam,external,,
/three-day-tour-dalat-nhatrang,READ MORE,https://enduro-vietnam.com/all-tours/three-day-tour-dalat-nhatrang,/all-tours/three-day-tour-dalat-nhatrang,internal,200,/all-tours/three-day-tour-dalat-nhatrang
/three-day-tour-dalat-nhatrang,TO BOOK,https://t.me/mototourvietnam,https://t.me/mototourvietnam,external,,
/three-day-tour-dalat-nhatrang,READ MORE,https://enduro-vietnam.com/all-tours/three-day-tour-dalat-muine,/all-tours/three-day-tour-dalat-muine,internal,200,/all-tours/three-day-tour-dalat-muine
/three-day-tour-dalat-nhatrang,TO BOOK,https://t.me/mototourvietnam,https://t.me/mototourvietnam,external,,
/three-day-tour-dalat-nhatrang,READ MORE,https://enduro-vietnam.com/all-tours/dalat-easy-rider-enduro-beginners,/all-tours/dalat-easy-rider-enduro-beginners,internal,200,/all-tours/dalat-easy-rider-enduro-beginners
/three-day-tour-dalat-nhatrang,TO BOOK,https://t.me/mototourvietnam,https://t.me/mototourvietnam,external,,
/three-day-tour-dalat-nhatrang,READ MORE,https://enduro-vietnam.com/all-tours/nhatrang-enduro-tour-one-day,/all-tours/nhatrang-enduro-tour-one-day,internal,200,/all-tours/nhatrang-enduro-tour-one-day
/three-day-tour-dalat-nhatrang,TO BOOK,https://t.me/mototourvietnam,https://t.me/mototourvietnam,external,,
/three-day-tour-dalat-nhatrang,READ MORE,https://enduro-vietnam.com/all-tours/nhatrang-enduro-tour-advanced,/all-tours/nhatrang-enduro-tour-advanced,internal,200,/all-tours/nhatrang-enduro-tour-advanced
/three-day-tour-dalat-nhatrang,TO BOOK,https://t.me/mototourvietnam,https://t.me/mototourvietnam,external,,
/three-day-tour-dalat-nhatrang,READ MORE,https://enduro-vietnam.com/all-tours/motorbike-tour-south-vietnam-4-days,/all-tours/motorbike-tour-south-vietnam-4-days,internal,200,/all-tours/motorbike-tour-south-vietnam-4-days
/three-day-tour-dalat-nhatrang,To book,https://t.me/mototourvietnam,https://t.me/mototourvietnam,external,,
/three-day-tour-dalat-nhatrang,Watch more tours,https://enduro-vietnam.com/all-tours/,/all-tours,internal,200,/all-tours
/three-day-tour-dalat-nhatrang,TO BOOK,https://t.me/mototourvietnam,https://t.me/mototourvietnam,external,,
/three-day-tour-dalat-nhatrang,READ MORE,https://enduro-vietnam.com/all-tours/dalat-enduro-tour-one-day,/all-tours/dalat-enduro-tour-one-day,internal,200,/all-tours/dalat-enduro-tour-one-day
/three-day-tour-dalat-nhatrang,TO BOOK,https://t.me/mototourvietnam,https://t.me/mototourvietnam,external,,
/three-day-tour-dalat-nhatrang,READ MORE,https://enduro-vietnam.com/all-tours/dalat-enduro-tour-advanced,/all-tours/dalat-enduro-tour-advanced,internal,200,/all-tours/dalat-enduro-tour-advanced
/three-day-tour-dalat-nhatrang,TO BOOK,https://t.me/mototourvietnam,https://t.me/mototourvietnam,external,,
/three-day-tour-dalat-nhatrang,READ MORE,https://enduro-vietnam.com/all-tours/dalat-enduro-tour-two-day,/all-tours/dalat-enduro-tour-two-day,internal,200,/all-tours/dalat-enduro-tour-two-day
/three-day-tour-dalat-nhatrang,TO BOOK,https://t.me/mototourvietnam,https://t.me/mototourvietnam,external,,
/three-day-tour-dalat-nhatrang,READ MORE,https://enduro-vietnam.com/all-tours/three-day-tour-dalat-nhatrang,/all-tours/three-day-tour-dalat-nhatrang,internal,200,/all-tours/three-day-tour-dalat-nhatrang
/three-day-tour-dalat-nhatrang,TO BOOK,https://t.me/mototourvietnam,https://t.me/mototourvietnam,external,,
/three-day-tour-dalat-nhatrang,READ MORE,https://enduro-vietnam.com/all-tours/three-day-tour-dalat-muine,/all-tours/three-day-tour-dalat-muine,internal,200,/all-tours/three-day-tour-dalat-muine
/three-day-tour-dalat-nhatrang,TO BOOK,https://t.me/mototourvietnam,https://t.me/mototourvietnam,external,,
/three-day-tour-dalat-nhatrang,READ MORE,https://enduro-vietnam.com/all-tours/dalat-easy-rider-enduro-beginners,/all-tours/dalat-easy-rider-enduro-beginners,internal,200,/all-tours/dalat-easy-rider-enduro-beginners
/three-day-tour-dalat-nhatrang,TO BOOK,https://t.me/mototourvietnam,https://t.me/mototourvietnam,external,,
/three-day-tour-dalat-nhatrang,READ MORE,https://enduro-vietnam.com/all-tours/nhatrang-enduro-tour-one-day,/all-tours/nhatrang-enduro-tour-one-day,internal,200,/all-tours/nhatrang-enduro-tour-one-day
/three-day-tour-dalat-nhatrang,TO BOOK,https://t.me/mototourvietnam,https://t.me/mototourvietnam,external,,
/three-day-tour-dalat-nhatrang,READ MORE,https://enduro-vietnam.com/all-tours/nhatrang-enduro-tour-advanced,/all-tours/nhatrang-enduro-tour-advanced,internal,200,/all-tours/nhatrang-enduro-tour-advanced
/three-day-tour-dalat-nhatrang,TO BOOK,https://t.me/mototourvietnam,https://t.me/mototourvietnam,external,,
/three-day-tour-dalat-nhatrang,READ MORE,https://enduro-vietnam.com/all-tours/motorbike-tour-south-vietnam-4-days,/all-tours/motorbike-tour-south-vietnam-4-days,internal,200,/all-tours/motorbike-tour-south-vietnam-4-days
/three-day-tour-dalat-nhatrang,TO BOOK,https://t.me/mototourvietnam,https://t.me/mototourvietnam,external,,
/three-day-tour-dalat-nhatrang,READ MORE,https://enduro-vietnam.com/all-tours/5-day-motorbike-tour-from-saigon-ho-chi-minh-city,/all-tours/5-day-motorbike-tour-from-saigon-ho-chi-minh-city,internal,200,/all-tours/5-day-motorbike-tour-from-saigon-ho-chi-minh-city
/three-day-tour-dalat-nhatrang,TO BOOK,https://t.me/mototourvietnam,https://t.me/mototourvietnam,external,,
/three-day-tour-dalat-nhatrang,READ MORE,https://enduro-vietnam.com/all-tours/mekong-delta-and-coastline-vietnam-motorbike-tour-6-days,/all-tours/mekong-delta-and-coastline-vietnam-motorbike-tour-6-days,internal,200,/all-tours/mekong-delta-and-coastline-vietnam-motorbike-tour-6-days
/three-day-tour-dalat-nhatrang,TO BOOK,https://t.me/mototourvietnam,https://t.me/mototourvietnam,external,,
/three-day-tour-dalat-nhatrang,READ MORE,https://enduro-vietnam.com/all-tours/motorcycle-tour-on-coastline-and-highlands-vietnam-7-days,/all-tours/motorcycle-tour-on-coastline-and-highlands-vietnam-7-days,internal,200,/all-tours/motorcycle-tour-on-coastline-and-highlands-vietnam-7-days
/three-day-tour-dalat-nhatrang,TO BOOK,https://t.me/mototourvietnam,https://t.me/mototourvietnam,external,,
/three-day-tour-dalat-nhatrang,READ MORE,https://enduro-vietnam.com/all-tours/saigon-motorbike-tour-10-days,/all-tours/saigon-motorbike-tour-10-days,internal,200,/all-tours/saigon-motorbike-tour-10-days
/three-day-tour-dalat-nhatrang,TO BOOK,https://t.me/mototourvietnam,https://t.me/mototourvietnam,external,,
/three-day-tour-dalat-nhatrang,READ MORE,https://enduro-vietnam.com/all-tours/south-vietnam-motorbike-tour-7-days,/all-tours/south-vietnam-motorbike-tour-7-days,internal,200,/all-tours/south-vietnam-motorbike-tour-7-days
/three-day-tour-dalat-nhatrang,Главная страница,/ru,/ru,internal,200,/ru
/three-day-tour-dalat-nhatrang,Эндуро туры в Далате,/ru/dalat,/ru/dalat,internal,200,/ru/dalat
/three-day-tour-dalat-nhatrang,Эндуро туры в Нячанге,/ru/nhatrang,/ru/nhatrang,internal,200,/ru/nhatrang
/three-day-tour-dalat-nhatrang,Эндуро туры в Дананге,/ru/danang,/ru/danang,internal,200,/ru/danang
/three-day-tour-dalat-nhatrang,Эндуро туры в Муйне,/ru/muine,/ru/muine,internal,200,/ru/muine
/three-day-tour-dalat-nhatrang,Все туры,/ru/all-tours,/ru/all-tours,internal,200,/ru/all-tours
/three-day-tour-dalat-nhatrang,Аренда скутеров Далат,ru/rent-motorbike-dalat,/ru/rent-motorbike-dalat,internal,200,/ru/rent-motorbike-dalat
/three-day-tour-dalat-nhatrang,Аренда скутеров Нячанг,ru/rent-scooter-nhatrang,/ru/rent-scooter-nhatrang,internal,200,/ru/rent-scooter-nhatrang
/three-day-tour-dalat-nhatrang,/aboutourclinic,/aboutourclinic,,unavailable,404,/aboutourclinic
/three-day-tour-dalat-nhatrang,Enduro tours in Vietnam,/,/,internal,200,/
/three-day-tour-dalat-nhatrang,Dalat,/dalat,/dalat,internal,200,/dalat
/three-day-tour-dalat-nhatrang,Nha Trang,/nhatrang,/nhatrang,internal,200,/nhatrang
/three-day-tour-dalat-nhatrang,Danang,/danang,/danang,internal,200,/danang
/three-day-tour-dalat-nhatrang,Muine,/muine,/muine,internal,200,/muine
/three-day-tour-dalat-nhatrang,All tours,/all-tours,/all-tours,internal,200,/all-tours
/three-day-tour-dalat-nhatrang,Scooter rental in Dalat,/rent-motorbike-dalat,/rent-motorbike-dalat,internal,200,/rent-motorbike-dalat
/three-day-tour-dalat-nhatrang,Scooter rental in Nha Trang,/rent-scooter-nhatrang,/rent-scooter-nhatrang,internal,200,/rent-scooter-nhatrang
/three-day-tour-dalat-nhatrang,Vietnam,https://maps.app.goo.gl/hvewF4aRPsdtciud6,https://maps.app.goo.gl/hvewF4aRPsdtciud6,external,,
/three-day-tour-dalat-nhatrang,https://t.me/mototourvietnam,https://t.me/mototourvietnam,https://t.me/mototourvietnam,external,,
/three-day-tour-dalat-nhatrang,https://www.instagram.com/enduro.vietnam,https://www.instagram.com/enduro.vietnam,https://www.instagram.com/enduro.vietnam,external,,
/three-day-tour-dalat-nhatrang,https://wa.me/79994564498,https://wa.me/79994564498,https://wa.me/79994564498,external,,
/three-day-tour-dalat-nhatrang,Enduro tours in Vietnam,/,/,internal,200,/
/three-day-tour-dalat-nhatrang,Dalat,/dalat,/dalat,internal,200,/dalat
/three-day-tour-dalat-nhatrang,Nha Trang,/nhatrang,/nhatrang,internal,200,/nhatrang
/three-day-tour-dalat-nhatrang,Danang,/danang,/danang,internal,200,/danang
/three-day-tour-dalat-nhatrang,All tours,/all-tours,/all-tours,internal,200,/all-tours
/three-day-tour-dalat-nhatrang,Scooter rental in Dalat,/rent-motorbike-dalat,/rent-motorbike-dalat,internal,200,/rent-motorbike-dalat
/three-day-tour-dalat-nhatrang,Мототуры по всему Вьетнаму,/ru,/ru,internal,200,/ru
/three-day-tour-dalat-nhatrang,Аренда Dirt байков и эндуро туры в Муйне,/ru/muine,/ru/muine,internal,200,/ru/muine
/three-day-tour-dalat-nhatrang,Аренда эндуро мотоциклов и мото туры в Далате,/ru/dalat,/ru/dalat,internal,200,/ru/dalat
/three-day-tour-dalat-nhatrang,Эндуро туры в Нячанге,/ru/nhatrang,/ru/nhatrang,internal,200,/ru/nhatrang
/three-day-tour-dalat-nhatrang,https://t.me/mototourvietnam,https://t.me/mototourvietnam,https://t.me/mototourvietnam,external,,
/three-day-tour-dalat-nhatrang,https://www.instagram.com/enduro.vietnam,https://www.instagram.com/enduro.vietnam,https://www.instagram.com/enduro.vietnam,external,,
/three-day-tour-dalat-nhatrang,https://wa.me/79994564498,https://wa.me/79994564498,https://wa.me/79994564498,external,,
/three-day-tour-dalat-nhatrang,https://t.me/mototourvietnam,https://t.me/mototourvietnam,https://t.me/mototourvietnam,external,,
/three-day-tour-dalat-nhatrang,Creatium,https://creatium.app,https://creatium.app,external,,
